product_id,product_category,date,cost_price,selling_price,competitor_price,units_sold,inventory,promotion,season,day_of_week,customer_rating,demand,revenue,profit
P-0065,Grocery,2023-01-01 00:00:00.000000000,19.78,31.6,28.27,36,157,0,Winter,Sunday,4.06,36,1137.6,425.52
P-0041,Home,2023-01-01 03:30:16.923384676,86.77,164.36,149.54,29,101,1,Winter,Sunday,4.44,29,4766.44,2250.11
P-0068,Sports,2023-01-01 07:00:33.846769353,83.48,93.11,104.83,39,220,1,Winter,Sunday,3.69,39,3631.29,375.57
P-0005,Grocery,2023-01-01 10:30:50.770154030,21.59,32.4,32.17,46,114,0,Winter,Sunday,4.53,46,1490.4,497.26
P-0076,Electronics,2023-01-01 14:01:07.693538707,200.65,317.85,354.86,21,91,0,Winter,Sunday,4.4,21,6674.85,2461.2
P-0003,Sports,2023-01-01 17:31:24.616923384,85.65,146.11,132.62,27,182,0,Winter,Sunday,3.74,27,3944.97,1632.42
P-0020,Grocery,2023-01-01 21:01:41.540308061,22.66,33.46,33.94,27,27,0,Winter,Sunday,4.34,27,903.42,291.6
P-0073,Grocery,2023-01-02 00:31:58.463692738,24.87,34.67,35.36,54,107,0,Winter,Monday,4.59,54,1872.18,529.2
P-0035,Electronics,2023-01-02 04:02:15.387077415,263.52,321.58,340.11,16,65,0,Winter,Monday,4.14,16,5145.28,928.96
P-0021,Beauty,2023-01-02 07:32:32.310462092,53.49,74.68,73.47,25,106,0,Winter,Monday,3.73,25,1867.0,529.75
P-0089,Home,2023-01-02 11:02:49.233846769,112.93,134.27,146.78,31,124,0,Winter,Monday,4.18,31,4162.37,661.54
P-0061,Sports,2023-01-02 14:33:06.157231446,87.16,123.27,115.02,28,30,0,Winter,Monday,4.35,28,3451.56,1011.08
P-0029,Grocery,2023-01-02 18:03:23.080616123,18.37,24.56,24.61,36,226,0,Winter,Monday,3.73,36,884.16,222.84
P-0073,Grocery,2023-01-02 21:33:40.004000800,19.77,28.45,28.0,43,117,0,Winter,Monday,3.65,43,1223.35,373.24
P-0014,Beauty,2023-01-03 01:03:56.927385477,47.66,64.76,59.86,24,102,0,Winter,Tuesday,4.33,24,1554.24,410.4
P-0050,Home,2023-01-03 04:34:13.850770154,82.01,134.39,145.37,32,51,0,Winter,Tuesday,4.47,32,4300.48,1676.16
P-0019,Beauty,2023-01-03 08:04:30.774154830,54.21,65.88,71.45,31,258,0,Winter,Tuesday,5.0,31,2042.28,361.77
P-0066,Electronics,2023-01-03 11:34:47.697539507,230.65,330.52,336.92,11,224,0,Winter,Tuesday,4.4,11,3635.72,1098.57
P-0028,Grocery,2023-01-03 15:05:04.620924184,28.82,53.4,49.97,40,133,0,Winter,Tuesday,3.56,40,2136.0,983.2
P-0025,Grocery,2023-01-03 18:35:21.544308861,25.18,29.46,32.95,51,96,1,Winter,Tuesday,5.0,51,1502.46,218.28
P-0026,Grocery,2023-01-03 22:05:38.467693538,22.29,36.18,33.79,32,129,0,Winter,Tuesday,4.57,32,1157.76,444.48
P-0082,Home,2023-01-04 01:35:55.391078215,63.35,108.64,108.62,18,250,0,Winter,Wednesday,3.2,18,1955.52,815.22
P-0087,Sports,2023-01-04 05:06:12.314462892,80.9,127.78,125.91,25,69,0,Winter,Wednesday,3.64,25,3194.5,1172.0
P-0021,Sports,2023-01-04 08:36:29.237847569,80.33,111.41,109.71,23,182,0,Winter,Wednesday,3.88,23,2562.43,714.84
P-0016,Grocery,2023-01-04 12:06:46.161232246,24.7,36.52,40.87,57,236,0,Winter,Wednesday,4.48,57,2081.64,673.74
P-0060,Electronics,2023-01-04 15:37:03.084616923,280.77,428.78,456.18,18,200,0,Winter,Wednesday,3.03,18,7718.04,2664.18
P-0065,Beauty,2023-01-04 19:07:20.008001600,65.92,101.38,95.53,28,228,0,Winter,Wednesday,4.05,28,2838.64,992.88
P-0084,Electronics,2023-01-04 22:37:36.931386277,236.38,295.14,301.49,30,247,1,Winter,Wednesday,4.45,30,8854.2,1762.8
P-0083,Electronics,2023-01-05 02:07:53.854770954,177.67,226.1,222.86,25,29,1,Winter,Thursday,2.82,25,5652.5,1210.75
P-0080,Grocery,2023-01-05 05:38:10.778155631,22.03,41.55,37.54,35,73,0,Winter,Thursday,4.44,35,1454.25,683.2
P-0005,Grocery,2023-01-05 09:08:27.701540308,23.64,30.06,33.73,44,50,0,Winter,Thursday,4.49,44,1322.64,282.48
P-0006,Sports,2023-01-05 12:38:44.624924985,70.07,91.78,92.9,34,153,1,Winter,Thursday,3.72,34,3120.52,738.14
P-0019,Home,2023-01-05 16:09:01.548309661,102.61,152.29,157.53,20,114,0,Winter,Thursday,3.58,20,3045.8,993.6
P-0037,Home,2023-01-05 19:39:18.471694338,100.43,159.74,176.4,24,24,1,Winter,Thursday,3.71,24,3833.76,1423.44
P-0074,Beauty,2023-01-05 23:09:35.395079015,45.42,63.16,56.99,25,151,1,Winter,Thursday,2.9,25,1579.0,443.5
P-0086,Electronics,2023-01-06 02:39:52.318463692,250.21,355.98,320.49,14,39,0,Winter,Friday,3.95,14,4983.72,1480.78
P-0072,Electronics,2023-01-06 06:10:09.241848369,213.44,301.47,315.76,21,114,0,Winter,Friday,4.2,21,6330.87,1848.63
P-0086,Beauty,2023-01-06 09:40:26.165233046,39.78,71.43,64.51,20,104,0,Winter,Friday,3.55,20,1428.6,633.0
P-0038,Home,2023-01-06 13:10:43.088617723,94.22,126.56,142.45,30,233,1,Winter,Friday,4.54,30,3796.8,970.2
P-0064,Grocery,2023-01-06 16:41:00.012002400,25.08,48.78,43.73,37,182,0,Winter,Friday,4.15,37,1804.86,876.9
P-0014,Home,2023-01-06 20:11:16.935387077,109.79,151.18,139.9,13,167,0,Winter,Friday,4.22,13,1965.34,538.07
P-0011,Grocery,2023-01-06 23:41:33.858771754,22.7,30.38,32.62,35,218,0,Winter,Friday,3.92,35,1063.3,268.8
P-0083,Grocery,2023-01-07 03:11:50.782156431,27.18,40.17,39.23,48,59,1,Winter,Saturday,4.43,48,1928.16,623.52
P-0041,Home,2023-01-07 06:42:07.705541108,97.84,150.67,140.6,35,77,1,Winter,Saturday,4.68,35,5273.45,1849.05
P-0073,Grocery,2023-01-07 10:12:24.628925785,18.95,27.52,28.77,47,199,0,Winter,Saturday,3.92,47,1293.44,402.79
P-0097,Grocery,2023-01-07 13:42:41.552310462,18.57,30.19,31.29,48,198,0,Winter,Saturday,4.44,48,1449.12,557.76
P-0058,Home,2023-01-07 17:12:58.475695139,112.06,164.61,159.67,20,20,0,Winter,Saturday,4.45,20,3292.2,1051.0
P-0011,Home,2023-01-07 20:43:15.399079816,113.18,171.91,187.82,54,69,1,Winter,Saturday,4.29,54,9283.14,3171.42
P-0066,Grocery,2023-01-08 00:13:32.322464492,25.24,30.5,33.58,51,70,0,Winter,Sunday,4.85,51,1555.5,268.26
P-0081,Electronics,2023-01-08 03:43:49.245849169,260.26,381.24,405.59,16,16,0,Winter,Sunday,3.77,16,6099.84,1935.68
P-0028,Electronics,2023-01-08 07:14:06.169233846,245.5,378.22,357.52,26,177,1,Winter,Sunday,3.91,26,9833.72,3450.72
P-0042,Electronics,2023-01-08 10:44:23.092618523,232.97,348.76,360.3,19,28,0,Winter,Sunday,3.75,19,6626.44,2200.01
P-0063,Grocery,2023-01-08 14:14:40.016003200,20.5,26.89,26.84,48,221,0,Winter,Sunday,4.43,48,1290.72,306.72
P-0075,Grocery,2023-01-08 17:44:56.939387877,30.65,50.41,54.39,53,158,1,Winter,Sunday,3.98,53,2671.73,1047.28
P-0019,Grocery,2023-01-08 21:15:13.862772554,26.06,42.22,45.56,51,201,0,Winter,Sunday,3.79,51,2153.22,824.16
P-0006,Grocery,2023-01-09 00:45:30.786157231,22.52,39.78,38.39,43,136,1,Winter,Monday,4.85,43,1710.54,742.18
P-0064,Beauty,2023-01-09 04:15:47.709541908,49.12,77.48,85.52,33,252,0,Winter,Monday,4.91,33,2556.84,935.88
P-0002,Beauty,2023-01-09 07:46:04.632926585,57.26,79.26,76.19,27,81,0,Winter,Monday,3.95,27,2140.02,594.0
P-0046,Electronics,2023-01-09 11:16:21.556311262,153.85,229.34,234.94,8,151,0,Winter,Monday,3.48,8,1834.72,603.92
P-0031,Electronics,2023-01-09 14:46:38.479695939,233.51,346.4,332.72,16,16,0,Winter,Monday,4.94,16,5542.4,1806.24
P-0044,Grocery,2023-01-09 18:16:55.403080616,20.34,34.35,35.35,50,219,0,Winter,Monday,4.31,50,1717.5,700.5
P-0088,Beauty,2023-01-09 21:47:12.326465293,58.26,85.45,78.9,33,154,0,Winter,Monday,4.29,33,2819.85,897.27
P-0094,Beauty,2023-01-10 01:17:29.249849970,50.41,61.74,69.11,28,58,0,Winter,Tuesday,4.15,28,1728.72,317.24
P-0068,Grocery,2023-01-10 04:47:46.173234647,22.98,40.93,37.4,31,215,0,Winter,Tuesday,3.74,31,1268.83,556.45
P-0038,Grocery,2023-01-10 08:18:03.096619323,21.09,25.87,27.39,46,257,0,Winter,Tuesday,3.91,46,1190.02,219.88
P-0062,Beauty,2023-01-10 11:48:20.020004000,53.58,78.84,88.56,31,31,0,Winter,Tuesday,4.4,31,2444.04,783.06
P-0014,Beauty,2023-01-10 15:18:36.943388677,71.63,101.6,100.1,18,222,0,Winter,Tuesday,3.9,18,1828.8,539.46
P-0100,Home,2023-01-10 18:48:53.866773354,116.05,174.86,187.25,21,195,0,Winter,Tuesday,4.29,21,3672.06,1235.01
P-0088,Electronics,2023-01-10 22:19:10.790158031,221.91,380.18,383.94,20,101,0,Winter,Tuesday,4.11,20,7603.6,3165.4
P-0035,Home,2023-01-11 01:49:27.713542708,94.62,160.88,150.0,24,170,0,Winter,Wednesday,3.62,24,3861.12,1590.24
P-0003,Electronics,2023-01-11 05:19:44.636927385,238.37,348.65,325.85,16,207,0,Winter,Wednesday,4.83,16,5578.4,1764.48
P-0086,Home,2023-01-11 08:50:01.560312062,112.18,146.71,143.26,22,132,0,Winter,Wednesday,4.37,22,3227.62,759.66
P-0004,Sports,2023-01-11 12:20:18.483696739,69.38,98.57,88.43,16,178,0,Winter,Wednesday,4.25,16,1577.12,467.04
P-0011,Home,2023-01-11 15:50:35.407081416,93.82,120.8,121.86,26,26,1,Winter,Wednesday,4.35,26,3140.8,701.48
P-0001,Electronics,2023-01-11 19:20:52.330466093,148.78,207.62,233.42,22,241,0,Winter,Wednesday,3.29,22,4567.64,1294.48
P-0018,Home,2023-01-11 22:51:09.253850770,112.07,173.93,161.55,37,241,1,Winter,Wednesday,3.88,37,6435.41,2288.82
P-0092,Home,2023-01-12 02:21:26.177235447,126.39,163.19,174.89,16,66,0,Winter,Thursday,3.41,16,2611.04,588.8
P-0048,Grocery,2023-01-12 05:51:43.100620124,24.31,30.73,33.32,39,131,0,Winter,Thursday,4.16,39,1198.47,250.38
P-0017,Beauty,2023-01-12 09:22:00.024004801,36.3,57.67,64.31,23,73,0,Winter,Thursday,4.25,23,1326.41,491.51
P-0096,Grocery,2023-01-12 12:52:16.947389477,26.34,33.22,34.65,45,112,0,Winter,Thursday,4.16,45,1494.9,309.6
P-0042,Grocery,2023-01-12 16:22:33.870774154,20.53,27.89,29.1,41,82,0,Winter,Thursday,4.63,41,1143.49,301.76
P-0071,Home,2023-01-12 19:52:50.794158831,84.92,122.1,128.17,21,226,0,Winter,Thursday,3.43,21,2564.1,780.78
P-0055,Grocery,2023-01-12 23:23:07.717543508,26.41,33.76,33.02,39,185,0,Winter,Thursday,3.74,39,1316.64,286.65
P-0012,Electronics,2023-01-13 02:53:24.640928185,218.55,407.07,383.89,16,222,0,Winter,Friday,4.29,16,6513.12,3016.32
P-0072,Electronics,2023-01-13 06:23:41.564312862,193.6,279.08,252.55,15,209,0,Winter,Friday,4.22,15,4186.2,1282.2
P-0096,Electronics,2023-01-13 09:53:58.487697539,188.17,276.04,305.84,12,193,0,Winter,Friday,3.51,12,3312.48,1054.44
P-0098,Grocery,2023-01-13 13:24:15.411082216,24.48,35.79,39.07,47,55,0,Winter,Friday,4.64,47,1682.13,531.57
P-0077,Beauty,2023-01-13 16:54:32.334466893,51.4,89.0,87.12,48,218,1,Winter,Friday,4.79,48,4272.0,1804.8
P-0068,Electronics,2023-01-13 20:24:49.257851570,172.73,251.01,277.8,23,206,0,Winter,Friday,4.29,23,5773.23,1800.44
P-0074,Beauty,2023-01-13 23:55:06.181236247,52.07,84.42,87.12,18,45,0,Winter,Friday,3.42,18,1519.56,582.3
P-0097,Electronics,2023-01-14 03:25:23.104620924,221.41,337.87,328.06,13,36,0,Winter,Saturday,4.17,13,4392.31,1513.98
P-0056,Grocery,2023-01-14 06:55:40.028005601,23.32,37.8,35.42,48,201,0,Winter,Saturday,4.25,48,1814.4,695.04
P-0091,Beauty,2023-01-14 10:25:56.951390278,42.56,64.9,69.62,39,110,0,Winter,Saturday,3.98,39,2531.1,871.26
P-0040,Home,2023-01-14 13:56:13.874774955,110.03,178.87,171.94,37,95,1,Winter,Saturday,4.71,37,6618.19,2547.08
P-0032,Home,2023-01-14 17:26:30.798159632,53.37,84.59,81.73,30,112,0,Winter,Saturday,4.05,30,2537.7,936.6
P-0011,Grocery,2023-01-14 20:56:47.721544309,22.29,33.0,30.38,42,227,0,Winter,Saturday,5.0,42,1386.0,449.82
P-0047,Home,2023-01-15 00:27:04.644928985,85.57,113.79,119.11,36,104,0,Winter,Sunday,4.45,36,4096.44,1015.92
P-0062,Electronics,2023-01-15 03:57:21.568313662,214.98,329.78,311.11,16,105,0,Winter,Sunday,4.22,16,5276.48,1836.8
P-0041,Electronics,2023-01-15 07:27:38.491698339,228.87,304.63,287.26,13,112,0,Winter,Sunday,4.51,13,3960.19,984.88
P-0013,Sports,2023-01-15 10:57:55.415083016,94.42,130.96,139.7,28,28,1,Winter,Sunday,4.79,28,3666.88,1023.12
P-0045,Sports,2023-01-15 14:28:12.338467693,70.88,91.29,88.71,18,24,0,Winter,Sunday,4.5,18,1643.22,367.38
P-0059,Grocery,2023-01-15 17:58:29.261852370,26.25,42.69,40.97,48,116,0,Winter,Sunday,4.07,48,2049.12,789.12
P-0012,Home,2023-01-15 21:28:46.185237047,97.98,151.73,160.41,15,19,0,Winter,Sunday,3.8,15,2275.95,806.25
P-0054,Sports,2023-01-16 00:59:03.108621724,58.09,89.52,90.57,24,200,0,Winter,Monday,3.6,24,2148.48,754.32
P-0039,Grocery,2023-01-16 04:29:20.032006401,31.3,50.27,51.06,35,118,0,Winter,Monday,3.0,35,1759.45,663.95
P-0060,Grocery,2023-01-16 07:59:36.955391078,18.48,24.62,23.1,38,137,0,Winter,Monday,4.18,38,935.56,233.32
P-0001,Beauty,2023-01-16 11:29:53.878775755,58.69,66.26,75.28,28,97,0,Winter,Monday,3.93,28,1855.28,211.96
P-0083,Home,2023-01-16 15:00:10.802160432,100.93,164.98,164.94,12,202,0,Winter,Monday,3.95,12,1979.76,768.6
P-0040,Electronics,2023-01-16 18:30:27.725545109,219.26,342.8,370.9,15,119,0,Winter,Monday,4.56,15,5142.0,1853.1
P-0042,Sports,2023-01-16 22:00:44.648929786,73.67,125.44,121.17,18,23,0,Winter,Monday,4.05,18,2257.92,931.86
P-0012,Beauty,2023-01-17 01:31:01.572314463,62.28,104.91,100.56,34,134,0,Winter,Tuesday,4.95,34,3566.94,1449.42
P-0044,Electronics,2023-01-17 05:01:18.495699139,157.57,258.34,258.27,13,58,0,Winter,Tuesday,3.84,13,3358.42,1310.01
P-0040,Home,2023-01-17 08:31:35.419083816,94.0,157.31,155.74,32,160,1,Winter,Tuesday,3.66,32,5033.92,2025.92
P-0006,Beauty,2023-01-17 12:01:52.342468493,50.04,78.83,82.49,25,153,0,Winter,Tuesday,3.53,25,1970.75,719.75
P-0058,Electronics,2023-01-17 15:32:09.265853170,187.24,296.16,310.05,15,131,0,Winter,Tuesday,4.43,15,4442.4,1633.8
P-0029,Sports,2023-01-17 19:02:26.189237847,85.49,116.83,110.34,44,109,1,Winter,Tuesday,4.62,44,5140.52,1378.96
P-0036,Grocery,2023-01-17 22:32:43.112622524,28.14,32.95,36.15,40,161,0,Winter,Tuesday,3.83,40,1318.0,192.4
P-0009,Grocery,2023-01-18 02:03:00.036007201,22.68,34.99,32.85,43,181,1,Winter,Wednesday,3.62,43,1504.57,529.33
P-0065,Home,2023-01-18 05:33:16.959391878,106.87,170.72,164.6,18,230,0,Winter,Wednesday,4.79,18,3072.96,1149.3
P-0015,Grocery,2023-01-18 09:03:33.882776555,24.19,44.11,40.38,45,250,1,Winter,Wednesday,3.45,45,1984.95,896.4
P-0060,Beauty,2023-01-18 12:33:50.806161232,47.14,63.71,67.6,28,35,0,Winter,Wednesday,4.55,28,1783.88,463.96
P-0043,Grocery,2023-01-18 16:04:07.729545909,23.01,32.29,32.24,36,176,0,Winter,Wednesday,3.84,36,1162.44,334.08
P-0075,Electronics,2023-01-18 19:34:24.652930586,199.94,298.7,335.86,33,35,1,Winter,Wednesday,4.28,33,9857.1,3259.08
P-0041,Home,2023-01-18 23:04:41.576315263,84.41,128.68,117.09,24,117,0,Winter,Wednesday,4.58,24,3088.32,1062.48
P-0066,Electronics,2023-01-19 02:34:58.499699940,224.4,397.88,381.81,18,196,0,Winter,Thursday,4.31,18,7161.84,3122.64
P-0094,Beauty,2023-01-19 06:05:15.423084617,57.06,79.15,76.88,23,147,0,Winter,Thursday,3.97,23,1820.45,508.07
P-0026,Home,2023-01-19 09:35:32.346469294,70.82,108.26,102.53,23,212,0,Winter,Thursday,4.73,23,2489.98,861.12
P-0012,Electronics,2023-01-19 13:05:49.269853970,154.51,215.46,227.22,23,238,0,Winter,Thursday,4.23,23,4955.58,1401.85
P-0061,Electronics,2023-01-19 16:36:06.193238647,224.27,325.19,317.28,16,253,0,Winter,Thursday,5.0,16,5203.04,1614.72
P-0015,Beauty,2023-01-19 20:06:23.116623324,47.83,64.2,59.88,19,179,0,Winter,Thursday,3.33,19,1219.8,311.03
P-0022,Electronics,2023-01-19 23:36:40.040008001,220.15,273.84,303.7,27,179,1,Winter,Thursday,3.33,27,7393.68,1449.63
P-0076,Sports,2023-01-20 03:06:56.963392678,90.0,143.44,129.21,40,211,1,Winter,Friday,4.55,40,5737.6,2137.6
P-0069,Beauty,2023-01-20 06:37:13.886777355,43.82,68.19,62.33,40,72,1,Winter,Friday,4.09,40,2727.6,974.8
P-0003,Home,2023-01-20 10:07:30.810162032,73.54,137.45,123.7,25,88,0,Winter,Friday,4.46,25,3436.25,1597.75
P-0059,Beauty,2023-01-20 13:37:47.733546709,69.73,95.56,88.98,24,98,0,Winter,Friday,3.61,24,2293.44,619.92
P-0066,Electronics,2023-01-20 17:08:04.656931386,221.81,308.68,324.71,18,197,0,Winter,Friday,4.12,18,5556.24,1563.66
P-0033,Sports,2023-01-20 20:38:21.580316063,74.63,96.69,94.83,26,101,0,Winter,Friday,4.31,26,2513.94,573.56
P-0075,Beauty,2023-01-21 00:08:38.503700740,46.78,74.91,82.42,40,49,0,Winter,Saturday,3.86,40,2996.4,1125.2
P-0073,Grocery,2023-01-21 03:38:55.427085417,22.04,39.39,37.13,59,210,1,Winter,Saturday,4.2,59,2324.01,1023.65
P-0063,Electronics,2023-01-21 07:09:12.350470094,170.0,279.03,304.33,19,198,0,Winter,Saturday,3.49,19,5301.57,2071.57
P-0026,Beauty,2023-01-21 10:39:29.273854771,62.77,119.55,109.88,20,160,0,Winter,Saturday,4.28,20,2391.0,1135.6
P-0029,Beauty,2023-01-21 14:09:46.197239448,48.16,64.3,68.57,27,230,0,Winter,Saturday,4.75,27,1736.1,435.78
P-0055,Sports,2023-01-21 17:40:03.120624124,94.0,140.76,153.25,20,209,0,Winter,Saturday,3.54,20,2815.2,935.2
P-0011,Beauty,2023-01-21 21:10:20.044008801,51.47,65.5,73.02,36,235,0,Winter,Saturday,3.52,36,2358.0,505.08
P-0042,Beauty,2023-01-22 00:40:36.967393478,45.82,83.7,79.66,25,78,0,Winter,Sunday,4.64,25,2092.5,947.0
P-0100,Home,2023-01-22 04:10:53.890778155,88.52,120.81,130.65,32,43,1,Winter,Sunday,3.51,32,3865.92,1033.28
P-0065,Home,2023-01-22 07:41:10.814162832,55.11,74.45,80.28,35,98,0,Winter,Sunday,4.48,35,2605.75,676.9
P-0086,Beauty,2023-01-22 11:11:27.737547509,53.94,87.05,94.54,33,218,0,Winter,Sunday,4.12,33,2872.65,1092.63
P-0033,Home,2023-01-22 14:41:44.660932186,92.41,150.67,158.04,32,241,0,Winter,Sunday,3.91,32,4821.44,1864.32
P-0074,Electronics,2023-01-22 18:12:01.584316863,237.71,468.33,423.49,25,41,1,Winter,Sunday,4.76,25,11708.25,5765.5
P-0074,Grocery,2023-01-22 21:42:18.507701540,16.76,21.49,21.56,59,224,1,Winter,Sunday,4.52,59,1267.91,279.07
P-0019,Sports,2023-01-23 01:12:35.431086217,94.87,123.75,131.28,17,132,0,Winter,Monday,4.23,17,2103.75,490.96
P-0023,Electronics,2023-01-23 04:42:52.354470894,237.57,309.67,336.27,18,215,0,Winter,Monday,3.13,18,5574.06,1297.8
P-0044,Beauty,2023-01-23 08:13:09.277855571,66.02,86.62,97.93,28,182,0,Winter,Monday,4.42,28,2425.36,576.8
P-0064,Electronics,2023-01-23 11:43:26.201240248,208.23,304.28,314.47,29,29,1,Winter,Monday,3.62,29,8824.12,2785.45
P-0071,Grocery,2023-01-23 15:13:43.124624925,27.89,35.65,39.33,48,133,1,Winter,Monday,4.0,48,1711.2,372.48
P-0098,Home,2023-01-23 18:44:00.048009602,72.64,108.49,122.38,31,36,0,Winter,Monday,4.1,31,3363.19,1111.35
P-0011,Grocery,2023-01-23 22:14:16.971394279,26.74,33.21,36.71,45,98,0,Winter,Monday,4.95,45,1494.45,291.15
P-0065,Grocery,2023-01-24 01:44:33.894778955,21.04,32.86,34.36,41,200,0,Winter,Tuesday,3.99,41,1347.26,484.62
P-0096,Grocery,2023-01-24 05:14:50.818163632,17.66,32.18,30.35,37,182,0,Winter,Tuesday,3.46,37,1190.66,537.24
P-0017,Electronics,2023-01-24 08:45:07.741548309,172.23,244.15,272.47,26,187,0,Winter,Tuesday,4.76,26,6347.9,1869.92
P-0096,Sports,2023-01-24 12:15:24.664932986,80.07,120.64,115.68,25,176,0,Winter,Tuesday,4.43,25,3016.0,1014.25
P-0085,Home,2023-01-24 15:45:41.588317663,82.47,114.84,111.61,18,18,0,Winter,Tuesday,4.44,18,2067.12,582.66
P-0016,Electronics,2023-01-24 19:15:58.511702340,222.64,321.77,294.75,15,157,0,Winter,Tuesday,4.77,15,4826.55,1486.95
P-0022,Beauty,2023-01-24 22:46:15.435087017,39.09,59.94,64.86,33,133,0,Winter,Tuesday,4.88,33,1978.02,688.05
P-0020,Home,2023-01-25 02:16:32.358471694,62.67,101.18,94.51,24,144,0,Winter,Wednesday,3.7,24,2428.32,924.24
P-0010,Grocery,2023-01-25 05:46:49.281856371,29.27,40.6,37.33,40,67,0,Winter,Wednesday,3.47,40,1624.0,453.2
P-0037,Grocery,2023-01-25 09:17:06.205241048,27.47,54.83,49.2,32,187,0,Winter,Wednesday,4.48,32,1754.56,875.52
P-0045,Home,2023-01-25 12:47:23.128625725,79.05,137.48,128.0,20,163,0,Winter,Wednesday,3.98,20,2749.6,1168.6
P-0046,Sports,2023-01-25 16:17:40.052010402,79.96,124.7,137.08,25,113,0,Winter,Wednesday,4.02,25,3117.5,1118.5
P-0084,Home,2023-01-25 19:47:56.975395079,110.5,182.44,164.76,28,28,1,Winter,Wednesday,3.6,28,5108.32,2014.32
P-0045,Beauty,2023-01-25 23:18:13.898779756,58.69,112.08,104.2,26,31,0,Winter,Wednesday,4.36,26,2914.08,1388.14
P-0020,Home,2023-01-26 02:48:30.822164433,97.25,123.1,132.23,25,102,0,Winter,Thursday,4.28,25,3077.5,646.25
P-0069,Sports,2023-01-26 06:18:47.745549109,94.02,116.89,127.1,22,146,0,Winter,Thursday,4.03,22,2571.58,503.14
P-0065,Electronics,2023-01-26 09:49:04.668933786,185.45,356.41,322.62,8,259,0,Winter,Thursday,3.48,8,2851.28,1367.68
P-0048,Electronics,2023-01-26 13:19:21.592318463,211.05,336.97,367.32,25,192,0,Winter,Thursday,4.64,25,8424.25,3148.0
P-0065,Home,2023-01-26 16:49:38.515703140,94.73,154.01,144.41,24,133,0,Winter,Thursday,4.22,24,3696.24,1422.72
P-0019,Sports,2023-01-26 20:19:55.439087817,76.51,98.64,100.93,21,88,0,Winter,Thursday,4.6,21,2071.44,464.73
P-0078,Sports,2023-01-26 23:50:12.362472494,75.01,112.06,106.35,17,56,0,Winter,Thursday,3.15,17,1905.02,629.85
P-0027,Grocery,2023-01-27 03:20:29.285857171,24.28,36.46,40.42,42,49,1,Winter,Friday,4.13,42,1531.32,511.56
P-0005,Sports,2023-01-27 06:50:46.209241848,80.44,145.43,137.98,19,32,0,Winter,Friday,3.78,19,2763.17,1234.81
P-0042,Sports,2023-01-27 10:21:03.132626525,66.58,96.23,95.96,22,238,0,Winter,Friday,4.12,22,2117.06,652.3
P-0025,Beauty,2023-01-27 13:51:20.056011202,62.06,87.33,79.67,18,18,0,Winter,Friday,4.52,18,1571.94,454.86
P-0052,Home,2023-01-27 17:21:36.979395879,80.16,119.86,129.55,26,226,0,Winter,Friday,4.27,26,3116.36,1032.2
P-0047,Grocery,2023-01-27 20:51:53.902780556,23.16,34.77,38.37,64,157,1,Winter,Friday,4.11,64,2225.28,743.04
P-0093,Grocery,2023-01-28 00:22:10.826165233,22.87,31.45,33.92,43,166,0,Winter,Saturday,4.11,43,1352.35,368.94
P-0042,Home,2023-01-28 03:52:27.749549910,100.44,141.8,157.76,24,249,0,Winter,Saturday,3.4,24,3403.2,992.64
P-0010,Electronics,2023-01-28 07:22:44.672934587,138.8,277.56,248.88,9,207,0,Winter,Saturday,3.69,9,2498.04,1248.84
P-0052,Grocery,2023-01-28 10:53:01.596319264,27.42,34.53,37.97,38,51,0,Winter,Saturday,4.6,38,1312.14,270.18
P-0081,Home,2023-01-28 14:23:18.519703941,84.71,123.06,132.58,27,252,0,Winter,Saturday,3.87,27,3322.62,1035.45
P-0027,Sports,2023-01-28 17:53:35.443088618,95.62,162.93,151.66,16,58,0,Winter,Saturday,4.61,16,2606.88,1076.96
P-0032,Home,2023-01-28 21:23:52.366473294,87.73,127.88,136.16,53,154,1,Winter,Saturday,4.47,53,6777.64,2127.95
P-0019,Electronics,2023-01-29 00:54:09.289857971,208.36,336.05,360.05,19,171,0,Winter,Sunday,4.5,19,6384.95,2426.11
P-0073,Grocery,2023-01-29 04:24:26.213242648,31.35,51.67,49.62,34,74,0,Winter,Sunday,4.25,34,1756.78,690.88
P-0017,Electronics,2023-01-29 07:54:43.136627325,200.68,299.45,306.91,31,169,1,Winter,Sunday,3.9,31,9282.95,3061.87
P-0026,Electronics,2023-01-29 11:25:00.060012002,251.63,358.26,331.56,34,171,1,Winter,Sunday,4.03,34,12180.84,3625.42
P-0009,Beauty,2023-01-29 14:55:16.983396679,55.34,93.59,90.58,25,255,0,Winter,Sunday,4.39,25,2339.75,956.25
P-0039,Sports,2023-01-29 18:25:33.906781356,85.32,107.11,112.85,23,239,0,Winter,Sunday,3.14,23,2463.53,501.17
P-0087,Electronics,2023-01-29 21:55:50.830166033,212.35,274.85,268.54,36,112,1,Winter,Sunday,4.66,36,9894.6,2250.0
P-0045,Home,2023-01-30 01:26:07.753550710,107.89,178.26,163.85,14,184,0,Winter,Monday,3.87,14,2495.64,985.18
P-0012,Grocery,2023-01-30 04:56:24.676935387,21.37,32.35,33.44,40,216,0,Winter,Monday,4.06,40,1294.0,439.2
P-0076,Sports,2023-01-30 08:26:41.600320064,67.4,128.16,121.28,21,21,0,Winter,Monday,4.07,21,2691.36,1275.96
P-0036,Beauty,2023-01-30 11:56:58.523704741,49.38,79.43,81.07,36,182,1,Winter,Monday,4.08,36,2859.48,1081.8
P-0017,Electronics,2023-01-30 15:27:15.447089418,213.35,370.05,366.26,15,239,0,Winter,Monday,3.51,15,5550.75,2350.5
P-0002,Electronics,2023-01-30 18:57:32.370474095,202.58,308.19,291.82,15,44,0,Winter,Monday,4.17,15,4622.85,1584.15
P-0035,Home,2023-01-30 22:27:49.293858772,105.8,144.79,161.86,37,199,0,Winter,Monday,4.37,37,5357.23,1442.63
P-0016,Electronics,2023-01-31 01:58:06.217243448,253.84,448.42,453.32,14,29,0,Winter,Tuesday,3.18,14,6277.88,2724.12
P-0053,Grocery,2023-01-31 05:28:23.140628125,20.25,27.05,29.96,37,113,0,Winter,Tuesday,3.51,37,1000.85,251.6
P-0044,Electronics,2023-01-31 08:58:40.064012802,185.34,330.92,313.97,8,215,0,Winter,Tuesday,4.5,8,2647.36,1164.64
P-0066,Beauty,2023-01-31 12:28:56.987397479,42.36,66.89,65.2,24,256,0,Winter,Tuesday,4.42,24,1605.36,588.72
P-0028,Grocery,2023-01-31 15:59:13.910782156,31.8,41.86,43.67,43,193,0,Winter,Tuesday,4.23,43,1799.98,432.58
P-0008,Beauty,2023-01-31 19:29:30.834166833,57.68,81.31,90.51,35,191,1,Winter,Tuesday,3.79,35,2845.85,827.05
P-0012,Electronics,2023-01-31 22:59:47.757551510,226.12,341.43,309.77,15,78,0,Winter,Tuesday,4.42,15,5121.45,1729.65
P-0010,Grocery,2023-02-01 02:30:04.680936187,18.85,22.54,23.59,36,217,0,Winter,Wednesday,3.56,36,811.44,132.84
P-0027,Grocery,2023-02-01 06:00:21.604320864,24.0,31.33,33.11,46,176,0,Winter,Wednesday,4.04,46,1441.18,337.18
P-0072,Grocery,2023-02-01 09:30:38.527705541,25.96,31.84,35.21,50,246,0,Winter,Wednesday,3.51,50,1592.0,294.0
P-0055,Electronics,2023-02-01 13:00:55.451090218,201.51,298.44,293.0,25,162,0,Winter,Wednesday,4.03,25,7461.0,2423.25
P-0037,Electronics,2023-02-01 16:31:12.374474895,246.14,403.9,427.97,13,24,0,Winter,Wednesday,3.64,13,5250.7,2050.88
P-0024,Sports,2023-02-01 20:01:29.297859572,109.59,173.57,160.37,31,140,1,Winter,Wednesday,4.44,31,5380.67,1983.38
P-0017,Home,2023-02-01 23:31:46.221244249,80.6,144.28,138.22,31,204,0,Winter,Wednesday,4.29,31,4472.68,1974.08
P-0015,Home,2023-02-02 03:02:03.144628926,79.46,108.89,123.61,14,208,0,Winter,Thursday,3.84,14,1524.46,412.02
P-0027,Beauty,2023-02-02 06:32:20.068013603,47.28,60.23,59.3,28,109,0,Winter,Thursday,4.59,28,1686.44,362.6
P-0050,Grocery,2023-02-02 10:02:36.991398279,30.17,38.21,40.84,55,56,1,Winter,Thursday,3.67,55,2101.55,442.2
P-0060,Sports,2023-02-02 13:32:53.914782956,93.34,145.35,164.48,16,227,0,Winter,Thursday,4.08,16,2325.6,832.16
P-0095,Home,2023-02-02 17:03:10.838167633,92.94,151.27,147.06,31,216,1,Winter,Thursday,3.82,31,4689.37,1808.23
P-0096,Sports,2023-02-02 20:33:27.761552310,80.47,131.69,141.73,24,230,0,Winter,Thursday,4.43,24,3160.56,1229.28
P-0027,Electronics,2023-02-03 00:03:44.684936987,182.56,284.21,259.34,18,179,0,Winter,Friday,4.39,18,5115.78,1829.7
P-0074,Beauty,2023-02-03 03:34:01.608321664,62.83,105.12,103.3,32,218,0,Winter,Friday,4.69,32,3363.84,1353.28
P-0014,Grocery,2023-02-03 07:04:18.531706341,22.54,35.12,37.75,52,113,0,Winter,Friday,4.14,52,1826.24,654.16
P-0080,Electronics,2023-02-03 10:34:35.455091018,201.26,400.93,359.58,18,205,1,Winter,Friday,2.77,18,7216.74,3594.06
P-0093,Electronics,2023-02-03 14:04:52.378475695,230.46,293.62,290.38,13,134,0,Winter,Friday,3.91,13,3817.06,821.08
P-0061,Home,2023-02-03 17:35:09.301860372,92.14,150.31,163.43,24,209,0,Winter,Friday,4.8,24,3607.44,1396.08
P-0054,Sports,2023-02-03 21:05:26.225245049,76.99,113.29,112.82,21,50,0,Winter,Friday,3.95,21,2379.09,762.3
P-0038,Beauty,2023-02-04 00:35:43.148629726,55.09,104.64,94.25,25,87,0,Winter,Saturday,3.24,25,2616.0,1238.75
P-0089,Sports,2023-02-04 04:06:00.072014403,90.18,137.2,139.74,22,67,0,Winter,Saturday,4.3,22,3018.4,1034.44
P-0097,Grocery,2023-02-04 07:36:16.995399080,30.32,46.47,47.32,47,114,0,Winter,Saturday,4.34,47,2184.09,759.05
P-0071,Beauty,2023-02-04 11:06:33.918783757,60.15,86.27,87.08,34,214,1,Winter,Saturday,3.77,34,2933.18,888.08
P-0009,Grocery,2023-02-04 14:36:50.842168433,27.08,43.75,46.19,43,43,0,Winter,Saturday,3.99,43,1881.25,716.81
P-0088,Electronics,2023-02-04 18:07:07.765553110,203.28,260.6,283.62,15,193,0,Winter,Saturday,3.72,15,3909.0,859.8
P-0081,Electronics,2023-02-04 21:37:24.688937787,186.22,288.55,283.19,14,218,0,Winter,Saturday,4.34,14,4039.7,1432.62
P-0036,Grocery,2023-02-05 01:07:41.612322464,26.51,45.22,41.31,41,179,0,Winter,Sunday,4.13,41,1854.02,767.11
P-0026,Grocery,2023-02-05 04:37:58.535707141,24.66,43.21,40.9,34,173,0,Winter,Sunday,3.58,34,1469.14,630.7
P-0077,Home,2023-02-05 08:08:15.459091818,73.38,100.03,110.76,33,48,0,Winter,Sunday,4.1,33,3300.99,879.45
P-0061,Beauty,2023-02-05 11:38:32.382476495,52.11,82.62,84.63,26,165,0,Winter,Sunday,3.77,26,2148.12,793.26
P-0076,Beauty,2023-02-05 15:08:49.305861172,54.27,72.55,82.32,24,70,0,Winter,Sunday,4.76,24,1741.2,438.72
P-0099,Sports,2023-02-05 18:39:06.229245849,73.47,113.02,118.48,40,75,1,Winter,Sunday,4.5,40,4520.8,1582.0
P-0037,Beauty,2023-02-05 22:09:23.152630526,68.04,114.76,110.28,29,226,1,Winter,Sunday,4.04,29,3328.04,1354.88
P-0085,Home,2023-02-06 01:39:40.076015203,102.29,159.33,167.78,30,165,0,Winter,Monday,4.14,30,4779.9,1711.2
P-0047,Home,2023-02-06 05:09:56.999399880,115.87,213.44,197.31,36,258,1,Winter,Monday,4.56,36,7683.84,3512.52
P-0086,Home,2023-02-06 08:40:13.922784557,99.0,152.36,153.19,36,126,1,Winter,Monday,4.02,36,5484.96,1920.96
P-0025,Grocery,2023-02-06 12:10:30.846169234,24.31,34.31,32.97,63,102,1,Winter,Monday,4.44,63,2161.53,630.0
P-0083,Sports,2023-02-06 15:40:47.769553911,68.01,120.6,110.43,12,258,0,Winter,Monday,4.76,12,1447.2,631.08
P-0071,Beauty,2023-02-06 19:11:04.692938588,55.1,74.33,71.21,27,167,0,Winter,Monday,3.88,27,2006.91,519.21
P-0046,Home,2023-02-06 22:41:21.616323264,95.2,142.9,130.46,20,226,0,Winter,Monday,4.84,20,2858.0,954.0
P-0092,Home,2023-02-07 02:11:38.539707941,74.22,134.36,125.11,22,25,0,Winter,Tuesday,4.71,22,2955.92,1323.08
P-0040,Grocery,2023-02-07 05:41:55.463092618,21.93,33.19,32.66,28,143,0,Winter,Tuesday,4.21,28,929.32,315.28
P-0075,Grocery,2023-02-07 09:12:12.386477295,22.76,32.99,34.68,46,215,0,Winter,Tuesday,3.9,46,1517.54,470.58
P-0052,Electronics,2023-02-07 12:42:29.309861972,223.89,382.0,401.45,31,213,1,Winter,Tuesday,4.21,31,11842.0,4901.41
P-0015,Electronics,2023-02-07 16:12:46.233246649,225.5,339.06,311.04,35,190,1,Winter,Tuesday,3.99,35,11867.1,3974.6
P-0029,Beauty,2023-02-07 19:43:03.156631326,49.88,56.16,62.89,14,55,0,Winter,Tuesday,3.74,14,786.24,87.92
P-0081,Electronics,2023-02-07 23:13:20.080016003,225.75,327.38,296.02,25,148,1,Winter,Tuesday,4.34,25,8184.5,2540.75
P-0048,Grocery,2023-02-08 02:43:37.003400680,23.3,30.92,32.26,30,39,1,Winter,Wednesday,3.64,30,927.6,228.6
P-0086,Home,2023-02-08 06:13:53.926785357,51.38,89.6,84.74,18,211,0,Winter,Wednesday,3.95,18,1612.8,687.96
P-0013,Electronics,2023-02-08 09:44:10.850170034,193.71,311.54,324.79,38,169,1,Winter,Wednesday,3.95,38,11838.52,4477.54
P-0077,Sports,2023-02-08 13:14:27.773554711,93.81,162.37,146.44,16,62,0,Winter,Wednesday,3.49,16,2597.92,1096.96
P-0090,Electronics,2023-02-08 16:44:44.696939388,153.49,189.65,213.39,20,193,0,Winter,Wednesday,4.4,20,3793.0,723.2
P-0100,Home,2023-02-08 20:15:01.620324065,96.71,143.41,148.64,38,191,1,Winter,Wednesday,4.0,38,5449.58,1774.6
P-0074,Electronics,2023-02-08 23:45:18.543708742,263.26,360.45,331.24,16,27,0,Winter,Wednesday,4.68,16,5767.2,1555.04
P-0048,Electronics,2023-02-09 03:15:35.467093418,184.44,283.46,299.71,15,36,0,Winter,Thursday,3.99,15,4251.9,1485.3
P-0007,Electronics,2023-02-09 06:45:52.390478095,210.07,315.6,333.56,32,64,1,Winter,Thursday,3.92,32,10099.2,3376.96
P-0021,Electronics,2023-02-09 10:16:09.313862772,166.19,229.8,209.73,6,32,0,Winter,Thursday,3.69,6,1378.8,381.66
P-0066,Electronics,2023-02-09 13:46:26.237247449,264.67,485.45,449.77,15,146,0,Winter,Thursday,4.12,15,7281.75,3311.7
P-0089,Electronics,2023-02-09 17:16:43.160632126,207.2,313.26,346.0,27,230,0,Winter,Thursday,4.12,27,8458.02,2863.62
P-0076,Beauty,2023-02-09 20:47:00.084016803,55.41,80.17,78.66,27,30,0,Winter,Thursday,4.43,27,2164.59,668.52
P-0061,Grocery,2023-02-10 00:17:17.007401480,29.2,43.6,46.7,40,165,0,Winter,Friday,4.13,40,1744.0,576.0
P-0087,Home,2023-02-10 03:47:33.930786157,105.05,154.72,166.07,24,118,0,Winter,Friday,5.0,24,3713.28,1192.08
P-0031,Home,2023-02-10 07:17:50.854170834,81.69,111.56,108.55,41,219,1,Winter,Friday,4.31,41,4573.96,1224.67
P-0033,Beauty,2023-02-10 10:48:07.777555511,49.3,60.83,66.87,29,133,0,Winter,Friday,3.66,29,1764.07,334.37
P-0009,Sports,2023-02-10 14:18:24.700940188,86.34,139.35,140.37,26,178,0,Winter,Friday,3.62,26,3623.1,1378.26
P-0064,Sports,2023-02-10 17:48:41.624324865,72.01,119.55,126.99,36,240,0,Winter,Friday,4.34,36,4303.8,1711.44
P-0019,Electronics,2023-02-10 21:18:58.547709542,138.86,236.07,217.59,8,48,0,Winter,Friday,3.64,8,1888.56,777.68
P-0028,Electronics,2023-02-11 00:49:15.471094219,208.21,329.54,325.29,17,92,0,Winter,Saturday,4.37,17,5602.18,2062.61
P-0010,Home,2023-02-11 04:19:32.394478896,72.5,108.45,116.41,29,81,0,Winter,Saturday,4.5,29,3145.05,1042.55
P-0085,Home,2023-02-11 07:49:49.317863573,119.57,196.7,178.44,24,56,0,Winter,Saturday,4.51,24,4720.8,1851.12
P-0021,Beauty,2023-02-11 11:20:06.241248249,56.56,78.0,72.39,24,173,0,Winter,Saturday,3.71,24,1872.0,514.56
P-0088,Home,2023-02-11 14:50:23.164632926,81.24,112.55,119.27,16,16,0,Winter,Saturday,4.51,16,1800.8,500.96
P-0024,Electronics,2023-02-11 18:20:40.088017603,186.53,361.54,325.52,26,109,0,Winter,Saturday,4.25,26,9400.04,4550.26
P-0008,Home,2023-02-11 21:50:57.011402280,66.28,105.94,112.19,30,44,0,Winter,Saturday,3.83,30,3178.2,1189.8
P-0098,Beauty,2023-02-12 01:21:13.934786957,45.32,75.8,79.77,35,165,0,Winter,Sunday,4.03,35,2653.0,1066.8
P-0029,Electronics,2023-02-12 04:51:30.858171634,244.15,316.8,325.71,14,198,0,Winter,Sunday,4.31,14,4435.2,1017.1
P-0073,Grocery,2023-02-12 08:21:47.781556311,32.57,45.78,49.78,38,129,0,Winter,Sunday,3.8,38,1739.64,501.98
P-0011,Electronics,2023-02-12 11:52:04.704940988,234.41,384.94,368.4,27,124,1,Winter,Sunday,4.24,27,10393.38,4064.31
P-0019,Sports,2023-02-12 15:22:21.628325665,78.82,109.11,107.63,22,125,0,Winter,Sunday,4.75,22,2400.42,666.38
P-0040,Electronics,2023-02-12 18:52:38.551710342,195.49,291.15,265.97,24,63,0,Winter,Sunday,4.53,24,6987.6,2295.84
P-0076,Grocery,2023-02-12 22:22:55.475095019,20.33,32.04,34.16,47,107,0,Winter,Sunday,4.14,47,1505.88,550.37
P-0001,Sports,2023-02-13 01:53:12.398479696,106.37,158.64,172.27,22,243,0,Winter,Monday,4.21,22,3490.08,1149.94
P-0064,Sports,2023-02-13 05:23:29.321864373,77.58,120.36,124.59,24,25,0,Winter,Monday,3.86,24,2888.64,1026.72
P-0079,Grocery,2023-02-13 08:53:46.245249050,32.12,41.06,44.87,40,207,0,Winter,Monday,3.87,40,1642.4,357.6
P-0011,Grocery,2023-02-13 12:24:03.168633727,29.35,49.67,44.87,25,55,0,Winter,Monday,3.41,25,1241.75,508.0
P-0044,Grocery,2023-02-13 15:54:20.092018403,17.32,23.01,21.87,38,43,0,Winter,Monday,4.21,38,874.38,216.22
P-0095,Grocery,2023-02-13 19:24:37.015403080,21.44,30.34,28.33,37,84,0,Winter,Monday,4.41,37,1122.58,329.3
P-0054,Electronics,2023-02-13 22:54:53.938787757,187.52,304.99,287.85,34,80,1,Winter,Monday,4.07,34,10369.66,3993.98
P-0076,Beauty,2023-02-14 02:25:10.862172434,54.3,72.36,77.12,21,92,0,Winter,Tuesday,3.71,21,1519.56,379.26
P-0075,Beauty,2023-02-14 05:55:27.785557111,54.47,88.65,97.02,25,223,0,Winter,Tuesday,4.13,25,2216.25,854.5
P-0042,Sports,2023-02-14 09:25:44.708941788,118.35,175.6,178.63,43,236,1,Winter,Tuesday,4.7,43,7550.8,2461.75
P-0072,Beauty,2023-02-14 12:56:01.632326465,45.52,63.65,58.99,27,184,0,Winter,Tuesday,4.5,27,1718.55,489.51
P-0095,Home,2023-02-14 16:26:18.555711142,98.48,119.02,124.07,27,50,0,Winter,Tuesday,4.09,27,3213.54,554.58
P-0032,Grocery,2023-02-14 19:56:35.479095819,26.37,38.36,43.48,50,246,0,Winter,Tuesday,5.0,50,1918.0,599.5
P-0005,Home,2023-02-14 23:26:52.402480496,94.98,132.58,127.68,39,222,1,Winter,Tuesday,5.0,39,5170.62,1466.4
P-0079,Electronics,2023-02-15 02:57:09.325865173,213.7,268.38,289.2,14,33,0,Winter,Wednesday,3.88,14,3757.32,765.52
P-0032,Beauty,2023-02-15 06:27:26.249249850,45.81,68.64,67.94,30,109,1,Winter,Wednesday,3.99,30,2059.2,684.9
P-0065,Home,2023-02-15 09:57:43.172634527,96.62,119.11,134.81,31,204,0,Winter,Wednesday,4.41,31,3692.41,697.19
P-0016,Home,2023-02-15 13:28:00.096019204,102.77,163.66,163.31,29,36,0,Winter,Wednesday,3.69,29,4746.14,1765.81
P-0022,Home,2023-02-15 16:58:17.019403881,99.98,147.81,151.68,21,33,0,Winter,Wednesday,4.48,21,3104.01,1004.43
P-0076,Home,2023-02-15 20:28:33.942788558,103.67,148.35,135.94,16,163,0,Winter,Wednesday,4.15,16,2373.6,714.88
P-0003,Home,2023-02-15 23:58:50.866173234,116.47,206.29,195.86,23,97,0,Winter,Wednesday,4.27,23,4744.67,2065.86
P-0050,Home,2023-02-16 03:29:07.789557911,109.24,144.09,162.14,16,123,0,Winter,Thursday,3.84,16,2305.44,557.6
P-0076,Grocery,2023-02-16 06:59:24.712942588,24.27,41.16,38.49,39,198,0,Winter,Thursday,3.75,39,1605.24,658.71
P-0047,Home,2023-02-16 10:29:41.636327265,77.19,103.41,96.65,11,148,0,Winter,Thursday,3.21,11,1137.51,288.42
P-0017,Sports,2023-02-16 13:59:58.559711942,72.32,119.84,115.32,42,189,1,Winter,Thursday,4.77,42,5033.28,1995.84
P-0064,Sports,2023-02-16 17:30:15.483096619,77.19,119.68,108.5,22,45,0,Winter,Thursday,4.52,22,2632.96,934.78
P-0012,Beauty,2023-02-16 21:00:32.406481296,57.22,93.42,87.08,15,15,0,Winter,Thursday,4.4,15,1401.3,543.0
P-0059,Home,2023-02-17 00:30:49.329865973,87.73,115.66,124.03,28,76,0,Winter,Friday,4.26,28,3238.48,782.04
P-0043,Beauty,2023-02-17 04:01:06.253250650,46.77,81.7,84.09,19,64,0,Winter,Friday,3.06,19,1552.3,663.67
P-0055,Grocery,2023-02-17 07:31:23.176635327,19.44,25.81,26.77,38,94,0,Winter,Friday,3.76,38,980.78,242.06
P-0093,Grocery,2023-02-17 11:01:40.100020004,17.66,30.98,30.94,42,205,0,Winter,Friday,3.98,42,1301.16,559.44
P-0089,Grocery,2023-02-17 14:31:57.023404681,23.1,44.95,40.54,26,52,0,Winter,Friday,3.61,26,1168.7,568.1
P-0072,Beauty,2023-02-17 18:02:13.946789358,42.07,64.06,62.33,17,45,0,Winter,Friday,3.34,17,1089.02,373.83
P-0050,Grocery,2023-02-17 21:32:30.870174035,20.16,27.29,28.57,37,64,0,Winter,Friday,3.66,37,1009.73,263.81
P-0080,Home,2023-02-18 01:02:47.793558712,89.01,143.69,129.92,22,94,0,Winter,Saturday,4.12,22,3161.18,1202.96
P-0011,Grocery,2023-02-18 04:33:04.716943388,18.87,35.49,33.86,42,63,0,Winter,Saturday,4.12,42,1490.58,698.04
P-0027,Electronics,2023-02-18 08:03:21.640328065,222.76,334.37,354.26,17,60,0,Winter,Saturday,4.51,17,5684.29,1897.37
P-0047,Grocery,2023-02-18 11:33:38.563712742,26.84,45.65,41.59,49,157,0,Winter,Saturday,5.0,49,2236.85,921.69
P-0084,Sports,2023-02-18 15:03:55.487097419,72.97,89.19,92.65,25,42,0,Winter,Saturday,4.41,25,2229.75,405.5
P-0039,Electronics,2023-02-18 18:34:12.410482096,195.32,336.53,335.23,23,52,0,Winter,Saturday,4.02,23,7740.19,3247.83
P-0042,Beauty,2023-02-18 22:04:29.333866773,59.73,77.03,77.42,33,219,0,Winter,Saturday,4.91,33,2541.99,570.9
P-0096,Electronics,2023-02-19 01:34:46.257251450,186.01,261.45,237.32,14,19,0,Winter,Sunday,3.39,14,3660.3,1056.16
P-0098,Grocery,2023-02-19 05:05:03.180636127,20.99,27.76,29.41,30,30,1,Winter,Sunday,3.16,30,832.8,203.1
P-0004,Electronics,2023-02-19 08:35:20.104020804,250.2,363.09,378.22,26,32,1,Winter,Sunday,3.7,26,9440.34,2935.14
P-0057,Sports,2023-02-19 12:05:37.027405481,91.32,165.24,159.12,33,146,1,Winter,Sunday,4.47,33,5452.92,2439.36
P-0070,Electronics,2023-02-19 15:35:53.950790158,230.21,423.78,387.8,31,185,1,Winter,Sunday,4.18,31,13137.18,6000.67
P-0061,Sports,2023-02-19 19:06:10.874174835,91.85,113.27,124.8,47,184,1,Winter,Sunday,3.59,47,5323.69,1006.74
P-0097,Grocery,2023-02-19 22:36:27.797559512,16.41,22.21,23.87,42,184,0,Winter,Sunday,3.77,42,932.82,243.6
P-0092,Beauty,2023-02-20 02:06:44.720944189,66.91,124.43,112.35,29,29,0,Winter,Monday,3.54,29,3608.47,1668.08
P-0026,Grocery,2023-02-20 05:37:01.644328866,25.51,41.89,39.28,36,99,0,Winter,Monday,3.54,36,1508.04,589.68
P-0095,Grocery,2023-02-20 09:07:18.567713543,27.88,36.14,37.53,34,170,0,Winter,Monday,4.8,34,1228.76,280.84
P-0043,Sports,2023-02-20 12:37:35.491098219,84.96,120.45,124.71,25,182,0,Winter,Monday,4.04,25,3011.25,887.25
P-0002,Home,2023-02-20 16:07:52.414482896,95.74,151.51,152.63,42,96,1,Winter,Monday,4.9,42,6363.42,2342.34
P-0037,Beauty,2023-02-20 19:38:09.337867573,52.58,97.79,93.87,27,222,0,Winter,Monday,3.7,27,2640.33,1220.67
P-0024,Electronics,2023-02-20 23:08:26.261252250,222.34,364.12,358.86,17,219,0,Winter,Monday,4.32,17,6190.04,2410.26
P-0093,Beauty,2023-02-21 02:38:43.184636927,52.26,70.15,65.79,30,202,0,Winter,Tuesday,4.2,30,2104.5,536.7
P-0062,Electronics,2023-02-21 06:09:00.108021604,239.16,349.78,391.69,24,210,0,Winter,Tuesday,4.5,24,8394.72,2654.88
P-0031,Beauty,2023-02-21 09:39:17.031406281,41.04,61.32,56.96,26,253,0,Winter,Tuesday,4.21,26,1594.32,527.28
P-0001,Beauty,2023-02-21 13:09:33.954790958,50.23,77.42,86.61,49,209,0,Winter,Tuesday,4.54,49,3793.58,1332.31
P-0037,Beauty,2023-02-21 16:39:50.878175635,72.99,116.4,106.65,24,158,0,Winter,Tuesday,4.35,24,2793.6,1041.84
P-0032,Beauty,2023-02-21 20:10:07.801560312,49.49,59.92,67.3,20,112,0,Winter,Tuesday,3.61,20,1198.4,208.6
P-0045,Grocery,2023-02-21 23:40:24.724944989,23.08,31.68,34.79,39,103,0,Winter,Tuesday,4.43,39,1235.52,335.4
P-0020,Grocery,2023-02-22 03:10:41.648329666,20.61,26.46,28.66,33,216,0,Winter,Wednesday,4.05,33,873.18,193.05
P-0054,Beauty,2023-02-22 06:40:58.571714343,57.96,74.65,79.97,27,87,0,Winter,Wednesday,3.75,27,2015.55,450.63
P-0053,Beauty,2023-02-22 10:11:15.495099020,48.52,74.16,75.95,28,169,0,Winter,Wednesday,4.41,28,2076.48,717.92
P-0073,Sports,2023-02-22 13:41:32.418483697,77.62,134.62,129.78,28,138,0,Winter,Wednesday,4.51,28,3769.36,1596.0
P-0060,Electronics,2023-02-22 17:11:49.341868374,238.52,446.09,407.68,11,107,0,Winter,Wednesday,3.88,11,4906.99,2283.27
P-0073,Electronics,2023-02-22 20:42:06.265253051,186.52,275.56,273.95,22,125,1,Winter,Wednesday,3.94,22,6062.32,1958.88
P-0019,Electronics,2023-02-23 00:12:23.188637728,236.5,306.68,304.31,11,34,0,Winter,Thursday,3.48,11,3373.48,771.98
P-0014,Grocery,2023-02-23 03:42:40.112022405,27.16,39.39,41.18,49,188,0,Winter,Thursday,3.29,49,1930.11,599.27
P-0054,Home,2023-02-23 07:12:57.035407081,111.04,177.22,165.29,16,31,0,Winter,Thursday,3.99,16,2835.52,1058.88
P-0100,Grocery,2023-02-23 10:43:13.958791758,24.54,30.21,33.33,33,33,0,Winter,Thursday,4.46,33,996.93,187.11
P-0040,Grocery,2023-02-23 14:13:30.882176435,36.45,60.5,63.53,40,76,0,Winter,Thursday,3.84,40,2420.0,962.0
P-0073,Home,2023-02-23 17:43:47.805561112,111.03,179.1,198.28,37,145,1,Winter,Thursday,4.74,37,6626.7,2518.59
P-0100,Sports,2023-02-23 21:14:04.728945789,84.16,100.22,107.6,36,88,0,Winter,Thursday,4.01,36,3607.92,578.16
P-0010,Grocery,2023-02-24 00:44:21.652330466,20.64,35.55,34.83,55,230,1,Winter,Friday,4.01,55,1955.25,820.05
P-0007,Home,2023-02-24 04:14:38.575715143,93.52,136.63,150.11,19,242,0,Winter,Friday,3.97,19,2595.97,819.09
P-0067,Home,2023-02-24 07:44:55.499099820,116.68,147.04,162.63,37,111,1,Winter,Friday,4.54,37,5440.48,1123.32
P-0085,Home,2023-02-24 11:15:12.422484497,120.98,208.62,193.49,33,259,1,Winter,Friday,3.67,33,6884.46,2892.12
P-0067,Electronics,2023-02-24 14:45:29.345869174,259.67,311.54,342.96,11,36,0,Winter,Friday,4.04,11,3426.94,570.57
P-0100,Electronics,2023-02-24 18:15:46.269253851,236.38,312.4,304.5,12,50,0,Winter,Friday,3.85,12,3748.8,912.24
P-0004,Sports,2023-02-24 21:46:03.192638528,63.93,110.77,114.85,32,100,0,Winter,Friday,3.85,32,3544.64,1498.88
P-0055,Home,2023-02-25 01:16:20.116023205,102.4,179.43,163.84,15,245,0,Winter,Saturday,4.12,15,2691.45,1155.45
P-0071,Home,2023-02-25 04:46:37.039407882,76.13,111.04,105.77,22,138,0,Winter,Saturday,4.05,22,2442.88,768.02
P-0069,Grocery,2023-02-25 08:16:53.962792559,18.29,24.49,27.39,51,188,0,Winter,Saturday,4.57,51,1248.99,316.2
P-0004,Beauty,2023-02-25 11:47:10.886177236,57.1,110.82,101.21,34,174,1,Winter,Saturday,4.1,34,3767.88,1826.48
P-0013,Sports,2023-02-25 15:17:27.809561912,86.7,126.63,129.3,25,137,0,Winter,Saturday,4.35,25,3165.75,998.25
P-0100,Grocery,2023-02-25 18:47:44.732946589,27.47,45.62,47.94,55,243,1,Winter,Saturday,4.18,55,2509.1,998.25
P-0036,Beauty,2023-02-25 22:18:01.656331266,59.37,106.83,102.58,21,248,0,Winter,Saturday,4.73,21,2243.43,996.66
P-0019,Home,2023-02-26 01:48:18.579715943,103.08,156.12,148.36,28,124,0,Winter,Sunday,3.96,28,4371.36,1485.12
P-0019,Sports,2023-02-26 05:18:35.503100620,67.4,104.85,110.05,38,189,1,Winter,Sunday,3.97,38,3984.3,1423.1
P-0018,Grocery,2023-02-26 08:48:52.426485297,23.6,36.71,38.07,49,167,0,Winter,Sunday,4.44,49,1798.79,642.39
P-0059,Sports,2023-02-26 12:19:09.349869974,60.71,93.26,101.64,43,160,0,Winter,Sunday,3.96,43,4010.18,1399.65
P-0051,Electronics,2023-02-26 15:49:26.273254651,142.69,211.72,207.08,17,39,1,Winter,Sunday,4.32,17,3599.24,1173.51
P-0095,Sports,2023-02-26 19:19:43.196639328,89.48,126.97,114.42,21,66,0,Winter,Sunday,5.0,21,2666.37,787.29
P-0048,Grocery,2023-02-26 22:50:00.120024005,21.11,27.8,28.37,32,257,0,Winter,Sunday,3.66,32,889.6,214.08
P-0003,Electronics,2023-02-27 02:20:17.043408682,239.32,425.59,380.3,15,74,0,Winter,Monday,4.79,15,6383.85,2794.05
P-0053,Beauty,2023-02-27 05:50:33.966793359,64.75,100.11,108.54,23,174,0,Winter,Monday,3.88,23,2302.53,813.28
P-0050,Grocery,2023-02-27 09:20:50.890178036,21.62,38.58,36.02,45,238,1,Winter,Monday,4.7,45,1736.1,763.2
P-0033,Electronics,2023-02-27 12:51:07.813562713,229.83,398.17,361.07,29,162,1,Winter,Monday,4.41,29,11546.93,4881.86
P-0073,Beauty,2023-02-27 16:21:24.736947390,49.18,66.65,63.77,29,67,0,Winter,Monday,4.37,29,1932.85,506.63
P-0095,Grocery,2023-02-27 19:51:41.660332066,16.91,19.3,21.3,45,225,0,Winter,Monday,4.03,45,868.5,107.55
P-0044,Home,2023-02-27 23:21:58.583716743,96.87,155.98,162.76,22,22,1,Winter,Monday,3.99,22,3431.56,1300.42
P-0073,Beauty,2023-02-28 02:52:15.507101420,50.86,71.09,78.94,38,192,0,Winter,Tuesday,3.78,38,2701.42,768.74
P-0054,Beauty,2023-02-28 06:22:32.430486097,51.13,88.02,85.92,25,80,0,Winter,Tuesday,4.1,25,2200.5,922.25
P-0073,Home,2023-02-28 09:52:49.353870774,125.03,187.5,167.48,26,171,1,Winter,Tuesday,4.02,26,4875.0,1624.22
P-0046,Sports,2023-02-28 13:23:06.277255451,60.47,86.46,89.14,27,132,0,Winter,Tuesday,4.19,27,2334.42,701.73
P-0026,Grocery,2023-02-28 16:53:23.200640128,25.47,41.09,44.71,25,154,0,Winter,Tuesday,3.47,25,1027.25,390.5
P-0060,Electronics,2023-02-28 20:23:40.124024805,176.57,224.2,237.38,14,108,0,Winter,Tuesday,4.11,14,3138.8,666.82
P-0040,Sports,2023-02-28 23:53:57.047409482,91.63,119.64,117.64,30,144,0,Winter,Tuesday,4.67,30,3589.2,840.3
P-0007,Sports,2023-03-01 03:24:13.970794159,83.82,137.13,134.9,28,244,0,Spring,Wednesday,4.52,28,3839.64,1492.68
P-0075,Home,2023-03-01 06:54:30.894178836,100.77,148.61,158.91,27,217,0,Spring,Wednesday,4.11,27,4012.47,1291.68
P-0055,Grocery,2023-03-01 10:24:47.817563513,20.37,38.3,36.13,37,117,0,Spring,Wednesday,5.0,37,1417.1,663.41
P-0061,Electronics,2023-03-01 13:55:04.740948190,184.28,290.36,322.22,30,245,1,Spring,Wednesday,3.84,30,8710.8,3182.4
P-0052,Sports,2023-03-01 17:25:21.664332867,91.87,157.22,152.71,20,232,0,Spring,Wednesday,4.06,20,3144.4,1307.0
P-0089,Grocery,2023-03-01 20:55:38.587717544,30.8,38.13,38.82,40,168,0,Spring,Wednesday,3.45,40,1525.2,293.2
P-0019,Grocery,2023-03-02 00:25:55.511102221,25.84,35.63,39.13,41,160,0,Spring,Thursday,3.92,41,1460.83,401.39
P-0009,Electronics,2023-03-02 03:56:12.434486897,179.85,323.56,313.45,21,23,0,Spring,Thursday,4.9,21,6794.76,3017.91
P-0054,Sports,2023-03-02 07:26:29.357871574,84.34,130.75,125.54,19,143,0,Spring,Thursday,3.94,19,2484.25,881.79
P-0088,Electronics,2023-03-02 10:56:46.281256251,291.56,511.27,518.74,10,67,0,Spring,Thursday,3.41,10,5112.7,2197.1
P-0047,Home,2023-03-02 14:27:03.204640928,96.56,166.46,155.35,24,54,0,Spring,Thursday,4.49,24,3995.04,1677.6
P-0042,Electronics,2023-03-02 17:57:20.128025605,259.12,340.26,339.5,11,225,0,Spring,Thursday,4.28,11,3742.86,892.54
P-0060,Grocery,2023-03-02 21:27:37.051410282,21.16,30.72,32.38,37,81,0,Spring,Thursday,4.47,37,1136.64,353.72
P-0035,Electronics,2023-03-03 00:57:53.974794959,208.59,377.61,340.54,20,165,1,Spring,Friday,3.97,20,7552.2,3380.4
P-0057,Sports,2023-03-03 04:28:10.898179636,87.93,125.12,113.07,20,227,1,Spring,Friday,3.65,20,2502.4,743.8
P-0097,Grocery,2023-03-03 07:58:27.821564313,25.53,33.18,36.75,35,161,0,Spring,Friday,4.02,35,1161.3,267.75
P-0041,Electronics,2023-03-03 11:28:44.744948990,184.25,335.42,302.98,11,206,0,Spring,Friday,4.35,11,3689.62,1662.87
P-0049,Electronics,2023-03-03 14:59:01.668333667,182.8,260.44,244.29,19,204,0,Spring,Friday,4.07,19,4948.36,1475.16
P-0079,Electronics,2023-03-03 18:29:18.591718344,243.21,317.51,350.61,21,124,0,Spring,Friday,4.27,21,6667.71,1560.3
P-0068,Beauty,2023-03-03 21:59:35.515103021,65.49,107.2,106.71,32,240,1,Spring,Friday,3.86,32,3430.4,1334.72
P-0036,Grocery,2023-03-04 01:29:52.438487698,29.81,44.4,49.98,46,237,0,Spring,Saturday,4.29,46,2042.4,671.14
P-0053,Home,2023-03-04 05:00:09.361872375,122.42,191.95,187.94,25,97,0,Spring,Saturday,4.1,25,4798.75,1738.25
P-0048,Grocery,2023-03-04 08:30:26.285257051,24.52,48.08,43.55,33,215,0,Spring,Saturday,3.78,33,1586.64,777.48
P-0040,Electronics,2023-03-04 12:00:43.208641728,199.54,339.88,350.98,9,59,0,Spring,Saturday,4.16,9,3058.92,1263.06
P-0043,Grocery,2023-03-04 15:31:00.132026405,29.19,44.18,44.09,42,42,0,Spring,Saturday,3.93,42,1855.56,629.58
P-0002,Sports,2023-03-04 19:01:17.055411082,89.13,111.47,119.27,25,144,0,Spring,Saturday,4.38,25,2786.75,558.5
P-0049,Grocery,2023-03-04 22:31:33.978795759,20.23,34.22,33.89,61,163,1,Spring,Saturday,4.49,61,2087.42,853.39
P-0032,Grocery,2023-03-05 02:01:50.902180436,20.03,29.73,27.72,30,157,0,Spring,Sunday,4.33,30,891.9,291.0
P-0081,Grocery,2023-03-05 05:32:07.825565113,25.89,41.33,44.36,60,210,1,Spring,Sunday,3.36,60,2479.8,926.4
P-0064,Electronics,2023-03-05 09:02:24.748949790,204.04,325.06,320.94,15,110,0,Spring,Sunday,3.67,15,4875.9,1815.3
P-0071,Electronics,2023-03-05 12:32:41.672334467,209.11,296.01,306.71,23,213,0,Spring,Sunday,3.81,23,6808.23,1998.7
P-0027,Electronics,2023-03-05 16:02:58.595719144,246.04,405.61,382.84,29,236,1,Spring,Sunday,3.74,29,11762.69,4627.53
P-0005,Beauty,2023-03-05 19:33:15.519103821,61.68,99.8,95.18,25,37,0,Spring,Sunday,3.86,25,2495.0,953.0
P-0039,Grocery,2023-03-05 23:03:32.442488498,29.11,53.63,51.19,46,125,0,Spring,Sunday,4.52,46,2466.98,1127.92
P-0050,Grocery,2023-03-06 02:33:49.365873175,16.58,22.01,22.68,53,70,1,Spring,Monday,4.41,53,1166.53,287.79
P-0044,Sports,2023-03-06 06:04:06.289257852,83.24,150.03,146.54,24,175,1,Spring,Monday,3.91,24,3600.72,1602.96
P-0013,Electronics,2023-03-06 09:34:23.212642529,233.34,306.42,295.7,27,116,1,Spring,Monday,4.37,27,8273.34,1973.16
P-0021,Grocery,2023-03-06 13:04:40.136027206,18.14,31.67,30.35,32,83,0,Spring,Monday,4.25,32,1013.44,432.96
P-0073,Electronics,2023-03-06 16:34:57.059411882,188.0,336.05,330.09,16,76,0,Spring,Monday,4.09,16,5376.8,2368.8
P-0091,Home,2023-03-06 20:05:13.982796559,82.22,131.21,120.59,19,101,0,Spring,Monday,4.62,19,2492.99,930.81
P-0099,Grocery,2023-03-06 23:35:30.906181236,24.08,29.2,31.07,41,41,0,Spring,Monday,3.8,41,1197.2,209.92
P-0051,Sports,2023-03-07 03:05:47.829565913,100.84,152.48,170.68,23,40,0,Spring,Tuesday,4.12,23,3507.04,1187.72
P-0062,Beauty,2023-03-07 06:36:04.752950590,72.8,138.6,124.75,34,169,1,Spring,Tuesday,3.63,34,4712.4,2237.2
P-0061,Electronics,2023-03-07 10:06:21.676335267,182.64,234.45,262.08,10,245,0,Spring,Tuesday,3.65,10,2344.5,518.1
P-0038,Beauty,2023-03-07 13:36:38.599719944,59.63,100.4,91.55,21,139,0,Spring,Tuesday,3.49,21,2108.4,856.17
P-0033,Electronics,2023-03-07 17:06:55.523104621,228.78,398.28,387.83,40,242,1,Spring,Tuesday,3.66,40,15931.2,6780.0
P-0008,Sports,2023-03-07 20:37:12.446489298,84.96,126.74,115.17,37,52,1,Spring,Tuesday,4.14,37,4689.38,1545.86
P-0004,Grocery,2023-03-08 00:07:29.369873975,25.53,41.38,40.74,31,253,0,Spring,Wednesday,3.96,31,1282.78,491.35
P-0034,Electronics,2023-03-08 03:37:46.293258652,220.21,352.65,327.42,11,158,0,Spring,Wednesday,3.98,11,3879.15,1456.84
P-0037,Electronics,2023-03-08 07:08:03.216643329,266.7,378.02,358.96,9,197,0,Spring,Wednesday,3.97,9,3402.18,1001.88
P-0053,Electronics,2023-03-08 10:38:20.140028006,247.04,424.31,421.77,17,30,0,Spring,Wednesday,4.9,17,7213.27,3013.59
P-0098,Sports,2023-03-08 14:08:37.063412683,66.43,91.79,94.9,13,162,0,Spring,Wednesday,3.59,13,1193.27,329.68
P-0089,Beauty,2023-03-08 17:38:53.986797360,62.0,96.31,109.36,26,108,0,Spring,Wednesday,3.54,26,2504.06,892.06
P-0020,Grocery,2023-03-08 21:09:10.910182036,27.43,40.31,42.87,55,235,1,Spring,Wednesday,3.72,55,2217.05,708.4
P-0052,Grocery,2023-03-09 00:39:27.833566713,25.21,42.84,38.65,55,209,1,Spring,Thursday,4.07,55,2356.2,969.65
P-0056,Beauty,2023-03-09 04:09:44.756951390,64.96,91.13,96.32,28,226,0,Spring,Thursday,4.33,28,2551.64,732.76
P-0099,Electronics,2023-03-09 07:40:01.680336067,216.32,337.3,318.07,14,233,0,Spring,Thursday,4.38,14,4722.2,1693.72
P-0041,Sports,2023-03-09 11:10:18.603720744,82.57,140.65,140.36,27,191,0,Spring,Thursday,4.53,27,3797.55,1568.16
P-0037,Home,2023-03-09 14:40:35.527105421,96.84,149.92,157.14,29,75,1,Spring,Thursday,4.05,29,4347.68,1539.32
P-0077,Beauty,2023-03-09 18:10:52.450490098,37.24,69.75,62.4,26,84,1,Spring,Thursday,3.92,26,1813.5,845.26
P-0001,Grocery,2023-03-09 21:41:09.373874775,23.69,31.28,35.1,54,225,1,Spring,Thursday,4.84,54,1689.12,409.86
P-0010,Grocery,2023-03-10 01:11:26.297259452,21.43,30.46,29.87,24,162,0,Spring,Friday,2.85,24,731.04,216.72
P-0063,Sports,2023-03-10 04:41:43.220644129,64.81,83.33,84.11,23,233,0,Spring,Friday,4.13,23,1916.59,425.96
P-0034,Electronics,2023-03-10 08:12:00.144028806,258.18,389.0,433.01,19,209,0,Spring,Friday,4.29,19,7391.0,2485.58
P-0022,Beauty,2023-03-10 11:42:17.067413483,59.44,81.85,87.88,31,163,0,Spring,Friday,4.94,31,2537.35,694.71
P-0083,Home,2023-03-10 15:12:33.990798160,94.55,151.41,144.67,16,52,0,Spring,Friday,3.35,16,2422.56,909.76
P-0025,Beauty,2023-03-10 18:42:50.914182837,50.03,68.36,75.45,25,255,0,Spring,Friday,3.91,25,1709.0,458.25
P-0003,Electronics,2023-03-10 22:13:07.837567514,219.95,350.72,327.09,7,74,0,Spring,Friday,3.49,7,2455.04,915.39
P-0002,Electronics,2023-03-11 01:43:24.760952191,243.31,407.54,395.66,11,75,0,Spring,Saturday,3.29,11,4482.94,1806.53
P-0091,Home,2023-03-11 05:13:41.684336867,82.43,118.13,130.64,24,50,1,Spring,Saturday,4.01,24,2835.12,856.8
P-0054,Home,2023-03-11 08:43:58.607721544,94.93,160.74,169.41,28,31,0,Spring,Saturday,4.47,28,4500.72,1842.68
P-0002,Home,2023-03-11 12:14:15.531106221,108.19,131.0,143.5,36,106,1,Spring,Saturday,4.64,36,4716.0,821.16
P-0025,Beauty,2023-03-11 15:44:32.454490898,37.96,63.66,59.42,24,221,0,Spring,Saturday,3.86,24,1527.84,616.8
P-0033,Grocery,2023-03-11 19:14:49.377875575,23.78,30.79,30.55,31,227,0,Spring,Saturday,4.4,31,954.49,217.31
P-0100,Home,2023-03-11 22:45:06.301260252,88.47,132.01,149.9,29,135,0,Spring,Saturday,4.01,29,3828.29,1262.66
P-0054,Home,2023-03-12 02:15:23.224644929,92.97,149.25,147.73,11,92,0,Spring,Sunday,4.35,11,1641.75,619.08
P-0084,Electronics,2023-03-12 05:45:40.148029606,193.15,285.77,286.95,20,99,0,Spring,Sunday,4.62,20,5715.4,1852.4
P-0045,Beauty,2023-03-12 09:15:57.071414283,56.21,98.32,95.06,28,240,0,Spring,Sunday,4.01,28,2752.96,1179.08
P-0073,Home,2023-03-12 12:46:13.994798960,124.24,165.58,186.39,28,28,1,Spring,Sunday,4.58,28,4636.24,1157.52
P-0004,Electronics,2023-03-12 16:16:30.918183637,199.12,243.32,273.85,25,29,1,Spring,Sunday,3.55,25,6083.0,1105.0
P-0036,Home,2023-03-12 19:46:47.841568314,99.43,144.7,150.13,21,30,0,Spring,Sunday,4.4,21,3038.7,950.67
P-0047,Beauty,2023-03-12 23:17:04.764952991,72.55,97.74,93.51,37,232,0,Spring,Sunday,4.57,37,3616.38,932.03
P-0008,Home,2023-03-13 02:47:21.688337668,86.64,157.12,151.08,23,37,0,Spring,Monday,4.52,23,3613.76,1621.04
P-0027,Beauty,2023-03-13 06:17:38.611722345,70.97,111.0,117.24,32,245,0,Spring,Monday,3.57,32,3552.0,1280.96
P-0067,Beauty,2023-03-13 09:47:55.535107021,55.05,85.57,91.83,36,59,0,Spring,Monday,4.01,36,3080.52,1098.72
P-0069,Grocery,2023-03-13 13:18:12.458491698,30.84,55.73,53.38,38,149,1,Spring,Monday,4.24,38,2117.74,945.82
P-0003,Grocery,2023-03-13 16:48:29.381876375,26.88,40.16,45.3,56,252,1,Spring,Monday,4.3,56,2248.96,743.68
P-0027,Grocery,2023-03-13 20:18:46.305261052,25.18,37.97,37.46,32,43,0,Spring,Monday,4.15,32,1215.04,409.28
P-0045,Home,2023-03-13 23:49:03.228645729,94.0,121.38,123.63,25,83,0,Spring,Monday,4.74,25,3034.5,684.5
P-0028,Grocery,2023-03-14 03:19:20.152030406,21.6,29.47,31.44,35,193,0,Spring,Tuesday,3.52,35,1031.45,275.45
P-0006,Beauty,2023-03-14 06:49:37.075415083,55.67,98.67,98.19,31,215,0,Spring,Tuesday,3.99,31,3058.77,1333.0
P-0004,Home,2023-03-14 10:19:53.998799760,108.64,179.44,192.51,21,237,0,Spring,Tuesday,3.34,21,3768.24,1486.8
P-0056,Grocery,2023-03-14 13:50:10.922184437,23.95,40.67,40.05,19,19,0,Spring,Tuesday,4.38,19,772.73,317.68
P-0037,Home,2023-03-14 17:20:27.845569114,90.19,112.53,122.88,24,205,0,Spring,Tuesday,4.35,24,2700.72,536.16
P-0056,Beauty,2023-03-14 20:50:44.768953791,52.79,70.01,71.63,37,93,0,Spring,Tuesday,5.0,37,2590.37,637.14
P-0071,Grocery,2023-03-15 00:21:01.692338468,27.81,48.34,48.22,42,151,0,Spring,Wednesday,4.56,42,2030.28,862.26
P-0054,Sports,2023-03-15 03:51:18.615723145,95.68,112.79,127.07,21,237,0,Spring,Wednesday,4.25,21,2368.59,359.31
P-0056,Sports,2023-03-15 07:21:35.539107822,71.46,115.26,112.28,23,236,0,Spring,Wednesday,4.21,23,2650.98,1007.4
P-0072,Beauty,2023-03-15 10:51:52.462492499,49.12,75.92,71.62,25,60,1,Spring,Wednesday,3.96,25,1898.0,670.0
P-0019,Beauty,2023-03-15 14:22:09.385877176,58.34,91.66,82.62,32,130,1,Spring,Wednesday,4.16,32,2933.12,1066.24
P-0023,Grocery,2023-03-15 17:52:26.309261852,29.87,45.02,48.47,41,84,0,Spring,Wednesday,4.22,41,1845.82,621.15
P-0073,Home,2023-03-15 21:22:43.232646529,112.42,185.89,199.86,17,165,0,Spring,Wednesday,3.22,17,3160.13,1248.99
P-0025,Grocery,2023-03-16 00:53:00.156031206,19.19,30.69,32.2,40,217,0,Spring,Thursday,4.19,40,1227.6,460.0
P-0088,Beauty,2023-03-16 04:23:17.079415883,52.68,87.44,79.94,26,92,1,Spring,Thursday,4.15,26,2273.44,903.76
P-0042,Electronics,2023-03-16 07:53:34.002800560,178.73,260.78,266.74,24,44,0,Spring,Thursday,4.89,24,6258.72,1969.2
P-0009,Electronics,2023-03-16 11:23:50.926185237,201.01,334.88,351.61,14,30,0,Spring,Thursday,4.04,14,4688.32,1874.18
P-0071,Grocery,2023-03-16 14:54:07.849569914,30.16,50.03,47.29,28,28,0,Spring,Thursday,3.76,28,1400.84,556.36
P-0043,Electronics,2023-03-16 18:24:24.772954591,162.2,219.67,247.06,21,104,0,Spring,Thursday,4.22,21,4613.07,1206.87
P-0012,Home,2023-03-16 21:54:41.696339268,70.39,115.76,114.42,27,251,0,Spring,Thursday,4.13,27,3125.52,1224.99
P-0022,Home,2023-03-17 01:24:58.619723945,82.41,112.4,113.76,21,76,0,Spring,Friday,4.04,21,2360.4,629.79
P-0089,Electronics,2023-03-17 04:55:15.543108622,219.65,290.72,282.26,8,114,0,Spring,Friday,3.52,8,2325.76,568.56
P-0046,Home,2023-03-17 08:25:32.466493299,104.44,189.64,179.67,21,180,0,Spring,Friday,4.03,21,3982.44,1789.2
P-0026,Grocery,2023-03-17 11:55:49.389877976,25.68,38.97,40.68,45,176,0,Spring,Friday,3.84,45,1753.65,598.05
P-0055,Electronics,2023-03-17 15:26:06.313262653,249.5,345.45,334.5,21,81,1,Spring,Friday,4.0,21,7254.45,2014.95
P-0013,Grocery,2023-03-17 18:56:23.236647330,17.23,24.5,24.36,46,46,1,Spring,Friday,4.43,46,1127.0,334.42
P-0040,Sports,2023-03-17 22:26:40.160032006,95.21,155.84,170.85,21,53,0,Spring,Friday,3.8,21,3272.64,1273.23
P-0060,Home,2023-03-18 01:56:57.083416683,90.26,157.54,144.32,23,68,0,Spring,Saturday,4.0,23,3623.42,1547.44
P-0096,Electronics,2023-03-18 05:27:14.006801360,234.58,398.23,375.3,16,36,0,Spring,Saturday,4.34,16,6371.68,2618.4
P-0028,Beauty,2023-03-18 08:57:30.930186037,43.35,61.57,55.91,27,127,0,Spring,Saturday,3.98,27,1662.39,491.94
P-0083,Electronics,2023-03-18 12:27:47.853570714,210.17,394.54,374.72,17,173,0,Spring,Saturday,5.0,17,6707.18,3134.29
P-0041,Home,2023-03-18 15:58:04.776955391,98.59,161.14,171.65,31,180,0,Spring,Saturday,4.21,31,4995.34,1939.05
P-0090,Sports,2023-03-18 19:28:21.700340068,94.79,144.6,147.05,19,237,0,Spring,Saturday,3.54,19,2747.4,946.39
P-0007,Sports,2023-03-18 22:58:38.623724745,59.71,82.5,84.8,19,86,0,Spring,Saturday,3.72,19,1567.5,433.01
P-0014,Grocery,2023-03-19 02:28:55.547109422,24.12,35.02,39.41,41,175,0,Spring,Sunday,3.68,41,1435.82,446.9
P-0047,Home,2023-03-19 05:59:12.470494099,78.5,131.23,134.11,19,231,0,Spring,Sunday,3.73,19,2493.37,1001.87
P-0079,Grocery,2023-03-19 09:29:29.393878776,25.94,42.02,43.64,21,21,0,Spring,Sunday,4.34,21,882.42,337.68
P-0031,Grocery,2023-03-19 12:59:46.317263453,26.98,42.48,48.22,36,206,0,Spring,Sunday,3.6,36,1529.28,558.0
P-0012,Home,2023-03-19 16:30:03.240648130,114.56,198.6,183.33,22,36,1,Spring,Sunday,3.95,22,4369.2,1848.88
P-0017,Grocery,2023-03-19 20:00:20.164032807,21.95,28.64,31.32,51,150,0,Spring,Sunday,4.61,51,1460.64,341.19
P-0029,Electronics,2023-03-19 23:30:37.087417484,241.15,367.56,367.48,17,218,0,Spring,Sunday,3.87,17,6248.52,2148.97
P-0039,Electronics,2023-03-20 03:00:54.010802161,255.73,464.16,434.48,27,127,1,Spring,Monday,4.4,27,12532.32,5627.61
P-0058,Beauty,2023-03-20 06:31:10.934186837,40.54,58.01,56.59,17,152,0,Spring,Monday,3.34,17,986.17,296.99
P-0078,Electronics,2023-03-20 10:01:27.857571514,230.57,292.36,317.56,15,166,0,Spring,Monday,3.93,15,4385.4,926.85
P-0013,Electronics,2023-03-20 13:31:44.780956191,242.21,410.65,399.32,11,156,0,Spring,Monday,3.7,11,4517.15,1852.84
P-0077,Grocery,2023-03-20 17:02:01.704340868,23.01,36.52,34.39,38,194,1,Spring,Monday,4.23,38,1387.76,513.38
P-0099,Sports,2023-03-20 20:32:18.627725545,64.5,118.92,109.59,16,225,0,Spring,Monday,3.63,16,1902.72,870.72
P-0037,Beauty,2023-03-21 00:02:35.551110222,63.3,80.47,84.13,48,48,1,Spring,Tuesday,5.0,48,3862.56,824.16
P-0021,Grocery,2023-03-21 03:32:52.474494899,19.39,24.71,27.82,50,116,1,Spring,Tuesday,3.36,50,1235.5,266.0
P-0098,Sports,2023-03-21 07:03:09.397879576,77.72,111.42,108.61,31,223,1,Spring,Tuesday,4.61,31,3454.02,1044.7
P-0092,Electronics,2023-03-21 10:33:26.321264253,208.65,318.46,340.9,17,108,0,Spring,Tuesday,4.5,17,5413.82,1866.77
P-0013,Beauty,2023-03-21 14:03:43.244648930,61.3,109.12,102.23,22,134,0,Spring,Tuesday,4.24,22,2400.64,1052.04
P-0085,Home,2023-03-21 17:34:00.168033607,85.48,133.83,128.29,11,196,0,Spring,Tuesday,4.12,11,1472.13,531.85
P-0086,Electronics,2023-03-21 21:04:17.091418284,187.0,301.47,282.92,8,244,0,Spring,Tuesday,4.93,8,2411.76,915.76
P-0031,Grocery,2023-03-22 00:34:34.014802961,24.38,35.87,32.25,32,76,0,Spring,Wednesday,5.0,32,1147.84,367.68
P-0098,Home,2023-03-22 04:04:50.938187638,110.3,184.11,180.45,20,249,0,Spring,Wednesday,4.01,20,3682.2,1476.2
P-0020,Beauty,2023-03-22 07:35:07.861572315,75.13,148.01,134.92,29,188,0,Spring,Wednesday,4.17,29,4292.29,2113.52
P-0058,Electronics,2023-03-22 11:05:24.784956991,159.35,276.48,267.37,11,22,0,Spring,Wednesday,3.85,11,3041.28,1288.43
P-0071,Electronics,2023-03-22 14:35:41.708341668,220.6,279.69,302.82,10,226,0,Spring,Wednesday,3.57,10,2796.9,590.9
P-0007,Sports,2023-03-22 18:05:58.631726345,66.09,112.82,105.26,23,109,0,Spring,Wednesday,4.31,23,2594.86,1074.79
P-0092,Electronics,2023-03-22 21:36:15.555111022,244.23,360.94,344.91,17,84,0,Spring,Wednesday,4.21,17,6135.98,1984.07
P-0093,Home,2023-03-23 01:06:32.478495699,80.73,113.98,102.25,19,143,0,Spring,Thursday,3.38,19,2165.62,631.75
P-0038,Home,2023-03-23 04:36:49.401880376,84.75,107.28,114.32,28,156,0,Spring,Thursday,4.31,28,3003.84,630.84
P-0044,Beauty,2023-03-23 08:07:06.325265053,49.81,62.46,65.07,26,147,0,Spring,Thursday,4.23,26,1623.96,328.9
P-0037,Beauty,2023-03-23 11:37:23.248649730,54.33,79.46,73.77,13,28,0,Spring,Thursday,3.83,13,1032.98,326.69
P-0018,Beauty,2023-03-23 15:07:40.172034407,57.84,87.37,97.61,18,216,0,Spring,Thursday,3.8,18,1572.66,531.54
P-0089,Electronics,2023-03-23 18:37:57.095419084,226.25,329.46,319.25,15,98,1,Spring,Thursday,4.29,15,4941.9,1548.15
P-0090,Home,2023-03-23 22:08:14.018803761,94.91,159.51,158.16,24,49,0,Spring,Thursday,4.82,24,3828.24,1550.4
P-0058,Grocery,2023-03-24 01:38:30.942188438,18.89,30.81,33.47,48,153,0,Spring,Friday,4.28,48,1478.88,572.16
P-0043,Grocery,2023-03-24 05:08:47.865573115,26.79,38.58,41.95,53,167,1,Spring,Friday,4.45,53,2044.74,624.87
P-0068,Grocery,2023-03-24 08:39:04.788957792,23.8,38.79,36.1,30,40,0,Spring,Friday,3.73,30,1163.7,449.7
P-0050,Grocery,2023-03-24 12:09:21.712342469,28.46,41.82,47.32,37,245,0,Spring,Friday,3.91,37,1547.34,494.32
P-0076,Grocery,2023-03-24 15:39:38.635727146,21.28,29.38,27.74,49,162,1,Spring,Friday,4.37,49,1439.62,396.9
P-0058,Electronics,2023-03-24 19:09:55.559111822,156.16,244.93,231.98,26,259,1,Spring,Friday,3.49,26,6368.18,2308.02
P-0018,Home,2023-03-24 22:40:12.482496499,94.48,149.19,144.02,15,179,0,Spring,Friday,4.19,15,2237.85,820.65
P-0091,Beauty,2023-03-25 02:10:29.405881176,66.4,110.89,113.35,17,17,0,Spring,Saturday,4.32,17,1885.13,756.33
P-0043,Home,2023-03-25 05:40:46.329265853,97.45,146.72,165.45,33,66,0,Spring,Saturday,4.08,33,4841.76,1625.91
P-0051,Grocery,2023-03-25 09:11:03.252650530,23.23,42.77,39.88,43,253,1,Spring,Saturday,4.24,43,1839.11,840.22
P-0067,Beauty,2023-03-25 12:41:20.176035207,47.34,70.4,77.35,32,152,0,Spring,Saturday,4.13,32,2252.8,737.92
P-0089,Grocery,2023-03-25 16:11:37.099419884,30.75,44.92,47.41,37,44,0,Spring,Saturday,3.82,37,1662.04,524.29
P-0042,Sports,2023-03-25 19:41:54.022804561,66.82,126.17,113.95,9,33,0,Spring,Saturday,3.57,9,1135.53,534.15
P-0018,Beauty,2023-03-25 23:12:10.946189238,48.62,80.13,84.13,50,146,1,Spring,Saturday,4.06,50,4006.5,1575.5
P-0011,Sports,2023-03-26 02:42:27.869573915,87.3,124.43,132.2,26,160,0,Spring,Sunday,4.69,26,3235.18,965.38
P-0062,Beauty,2023-03-26 06:12:44.792958592,38.67,77.17,69.3,28,75,1,Spring,Sunday,4.56,28,2160.76,1078.0
P-0042,Sports,2023-03-26 09:43:01.716343269,96.31,150.16,166.73,32,62,0,Spring,Sunday,3.94,32,4805.12,1723.2
P-0053,Home,2023-03-26 13:13:18.639727946,104.49,146.92,159.95,17,163,0,Spring,Sunday,3.94,17,2497.64,721.31
P-0085,Beauty,2023-03-26 16:43:35.563112623,62.91,79.83,81.03,20,121,0,Spring,Sunday,3.9,20,1596.6,338.4
P-0033,Beauty,2023-03-26 20:13:52.486497300,59.91,87.96,82.28,23,24,0,Spring,Sunday,3.9,23,2023.08,645.15
P-0065,Electronics,2023-03-26 23:44:09.409881976,204.59,374.75,343.1,10,29,0,Spring,Sunday,4.23,10,3747.5,1701.6
P-0022,Home,2023-03-27 03:14:26.333266653,78.84,109.71,103.37,19,73,0,Spring,Monday,4.58,19,2084.49,586.53
P-0070,Sports,2023-03-27 06:44:43.256651330,78.21,131.45,117.97,19,153,0,Spring,Monday,5.0,19,2497.55,1011.56
P-0007,Grocery,2023-03-27 10:15:00.180036007,20.26,28.34,32.06,31,88,0,Spring,Monday,3.73,31,878.54,250.48
P-0021,Electronics,2023-03-27 13:45:17.103420684,226.33,403.5,392.25,18,18,1,Spring,Monday,4.39,18,7263.0,3189.06
P-0027,Home,2023-03-27 17:15:34.026805361,107.26,167.1,184.05,25,239,0,Spring,Monday,4.34,25,4177.5,1496.0
P-0019,Electronics,2023-03-27 20:45:50.950190038,259.62,476.37,433.66,12,184,0,Spring,Monday,3.95,12,5716.44,2601.0
P-0069,Electronics,2023-03-28 00:16:07.873574715,222.49,362.27,328.0,9,157,0,Spring,Tuesday,3.64,9,3260.43,1258.02
P-0040,Sports,2023-03-28 03:46:24.796959392,91.83,116.2,121.97,19,74,0,Spring,Tuesday,4.22,19,2207.8,463.03
P-0028,Beauty,2023-03-28 07:16:41.720344069,52.39,91.45,84.78,28,188,0,Spring,Tuesday,5.0,28,2560.6,1093.68
P-0027,Home,2023-03-28 10:46:58.643728746,87.73,122.11,118.41,32,246,1,Spring,Tuesday,4.22,32,3907.52,1100.16
P-0073,Beauty,2023-03-28 14:17:15.567113423,59.17,83.39,92.23,33,180,0,Spring,Tuesday,3.75,33,2751.87,799.26
P-0055,Electronics,2023-03-28 17:47:32.490498100,197.01,361.21,352.52,16,87,0,Spring,Tuesday,4.03,16,5779.36,2627.2
P-0088,Home,2023-03-28 21:17:49.413882777,99.09,171.43,153.85,27,111,1,Spring,Tuesday,3.59,27,4628.61,1953.18
P-0051,Grocery,2023-03-29 00:48:06.337267454,19.93,30.52,31.99,48,242,1,Spring,Wednesday,4.11,48,1464.96,508.32
P-0070,Grocery,2023-03-29 04:18:23.260652131,20.61,29.44,33.44,18,18,1,Spring,Wednesday,4.41,18,529.92,158.94
P-0092,Sports,2023-03-29 07:48:40.184036807,88.13,167.62,150.41,15,69,0,Spring,Wednesday,3.79,15,2514.3,1192.35
P-0081,Grocery,2023-03-29 11:18:57.107421484,27.4,39.97,40.81,26,41,0,Spring,Wednesday,2.63,26,1039.22,326.82
P-0076,Beauty,2023-03-29 14:49:14.030806161,46.33,69.42,70.59,27,172,0,Spring,Wednesday,4.22,27,1874.34,623.43
P-0058,Grocery,2023-03-29 18:19:30.954190838,26.58,37.63,35.8,40,127,0,Spring,Wednesday,3.87,40,1505.2,442.0
P-0088,Sports,2023-03-29 21:49:47.877575515,73.18,119.13,116.22,19,47,0,Spring,Wednesday,3.76,19,2263.47,873.05
P-0095,Grocery,2023-03-30 01:20:04.800960192,24.06,32.37,33.99,60,245,1,Spring,Thursday,3.76,60,1942.2,498.6
P-0012,Sports,2023-03-30 04:50:21.724344869,98.14,135.67,150.08,34,150,0,Spring,Thursday,4.28,34,4612.78,1276.02
P-0077,Grocery,2023-03-30 08:20:38.647729546,27.1,48.86,45.3,47,75,1,Spring,Thursday,3.92,47,2296.42,1022.72
P-0002,Sports,2023-03-30 11:50:55.571114223,90.19,113.16,113.61,30,246,1,Spring,Thursday,4.52,30,3394.8,689.1
P-0033,Electronics,2023-03-30 15:21:12.494498900,274.14,445.4,427.7,17,186,0,Spring,Thursday,4.53,17,7571.8,2911.42
P-0082,Grocery,2023-03-30 18:51:29.417883577,21.3,31.14,28.66,39,46,0,Spring,Thursday,3.98,39,1214.46,383.76
P-0073,Beauty,2023-03-30 22:21:46.341268254,46.32,57.49,65.02,45,217,1,Spring,Thursday,3.87,45,2587.05,502.65
P-0062,Beauty,2023-03-31 01:52:03.264652931,48.65,67.07,61.74,29,29,0,Spring,Friday,4.16,29,1945.03,534.18
P-0068,Grocery,2023-03-31 05:22:20.188037608,23.02,32.79,30.92,39,237,1,Spring,Friday,4.03,39,1278.81,381.03
P-0016,Sports,2023-03-31 08:52:37.111422285,49.86,98.96,89.38,9,111,0,Spring,Friday,3.31,9,890.64,441.9
P-0076,Sports,2023-03-31 12:22:54.034806961,77.34,130.25,139.15,32,86,0,Spring,Friday,4.96,32,4168.0,1693.12
P-0011,Home,2023-03-31 15:53:10.958191638,86.72,136.65,142.73,26,28,0,Spring,Friday,4.42,26,3552.9,1298.18
P-0032,Grocery,2023-03-31 19:23:27.881576315,27.01,44.51,42.85,33,243,0,Spring,Friday,3.89,33,1468.83,577.5
P-0009,Grocery,2023-03-31 22:53:44.804960992,25.35,46.87,42.52,41,152,1,Spring,Friday,3.24,41,1921.67,882.32
P-0051,Home,2023-04-01 02:24:01.728345669,85.87,167.38,149.68,17,163,0,Spring,Saturday,4.02,17,2845.46,1385.67
P-0087,Electronics,2023-04-01 05:54:18.651730346,229.82,345.87,352.92,15,223,0,Spring,Saturday,3.84,15,5188.05,1740.75
P-0089,Electronics,2023-04-01 09:24:35.575115023,234.3,300.22,297.42,13,139,0,Spring,Saturday,4.07,13,3902.86,856.96
P-0002,Grocery,2023-04-01 12:54:52.498499700,21.05,31.8,34.53,46,86,1,Spring,Saturday,3.13,46,1462.8,494.5
P-0098,Beauty,2023-04-01 16:25:09.421884377,50.66,94.99,90.76,21,205,0,Spring,Saturday,3.89,21,1994.79,930.93
P-0021,Sports,2023-04-01 19:55:26.345269054,51.52,77.52,71.71,36,144,1,Spring,Saturday,3.91,36,2790.72,936.0
P-0036,Beauty,2023-04-01 23:25:43.268653731,45.4,73.22,68.32,26,73,0,Spring,Saturday,4.01,26,1903.72,723.32
P-0029,Sports,2023-04-02 02:56:00.192038408,70.5,98.35,102.13,36,221,1,Spring,Sunday,3.99,36,3540.6,1002.6
P-0049,Home,2023-04-02 06:26:17.115423085,96.13,156.47,140.81,18,214,0,Spring,Sunday,4.12,18,2816.46,1086.12
P-0001,Grocery,2023-04-02 09:56:34.038807762,20.37,30.48,33.54,51,75,1,Spring,Sunday,4.78,51,1554.48,515.61
P-0034,Electronics,2023-04-02 13:26:50.962192439,192.75,280.64,281.05,11,174,0,Spring,Sunday,3.87,11,3087.04,966.79
P-0031,Beauty,2023-04-02 16:57:07.885577116,44.22,79.18,78.16,37,240,1,Spring,Sunday,3.69,37,2929.66,1293.52
P-0072,Grocery,2023-04-02 20:27:24.808961792,24.66,41.9,41.54,41,210,0,Spring,Sunday,3.32,41,1717.9,706.84
P-0086,Sports,2023-04-02 23:57:41.732346469,85.45,114.8,108.11,14,63,0,Spring,Sunday,3.87,14,1607.2,410.9
P-0004,Grocery,2023-04-03 03:27:58.655731146,25.55,44.58,43.44,33,224,0,Spring,Monday,3.47,33,1471.14,627.99
P-0042,Electronics,2023-04-03 06:58:15.579115823,210.42,316.7,352.47,16,28,0,Spring,Monday,4.53,16,5067.2,1700.48
P-0096,Home,2023-04-03 10:28:32.502500500,71.58,101.37,109.81,26,166,1,Spring,Monday,4.06,26,2635.62,774.54
P-0093,Electronics,2023-04-03 13:58:49.425885177,189.17,290.38,288.15,23,140,1,Spring,Monday,4.52,23,6678.74,2327.83
P-0055,Electronics,2023-04-03 17:29:06.349269854,196.31,351.27,335.6,24,24,1,Spring,Monday,4.76,24,8430.48,3719.04
P-0076,Grocery,2023-04-03 20:59:23.272654531,22.45,33.42,33.31,37,192,0,Spring,Monday,3.71,37,1236.54,405.89
P-0028,Grocery,2023-04-04 00:29:40.196039208,24.29,31.36,32.49,55,87,1,Spring,Tuesday,3.94,55,1724.8,388.85
P-0081,Grocery,2023-04-04 03:59:57.119423885,29.47,37.4,41.91,47,223,0,Spring,Tuesday,4.7,47,1757.8,372.71
P-0004,Sports,2023-04-04 07:30:14.042808562,90.39,134.83,126.17,35,230,1,Spring,Tuesday,4.19,35,4719.05,1555.4
P-0052,Grocery,2023-04-04 11:00:30.966193239,20.21,32.81,32.83,51,159,0,Spring,Tuesday,4.33,51,1673.31,642.6
P-0057,Grocery,2023-04-04 14:30:47.889577916,26.61,36.21,35.88,48,168,0,Spring,Tuesday,4.56,48,1738.08,460.8
P-0018,Electronics,2023-04-04 18:01:04.812962593,231.51,368.72,371.49,14,27,0,Spring,Tuesday,4.5,14,5162.08,1920.94
P-0059,Home,2023-04-04 21:31:21.736347270,82.75,117.62,124.64,23,233,0,Spring,Tuesday,4.28,23,2705.26,802.01
P-0094,Grocery,2023-04-05 01:01:38.659731946,27.26,44.16,46.66,45,181,0,Spring,Wednesday,4.73,45,1987.2,760.5
P-0070,Sports,2023-04-05 04:31:55.583116623,77.95,105.84,118.23,33,109,1,Spring,Wednesday,4.07,33,3492.72,920.37
P-0015,Electronics,2023-04-05 08:02:12.506501300,162.63,300.73,286.46,26,36,1,Spring,Wednesday,4.33,26,7818.98,3590.6
P-0053,Beauty,2023-04-05 11:32:29.429885977,59.01,97.35,102.99,34,138,0,Spring,Wednesday,4.02,34,3309.9,1303.56
P-0071,Grocery,2023-04-05 15:02:46.353270654,24.83,31.95,33.57,50,235,1,Spring,Wednesday,4.56,50,1597.5,356.0
P-0052,Electronics,2023-04-05 18:33:03.276655331,202.35,368.3,329.3,4,226,0,Spring,Wednesday,3.78,4,1473.2,663.8
P-0016,Home,2023-04-05 22:03:20.200040008,94.43,125.64,129.18,24,39,0,Spring,Wednesday,3.34,24,3015.36,749.04
P-0031,Sports,2023-04-06 01:33:37.123424685,70.8,120.87,120.56,22,201,0,Spring,Thursday,4.39,22,2659.14,1101.54
P-0046,Grocery,2023-04-06 05:03:54.046809362,26.34,40.98,42.13,24,35,0,Spring,Thursday,3.64,24,983.52,351.36
P-0020,Home,2023-04-06 08:34:10.970194039,94.34,126.48,133.19,23,107,0,Spring,Thursday,3.6,23,2909.04,739.22
P-0043,Sports,2023-04-06 12:04:27.893578716,82.13,100.41,113.92,20,124,0,Spring,Thursday,4.67,20,2008.2,365.6
P-0026,Home,2023-04-06 15:34:44.816963393,100.43,161.98,149.27,20,20,0,Spring,Thursday,4.53,20,3239.6,1231.0
P-0014,Sports,2023-04-06 19:05:01.740348070,65.22,109.54,110.25,21,48,0,Spring,Thursday,3.95,21,2300.34,930.72
P-0038,Home,2023-04-06 22:35:18.663732747,81.41,144.66,137.41,24,230,1,Spring,Thursday,2.73,24,3471.84,1518.0
P-0002,Beauty,2023-04-07 02:05:35.587117424,35.55,50.05,45.09,18,169,0,Spring,Friday,4.34,18,900.9,261.0
P-0078,Home,2023-04-07 05:35:52.510502101,103.58,129.2,146.7,35,207,1,Spring,Friday,4.4,35,4522.0,896.7
P-0005,Home,2023-04-07 09:06:09.433886777,76.57,118.29,113.52,28,154,1,Spring,Friday,4.33,28,3312.12,1168.16
P-0012,Sports,2023-04-07 12:36:26.357271454,81.7,116.68,128.44,34,125,1,Spring,Friday,4.31,34,3967.12,1189.32
P-0031,Electronics,2023-04-07 16:06:43.280656131,222.47,293.39,296.38,13,19,0,Spring,Friday,4.02,13,3814.07,921.96
P-0065,Electronics,2023-04-07 19:37:00.204040808,230.24,357.75,330.26,15,148,0,Spring,Friday,3.92,15,5366.25,1912.65
P-0045,Home,2023-04-07 23:07:17.127425485,76.7,119.53,133.23,36,203,1,Spring,Friday,3.6,36,4303.08,1541.88
P-0004,Grocery,2023-04-08 02:37:34.050810162,23.75,40.13,35.91,38,65,0,Spring,Saturday,3.79,38,1524.94,622.44
P-0034,Grocery,2023-04-08 06:07:50.974194839,30.41,51.44,50.46,46,135,1,Spring,Saturday,4.24,46,2366.24,967.38
P-0005,Sports,2023-04-08 09:38:07.897579516,101.94,150.71,154.61,34,115,0,Spring,Saturday,4.25,34,5124.14,1658.18
P-0043,Home,2023-04-08 13:08:24.820964193,110.01,146.55,165.65,28,228,0,Spring,Saturday,4.46,28,4103.4,1023.12
P-0028,Home,2023-04-08 16:38:41.744348870,100.13,162.73,159.41,14,54,0,Spring,Saturday,3.47,14,2278.22,876.4
P-0090,Electronics,2023-04-08 20:08:58.667733547,176.23,245.13,245.43,9,40,0,Spring,Saturday,3.35,9,2206.17,620.1
P-0036,Beauty,2023-04-08 23:39:15.591118224,61.32,79.26,85.07,27,66,1,Spring,Saturday,3.93,27,2140.02,484.38
P-0059,Sports,2023-04-09 03:09:32.514502901,77.98,139.59,139.91,22,53,0,Spring,Sunday,3.64,22,3070.98,1355.42
P-0019,Grocery,2023-04-09 06:39:49.437887578,26.15,39.91,45.19,33,222,0,Spring,Sunday,4.18,33,1317.03,454.08
P-0049,Beauty,2023-04-09 10:10:06.361272255,49.43,91.65,81.84,22,78,0,Spring,Sunday,3.51,22,2016.3,928.84
P-0089,Home,2023-04-09 13:40:23.284656931,92.37,117.5,122.43,25,103,0,Spring,Sunday,4.63,25,2937.5,628.25
P-0003,Sports,2023-04-09 17:10:40.208041608,82.1,103.5,103.99,35,78,0,Spring,Sunday,3.73,35,3622.5,749.0
P-0031,Beauty,2023-04-09 20:40:57.131426285,57.17,82.24,76.98,34,214,0,Spring,Sunday,4.82,34,2796.16,852.38
P-0036,Electronics,2023-04-10 00:11:14.054810962,226.59,420.53,400.1,19,177,0,Spring,Monday,4.34,19,7990.07,3684.86
P-0047,Home,2023-04-10 03:41:30.978195639,86.2,160.11,146.45,20,131,0,Spring,Monday,3.63,20,3202.2,1478.2
P-0042,Electronics,2023-04-10 07:11:47.901580316,164.87,280.37,253.52,27,210,1,Spring,Monday,5.0,27,7569.99,3118.5
P-0100,Electronics,2023-04-10 10:42:04.824964993,264.59,436.53,471.72,20,32,0,Spring,Monday,4.22,20,8730.6,3438.8
P-0015,Electronics,2023-04-10 14:12:21.748349670,293.64,380.44,390.72,18,181,0,Spring,Monday,4.17,18,6847.92,1562.4
P-0026,Beauty,2023-04-10 17:42:38.671734347,58.94,95.92,91.8,35,103,1,Spring,Monday,4.07,35,3357.2,1294.3
P-0048,Grocery,2023-04-10 21:12:55.595119024,18.92,22.77,25.56,40,107,0,Spring,Monday,4.31,40,910.8,154.0
P-0062,Home,2023-04-11 00:43:12.518503701,83.25,124.24,118.09,21,53,0,Spring,Tuesday,4.34,21,2609.04,860.79
P-0009,Home,2023-04-11 04:13:29.441888378,102.74,159.98,181.55,13,38,0,Spring,Tuesday,3.71,13,2079.74,744.12
P-0075,Sports,2023-04-11 07:43:46.365273055,97.17,184.55,167.87,23,184,1,Spring,Tuesday,4.0,23,4244.65,2009.74
P-0053,Grocery,2023-04-11 11:14:03.288657732,19.34,26.58,25.26,37,223,0,Spring,Tuesday,4.15,37,983.46,267.88
P-0028,Beauty,2023-04-11 14:44:20.212042409,53.91,75.97,74.79,23,238,1,Spring,Tuesday,4.36,23,1747.31,507.38
P-0039,Home,2023-04-11 18:14:37.135427086,97.98,151.87,154.51,25,74,0,Spring,Tuesday,4.37,25,3796.75,1347.25
P-0006,Sports,2023-04-11 21:44:54.058811762,91.07,130.6,116.91,21,201,0,Spring,Tuesday,4.17,21,2742.6,830.13
P-0067,Home,2023-04-12 01:15:10.982196439,89.78,147.3,139.39,22,42,0,Spring,Wednesday,3.85,22,3240.6,1265.44
P-0080,Home,2023-04-12 04:45:27.905581116,71.23,120.2,111.94,32,205,1,Spring,Wednesday,3.83,32,3846.4,1567.04
P-0100,Sports,2023-04-12 08:15:44.828965793,87.95,133.69,124.01,20,153,0,Spring,Wednesday,3.56,20,2673.8,914.8
P-0029,Beauty,2023-04-12 11:46:01.752350470,64.9,81.08,91.59,21,226,0,Spring,Wednesday,4.37,21,1702.68,339.78
P-0028,Grocery,2023-04-12 15:16:18.675735147,23.68,29.1,32.58,31,31,1,Spring,Wednesday,3.82,31,902.1,168.02
P-0033,Beauty,2023-04-12 18:46:35.599119824,58.57,95.87,103.35,30,205,0,Spring,Wednesday,4.01,30,2876.1,1119.0
P-0014,Grocery,2023-04-12 22:16:52.522504501,22.18,33.68,32.47,44,129,0,Spring,Wednesday,4.21,44,1481.92,506.0
P-0042,Home,2023-04-13 01:47:09.445889178,82.14,132.96,129.12,16,154,0,Spring,Thursday,4.1,16,2127.36,813.12
P-0013,Home,2023-04-13 05:17:26.369273855,110.6,150.02,156.59,18,147,0,Spring,Thursday,4.1,18,2700.36,709.56
P-0004,Home,2023-04-13 08:47:43.292658532,100.89,183.84,165.1,14,189,0,Spring,Thursday,3.69,14,2573.76,1161.3
P-0034,Electronics,2023-04-13 12:18:00.216043209,226.48,266.86,295.74,29,161,1,Spring,Thursday,4.22,29,7738.94,1171.02
P-0086,Sports,2023-04-13 15:48:17.139427886,99.23,136.45,127.95,20,116,0,Spring,Thursday,3.96,20,2729.0,744.4
P-0098,Home,2023-04-13 19:18:34.062812563,78.97,130.44,131.04,17,121,0,Spring,Thursday,4.06,17,2217.48,874.99
P-0087,Beauty,2023-04-13 22:48:50.986197240,50.14,81.1,82.71,23,32,0,Spring,Thursday,4.62,23,1865.3,712.08
P-0096,Grocery,2023-04-14 02:19:07.909581916,24.61,30.44,34.35,46,192,0,Spring,Friday,4.33,46,1400.24,268.18
P-0088,Grocery,2023-04-14 05:49:24.832966593,21.83,33.27,31.55,39,187,0,Spring,Friday,3.84,39,1297.53,446.16
P-0066,Home,2023-04-14 09:19:41.756351270,106.9,202.29,189.91,16,153,0,Spring,Friday,4.03,16,3236.64,1526.24
P-0019,Beauty,2023-04-14 12:49:58.679735947,53.35,66.72,69.75,34,191,0,Spring,Friday,4.82,34,2268.48,454.58
P-0082,Sports,2023-04-14 16:20:15.603120624,67.3,91.27,90.9,13,80,0,Spring,Friday,3.96,13,1186.51,311.61
P-0098,Grocery,2023-04-14 19:50:32.526505301,24.25,36.97,36.05,33,69,0,Spring,Friday,4.12,33,1220.01,419.76
P-0050,Grocery,2023-04-14 23:20:49.449889978,24.65,33.54,34.64,32,241,0,Spring,Friday,4.4,32,1073.28,284.48
P-0067,Sports,2023-04-15 02:51:06.373274655,91.96,151.88,147.78,26,248,0,Spring,Saturday,4.2,26,3948.88,1557.92
P-0039,Grocery,2023-04-15 06:21:23.296659332,25.51,40.92,41.58,58,223,1,Spring,Saturday,3.93,58,2373.36,893.78
P-0060,Electronics,2023-04-15 09:51:40.220044008,225.49,378.64,347.14,12,27,0,Spring,Saturday,3.77,12,4543.68,1837.8
P-0003,Beauty,2023-04-15 13:21:57.143428686,57.82,96.52,91.71,22,149,0,Spring,Saturday,4.1,22,2123.44,851.4
P-0073,Electronics,2023-04-15 16:52:14.066813362,203.68,274.81,303.15,25,195,1,Spring,Saturday,4.4,25,6870.25,1778.25
P-0053,Grocery,2023-04-15 20:22:30.990198040,21.25,38.0,35.45,24,24,0,Spring,Saturday,4.69,24,912.0,402.0
P-0076,Sports,2023-04-15 23:52:47.913582716,83.7,102.4,106.56,26,252,1,Spring,Saturday,3.44,26,2662.4,486.2
P-0038,Beauty,2023-04-16 03:23:04.836967394,52.07,81.79,74.05,36,207,0,Spring,Sunday,4.89,36,2944.44,1069.92
P-0042,Home,2023-04-16 06:53:21.760352070,120.69,201.16,196.29,24,90,0,Spring,Sunday,3.97,24,4827.84,1931.28
P-0015,Electronics,2023-04-16 10:23:38.683736748,255.1,323.73,365.13,33,139,0,Spring,Sunday,4.52,33,10683.09,2264.79
P-0059,Sports,2023-04-16 13:53:55.607121424,88.1,120.34,113.93,22,238,0,Spring,Sunday,3.77,22,2647.48,709.28
P-0093,Electronics,2023-04-16 17:24:12.530506102,222.72,292.24,320.66,20,224,1,Spring,Sunday,3.38,20,5844.8,1390.4
P-0059,Electronics,2023-04-16 20:54:29.453890778,207.04,370.59,339.82,7,217,0,Spring,Sunday,3.51,7,2594.13,1144.85
P-0090,Home,2023-04-17 00:24:46.377275456,75.83,110.63,99.88,34,256,1,Spring,Monday,3.95,34,3761.42,1183.2
P-0001,Electronics,2023-04-17 03:55:03.300660132,202.74,349.89,334.23,24,197,1,Spring,Monday,4.34,24,8397.36,3531.6
P-0074,Beauty,2023-04-17 07:25:20.224044810,55.89,94.44,93.7,21,244,0,Spring,Monday,4.11,21,1983.24,809.55
P-0001,Beauty,2023-04-17 10:55:37.147429486,57.02,93.43,91.2,22,248,0,Spring,Monday,3.99,22,2055.46,801.02
P-0044,Home,2023-04-17 14:25:54.070814162,102.14,138.99,141.4,19,19,0,Spring,Monday,4.6,19,2640.81,700.15
P-0048,Electronics,2023-04-17 17:56:10.994198840,240.96,367.15,407.92,14,175,0,Spring,Monday,4.1,14,5140.1,1766.66
P-0047,Electronics,2023-04-17 21:26:27.917583516,186.74,281.74,255.45,14,96,0,Spring,Monday,4.23,14,3944.36,1330.0
P-0056,Home,2023-04-18 00:56:44.840968194,84.62,141.87,147.93,45,136,1,Spring,Tuesday,5.0,45,6384.15,2576.25
P-0077,Electronics,2023-04-18 04:27:01.764352870,258.75,404.96,424.0,9,56,0,Spring,Tuesday,4.1,9,3644.64,1315.89
P-0071,Grocery,2023-04-18 07:57:18.687737548,26.96,31.95,34.51,34,180,1,Spring,Tuesday,3.79,34,1086.3,169.66
P-0006,Electronics,2023-04-18 11:27:35.611122224,196.87,371.94,332.63,8,219,0,Spring,Tuesday,4.32,8,2975.52,1400.56
P-0076,Home,2023-04-18 14:57:52.534506902,93.37,157.88,142.72,25,115,0,Spring,Tuesday,4.43,25,3947.0,1612.75
P-0040,Home,2023-04-18 18:28:09.457891578,93.44,135.0,140.06,21,186,0,Spring,Tuesday,4.24,21,2835.0,872.76
P-0059,Home,2023-04-18 21:58:26.381276256,95.48,133.28,141.43,15,94,0,Spring,Tuesday,4.17,15,1999.2,567.0
P-0092,Electronics,2023-04-19 01:28:43.304660932,225.88,383.93,357.71,14,198,0,Spring,Wednesday,4.77,14,5375.02,2212.7
P-0029,Electronics,2023-04-19 04:59:00.228045610,295.18,477.57,486.61,20,35,0,Spring,Wednesday,4.71,20,9551.4,3647.8
P-0061,Sports,2023-04-19 08:29:17.151430286,82.43,159.79,143.66,35,230,1,Spring,Wednesday,4.05,35,5592.65,2707.6
P-0062,Electronics,2023-04-19 11:59:34.074814964,232.26,356.5,325.19,15,107,0,Spring,Wednesday,3.81,15,5347.5,1863.6
P-0051,Beauty,2023-04-19 15:29:50.998199640,40.16,68.12,64.13,25,138,0,Spring,Wednesday,4.29,25,1703.0,699.0
P-0026,Beauty,2023-04-19 19:00:07.921584316,50.73,74.43,82.56,27,211,0,Spring,Wednesday,3.81,27,2009.61,639.9
P-0075,Home,2023-04-19 22:30:24.844968994,113.68,193.23,184.29,22,22,0,Spring,Wednesday,4.5,22,4251.06,1750.1
P-0082,Home,2023-04-20 02:00:41.768353670,101.12,171.81,153.82,16,246,0,Spring,Thursday,4.29,16,2748.96,1131.04
P-0095,Grocery,2023-04-20 05:30:58.691738348,7.15,10.16,10.48,50,165,0,Spring,Thursday,5.0,50,508.0,150.5
P-0043,Grocery,2023-04-20 09:01:15.615123024,26.59,48.46,44.39,63,253,1,Spring,Thursday,4.76,63,3052.98,1377.81
P-0014,Home,2023-04-20 12:31:32.538507702,124.16,171.82,175.69,31,150,1,Spring,Thursday,3.61,31,5326.42,1477.46
P-0090,Home,2023-04-20 16:01:49.461892378,64.66,98.2,88.22,26,65,1,Spring,Thursday,3.87,26,2553.2,872.04
P-0061,Home,2023-04-20 19:32:06.385277056,118.09,189.81,183.06,21,157,0,Spring,Thursday,3.24,21,3986.01,1506.12
P-0013,Beauty,2023-04-20 23:02:23.308661732,30.61,38.63,42.77,39,155,1,Spring,Thursday,3.14,39,1506.57,312.78
P-0078,Grocery,2023-04-21 02:32:40.232046410,27.6,34.82,35.0,53,240,1,Spring,Friday,4.15,53,1845.46,382.66
P-0071,Home,2023-04-21 06:02:57.155431086,94.87,108.17,121.28,18,156,0,Spring,Friday,3.56,18,1947.06,239.4
P-0084,Home,2023-04-21 09:33:14.078815764,59.28,94.32,96.76,45,114,1,Spring,Friday,4.84,45,4244.4,1576.8
P-0043,Sports,2023-04-21 13:03:31.002200440,85.71,168.26,153.01,18,58,0,Spring,Friday,4.62,18,3028.68,1485.9
P-0048,Electronics,2023-04-21 16:33:47.925585118,248.67,349.05,373.02,16,94,0,Spring,Friday,3.98,16,5584.8,1606.08
P-0013,Beauty,2023-04-21 20:04:04.848969794,58.2,85.84,77.46,21,157,0,Spring,Friday,3.95,21,1802.64,580.44
P-0043,Grocery,2023-04-21 23:34:21.772354472,26.25,40.34,44.62,40,105,0,Spring,Friday,4.77,40,1613.6,563.6
P-0056,Electronics,2023-04-22 03:04:38.695739148,196.17,284.24,273.42,16,103,0,Spring,Saturday,4.87,16,4547.84,1409.12
P-0087,Electronics,2023-04-22 06:34:55.619123824,147.46,294.7,265.07,9,18,0,Spring,Saturday,3.68,9,2652.3,1325.16
P-0022,Electronics,2023-04-22 10:05:12.542508502,233.25,377.28,363.82,13,245,0,Spring,Saturday,3.62,13,4904.64,1872.39
P-0005,Sports,2023-04-22 13:35:29.465893178,102.4,154.61,141.1,34,219,1,Spring,Saturday,3.96,34,5256.74,1775.14
P-0030,Electronics,2023-04-22 17:05:46.389277856,247.95,422.08,377.58,11,77,0,Spring,Saturday,4.29,11,4642.88,1915.43
P-0021,Electronics,2023-04-22 20:36:03.312662532,143.21,212.42,205.43,16,48,0,Spring,Saturday,3.87,16,3398.72,1107.36
P-0046,Electronics,2023-04-23 00:06:20.236047210,159.1,285.17,267.08,10,219,0,Spring,Sunday,4.3,10,2851.7,1260.7
P-0071,Electronics,2023-04-23 03:36:37.159431886,181.58,210.86,237.54,18,219,0,Spring,Sunday,4.98,18,3795.48,527.04
P-0037,Grocery,2023-04-23 07:06:54.082816564,17.88,30.24,30.78,39,234,1,Spring,Sunday,3.47,39,1179.36,482.04
P-0035,Home,2023-04-23 10:37:11.006201240,95.67,151.83,159.96,21,149,0,Spring,Sunday,3.9,21,3188.43,1179.36
P-0039,Beauty,2023-04-23 14:07:27.929585918,58.46,108.61,100.77,14,195,0,Spring,Sunday,3.48,14,1520.54,702.1
P-0098,Beauty,2023-04-23 17:37:44.852970594,42.41,77.04,73.89,40,193,1,Spring,Sunday,3.72,40,3081.6,1385.2
P-0040,Grocery,2023-04-23 21:08:01.776355272,26.98,38.15,37.13,42,67,0,Spring,Sunday,3.97,42,1602.3,469.14
P-0072,Electronics,2023-04-24 00:38:18.699739948,230.2,390.35,353.71,5,143,0,Spring,Monday,3.77,5,1951.75,800.75
P-0002,Sports,2023-04-24 04:08:35.623124626,72.98,112.97,125.34,27,78,0,Spring,Monday,4.33,27,3050.19,1079.73
P-0012,Beauty,2023-04-24 07:38:52.546509302,53.48,86.44,77.95,19,199,0,Spring,Monday,4.17,19,1642.36,626.24
P-0037,Electronics,2023-04-24 11:09:09.469893978,144.49,167.64,185.41,27,252,1,Spring,Monday,4.23,27,4526.28,625.05
P-0054,Grocery,2023-04-24 14:39:26.393278656,22.72,30.86,32.04,33,33,0,Spring,Monday,3.96,33,1018.38,268.62
P-0040,Sports,2023-04-24 18:09:43.316663332,80.09,114.23,110.77,17,33,0,Spring,Monday,4.0,17,1941.91,580.38
P-0027,Home,2023-04-24 21:40:00.240048010,97.56,162.22,168.64,35,79,1,Spring,Monday,3.94,35,5677.7,2263.1
P-0060,Sports,2023-04-25 01:10:17.163432686,84.85,133.3,127.71,16,43,0,Spring,Tuesday,3.99,16,2132.8,775.2
P-0027,Beauty,2023-04-25 04:40:34.086817364,57.15,99.06,92.92,17,17,0,Spring,Tuesday,4.29,17,1684.02,712.47
P-0049,Beauty,2023-04-25 08:10:51.010202040,52.67,101.1,93.71,18,254,0,Spring,Tuesday,3.23,18,1819.8,871.74
P-0012,Sports,2023-04-25 11:41:07.933586718,83.66,109.23,118.34,24,157,0,Spring,Tuesday,4.23,24,2621.52,613.68
P-0018,Home,2023-04-25 15:11:24.856971394,110.23,169.91,183.94,27,205,0,Spring,Tuesday,3.71,27,4587.57,1611.36
P-0091,Grocery,2023-04-25 18:41:41.780356072,23.63,26.62,29.83,52,153,0,Spring,Tuesday,3.95,52,1384.24,155.48
P-0059,Home,2023-04-25 22:11:58.703740748,99.83,130.21,130.5,11,197,0,Spring,Tuesday,3.4,11,1432.31,334.18
P-0031,Grocery,2023-04-26 01:42:15.627125426,23.29,28.48,31.19,39,183,0,Spring,Wednesday,3.94,39,1110.72,202.41
P-0004,Beauty,2023-04-26 05:12:32.550510102,49.31,67.06,70.11,34,54,1,Spring,Wednesday,4.23,34,2280.04,603.5
P-0079,Electronics,2023-04-26 08:42:49.473894780,227.57,362.26,334.9,7,51,0,Spring,Wednesday,4.31,7,2535.82,942.83
P-0034,Home,2023-04-26 12:13:06.397279456,86.56,145.01,130.91,24,134,1,Spring,Wednesday,3.57,24,3480.24,1402.8
P-0046,Home,2023-04-26 15:43:23.320664132,100.87,150.5,139.7,19,105,0,Spring,Wednesday,4.28,19,2859.5,942.97
P-0063,Electronics,2023-04-26 19:13:40.244048810,210.95,238.85,271.37,19,220,0,Spring,Wednesday,4.61,19,4538.15,530.1
P-0008,Electronics,2023-04-26 22:43:57.167433486,199.79,329.48,324.19,8,90,0,Spring,Wednesday,3.88,8,2635.84,1037.52
P-0063,Home,2023-04-27 02:14:14.090818164,90.01,104.59,113.68,16,95,0,Spring,Thursday,4.1,16,1673.44,233.28
P-0100,Electronics,2023-04-27 05:44:31.014202840,192.93,317.31,327.06,10,144,0,Spring,Thursday,3.17,10,3173.1,1243.8
P-0019,Electronics,2023-04-27 09:14:47.937587518,154.7,267.72,272.43,22,62,1,Spring,Thursday,3.7,22,5889.84,2486.44
P-0094,Grocery,2023-04-27 12:45:04.860972194,25.47,46.23,41.79,63,225,1,Spring,Thursday,4.22,63,2912.49,1307.88
P-0034,Grocery,2023-04-27 16:15:21.784356872,24.89,40.53,39.27,17,17,0,Spring,Thursday,4.53,17,689.01,265.88
P-0001,Grocery,2023-04-27 19:45:38.707741548,27.26,41.48,43.93,46,222,0,Spring,Thursday,3.83,46,1908.08,654.12
P-0046,Home,2023-04-27 23:15:55.631126226,86.92,144.62,139.83,24,167,0,Spring,Thursday,5.0,24,3470.88,1384.8
P-0021,Sports,2023-04-28 02:46:12.554510902,104.26,203.68,183.75,27,232,1,Spring,Friday,4.24,27,5499.36,2684.34
P-0042,Beauty,2023-04-28 06:16:29.477895580,51.66,82.24,91.97,21,86,0,Spring,Friday,3.53,21,1727.04,642.18
P-0018,Electronics,2023-04-28 09:46:46.401280256,180.6,288.47,268.14,14,235,0,Spring,Friday,4.68,14,4038.58,1510.18
P-0069,Electronics,2023-04-28 13:17:03.324664934,176.61,261.63,280.7,16,226,0,Spring,Friday,3.54,16,4186.08,1360.32
P-0037,Grocery,2023-04-28 16:47:20.248049610,17.34,26.89,29.33,49,126,0,Spring,Friday,4.25,49,1317.61,467.95
P-0075,Electronics,2023-04-28 20:17:37.171434286,261.5,358.32,327.02,6,84,0,Spring,Friday,3.68,6,2149.92,580.92
P-0022,Beauty,2023-04-28 23:47:54.094818964,67.07,90.93,103.28,22,63,0,Spring,Friday,3.49,22,2000.46,524.92
P-0005,Sports,2023-04-29 03:18:11.018203640,87.69,149.26,141.1,34,52,0,Spring,Saturday,4.53,34,5074.84,2093.38
P-0033,Electronics,2023-04-29 06:48:27.941588318,179.89,266.51,295.82,23,157,0,Spring,Saturday,3.98,23,6129.73,1992.26
P-0075,Electronics,2023-04-29 10:18:44.864972994,270.86,404.65,393.51,20,250,0,Spring,Saturday,4.88,20,8093.0,2675.8
P-0099,Sports,2023-04-29 13:49:01.788357672,75.5,109.74,106.65,39,153,1,Spring,Saturday,3.64,39,4279.86,1335.36
P-0088,Beauty,2023-04-29 17:19:18.711742348,52.63,77.25,71.06,15,251,0,Spring,Saturday,3.4,15,1158.75,369.3
P-0001,Electronics,2023-04-29 20:49:35.635127026,258.29,433.24,402.11,15,200,0,Spring,Saturday,3.88,15,6498.6,2624.25
P-0092,Sports,2023-04-30 00:19:52.558511702,88.43,162.15,155.25,25,182,0,Spring,Sunday,5.0,25,4053.75,1843.0
P-0040,Sports,2023-04-30 03:50:09.481896380,108.17,183.12,188.52,23,192,0,Spring,Sunday,4.48,23,4211.76,1723.85
P-0006,Beauty,2023-04-30 07:20:26.405281056,57.19,76.18,82.81,25,242,0,Spring,Sunday,4.35,25,1904.5,474.75
P-0024,Grocery,2023-04-30 10:50:43.328665734,22.48,32.31,31.29,51,225,1,Spring,Sunday,4.36,51,1647.81,501.33
P-0089,Home,2023-04-30 14:21:00.252050410,85.7,144.2,144.3,20,54,0,Spring,Sunday,3.88,20,2884.0,1170.0
P-0060,Electronics,2023-04-30 17:51:17.175435088,147.94,219.2,243.91,35,158,1,Spring,Sunday,5.0,35,7672.0,2494.1
P-0017,Beauty,2023-04-30 21:21:34.098819764,52.55,89.07,80.29,27,127,0,Spring,Sunday,4.31,27,2404.89,986.04
P-0080,Home,2023-05-01 00:51:51.022204442,112.4,157.22,164.55,20,230,0,Spring,Monday,4.26,20,3144.4,896.4
P-0034,Grocery,2023-05-01 04:22:07.945589118,26.3,30.53,34.67,41,65,0,Spring,Monday,4.54,41,1251.73,173.43
P-0012,Grocery,2023-05-01 07:52:24.868973794,24.08,44.4,40.5,33,215,0,Spring,Monday,3.53,33,1465.2,670.56
P-0039,Electronics,2023-05-01 11:22:41.792358472,176.57,285.87,280.68,12,132,0,Spring,Monday,3.7,12,3430.44,1311.6
P-0077,Beauty,2023-05-01 14:52:58.715743148,57.0,87.72,83.07,22,243,0,Spring,Monday,3.99,22,1929.84,675.84
P-0030,Home,2023-05-01 18:23:15.639127826,110.39,177.62,193.77,23,208,0,Spring,Monday,4.55,23,4085.26,1546.29
P-0017,Sports,2023-05-01 21:53:32.562512502,85.51,134.75,137.91,26,99,0,Spring,Monday,3.52,26,3503.5,1280.24
P-0030,Home,2023-05-02 01:23:49.485897180,97.53,177.74,171.76,17,222,0,Spring,Tuesday,4.07,17,3021.58,1363.57
P-0080,Beauty,2023-05-02 04:54:06.409281856,47.99,68.18,72.51,32,60,1,Spring,Tuesday,4.01,32,2181.76,646.08
P-0017,Beauty,2023-05-02 08:24:23.332666534,62.63,98.49,93.95,14,16,0,Spring,Tuesday,3.39,14,1378.86,502.04
P-0047,Home,2023-05-02 11:54:40.256051210,47.4,78.33,83.68,21,139,0,Spring,Tuesday,3.87,21,1644.93,649.53
P-0066,Grocery,2023-05-02 15:24:57.179435888,25.47,42.12,45.28,44,110,0,Spring,Tuesday,4.34,44,1853.28,732.6
P-0007,Grocery,2023-05-02 18:55:14.102820564,33.87,53.18,60.24,37,45,0,Spring,Tuesday,3.43,37,1967.66,714.47
P-0059,Beauty,2023-05-02 22:25:31.026205242,41.73,67.25,70.96,31,258,0,Spring,Tuesday,4.74,31,2084.75,791.12
P-0079,Grocery,2023-05-03 01:55:47.949589918,23.07,32.59,34.7,24,24,0,Spring,Wednesday,4.31,24,782.16,228.48
P-0062,Sports,2023-05-03 05:26:04.872974596,79.9,116.04,109.12,23,159,0,Spring,Wednesday,4.26,23,2668.92,831.22
P-0019,Home,2023-05-03 08:56:21.796359272,87.97,130.66,128.51,22,78,0,Spring,Wednesday,4.1,22,2874.52,939.18
P-0053,Beauty,2023-05-03 12:26:38.719743948,64.12,104.48,113.24,33,87,0,Spring,Wednesday,3.61,33,3447.84,1331.88
P-0091,Electronics,2023-05-03 15:56:55.643128626,225.87,332.85,327.5,17,66,0,Spring,Wednesday,3.81,17,5658.45,1818.66
P-0023,Grocery,2023-05-03 19:27:12.566513302,24.58,38.26,40.96,56,110,1,Spring,Wednesday,4.26,56,2142.56,766.08
P-0017,Beauty,2023-05-03 22:57:29.489897980,62.02,107.06,109.01,24,178,0,Spring,Wednesday,3.81,24,2569.44,1080.96
P-0059,Home,2023-05-04 02:27:46.413282656,95.25,185.73,169.9,19,94,0,Spring,Thursday,4.18,19,3528.87,1719.12
P-0042,Electronics,2023-05-04 05:58:03.336667334,316.84,590.72,561.19,13,191,0,Spring,Thursday,3.7,13,7679.36,3560.44
P-0066,Sports,2023-05-04 09:28:20.260052010,81.94,132.06,127.44,22,124,0,Spring,Thursday,4.3,22,2905.32,1102.64
P-0061,Home,2023-05-04 12:58:37.183436688,97.97,141.16,148.97,27,207,0,Spring,Thursday,4.34,27,3811.32,1166.13
P-0006,Grocery,2023-05-04 16:28:54.106821364,17.43,28.44,31.26,48,123,1,Spring,Thursday,3.37,48,1365.12,528.48
P-0073,Electronics,2023-05-04 19:59:11.030206042,191.74,278.63,262.68,13,104,0,Spring,Thursday,4.13,13,3622.19,1129.57
P-0099,Sports,2023-05-04 23:29:27.953590718,94.69,130.22,128.13,14,139,1,Spring,Thursday,3.42,14,1823.08,497.42
P-0014,Electronics,2023-05-05 02:59:44.876975396,165.13,302.55,293.89,7,183,0,Spring,Friday,3.26,7,2117.85,961.94
P-0058,Electronics,2023-05-05 06:30:01.800360072,137.51,249.55,224.01,9,128,0,Spring,Friday,3.83,9,2245.95,1008.36
P-0038,Sports,2023-05-05 10:00:18.723744750,80.41,119.71,124.23,20,237,0,Spring,Friday,5.0,20,2394.2,786.0
P-0064,Sports,2023-05-05 13:30:35.647129426,97.55,138.33,129.02,28,141,1,Spring,Friday,4.45,28,3873.24,1141.84
P-0059,Electronics,2023-05-05 17:00:52.570514102,211.42,328.54,323.96,18,87,0,Spring,Friday,4.73,18,5913.72,2108.16
P-0057,Beauty,2023-05-05 20:31:09.493898780,52.04,86.23,92.08,21,21,1,Spring,Friday,4.37,21,1810.83,717.99
P-0014,Grocery,2023-05-06 00:01:26.417283456,16.86,23.81,26.67,76,111,1,Spring,Saturday,4.19,76,1809.56,528.2
P-0070,Sports,2023-05-06 03:31:43.340668134,85.79,129.85,126.33,28,28,0,Spring,Saturday,4.5,28,3635.8,1233.68
P-0068,Home,2023-05-06 07:02:00.264052810,105.05,155.23,163.15,20,23,0,Spring,Saturday,3.81,20,3104.6,1003.6
P-0066,Beauty,2023-05-06 10:32:17.187437488,39.32,71.51,68.31,27,105,0,Spring,Saturday,4.31,27,1930.77,869.13
P-0020,Grocery,2023-05-06 14:02:34.110822164,28.36,52.08,49.69,53,86,1,Spring,Saturday,4.63,53,2760.24,1257.16
P-0080,Grocery,2023-05-06 17:32:51.034206842,26.94,39.18,39.6,50,231,1,Spring,Saturday,4.41,50,1959.0,612.0
P-0022,Grocery,2023-05-06 21:03:07.957591518,28.35,45.31,44.92,37,193,0,Spring,Saturday,4.66,37,1676.47,627.52
P-0017,Beauty,2023-05-07 00:33:24.880976196,60.14,86.97,84.41,44,208,0,Spring,Sunday,4.18,44,3826.68,1180.52
P-0033,Electronics,2023-05-07 04:03:41.804360872,231.96,344.88,347.5,16,148,0,Spring,Sunday,4.86,16,5518.08,1806.72
P-0017,Sports,2023-05-07 07:33:58.727745550,86.67,129.58,118.82,9,41,0,Spring,Sunday,4.01,9,1166.22,386.19
P-0034,Sports,2023-05-07 11:04:15.651130226,91.12,126.24,140.54,41,223,0,Spring,Sunday,5.0,41,5175.84,1439.92
P-0022,Grocery,2023-05-07 14:34:32.574514904,17.02,29.76,26.69,43,136,1,Spring,Sunday,4.36,43,1279.68,547.82
P-0008,Electronics,2023-05-07 18:04:49.497899580,159.56,203.45,229.1,24,120,0,Spring,Sunday,3.93,24,4882.8,1053.36
P-0097,Electronics,2023-05-07 21:35:06.421284256,185.27,241.15,259.32,22,163,1,Spring,Sunday,3.57,22,5305.3,1229.36
P-0068,Grocery,2023-05-08 01:05:23.344668934,23.5,32.9,31.33,48,55,1,Spring,Monday,3.74,48,1579.2,451.2
P-0036,Electronics,2023-05-08 04:35:40.268053610,223.04,266.44,295.92,14,132,0,Spring,Monday,3.67,14,3730.16,607.6
P-0039,Sports,2023-05-08 08:05:57.191438288,84.16,130.25,138.13,20,163,0,Spring,Monday,4.06,20,2605.0,921.8
P-0032,Home,2023-05-08 11:36:14.114822964,111.98,140.87,153.63,22,185,0,Spring,Monday,3.53,22,3099.14,635.58
P-0075,Grocery,2023-05-08 15:06:31.038207642,28.41,39.36,37.36,42,137,0,Spring,Monday,4.68,42,1653.12,459.9
P-0023,Sports,2023-05-08 18:36:47.961592318,68.83,126.2,123.85,26,259,0,Spring,Monday,4.15,26,3281.2,1491.62
P-0010,Home,2023-05-08 22:07:04.884976996,98.63,123.03,137.39,18,257,0,Spring,Monday,4.13,18,2214.54,439.2
P-0049,Home,2023-05-09 01:37:21.808361672,82.11,141.73,143.1,21,38,0,Spring,Tuesday,3.58,21,2976.33,1252.02
P-0023,Beauty,2023-05-09 05:07:38.731746350,53.34,78.63,84.55,35,35,1,Spring,Tuesday,3.75,35,2752.05,885.15
P-0091,Beauty,2023-05-09 08:37:55.655131026,57.83,105.7,95.03,18,141,0,Spring,Tuesday,3.1,18,1902.6,861.66
P-0036,Home,2023-05-09 12:08:12.578515704,43.19,60.98,67.31,24,217,0,Spring,Tuesday,4.83,24,1463.52,426.96
P-0068,Beauty,2023-05-09 15:38:29.501900380,76.22,105.27,102.85,35,140,1,Spring,Tuesday,3.46,35,3684.45,1016.75
P-0040,Sports,2023-05-09 19:08:46.425285058,87.25,149.06,149.71,18,68,0,Spring,Tuesday,3.5,18,2683.08,1112.58
P-0019,Beauty,2023-05-09 22:39:03.348669734,49.76,86.45,84.86,26,152,0,Spring,Tuesday,4.74,26,2247.7,953.94
P-0032,Electronics,2023-05-10 02:09:20.272054412,274.76,439.71,396.29,12,246,0,Spring,Wednesday,4.27,12,5276.52,1979.4
P-0084,Home,2023-05-10 05:39:37.195439088,89.72,144.13,149.84,19,55,0,Spring,Wednesday,4.15,19,2738.47,1033.79
P-0008,Home,2023-05-10 09:09:54.118823764,97.01,159.21,150.24,23,124,0,Spring,Wednesday,4.25,23,3661.83,1430.6
P-0095,Electronics,2023-05-10 12:40:11.042208442,193.63,334.58,338.85,21,171,0,Spring,Wednesday,4.53,21,7026.18,2959.95
P-0003,Electronics,2023-05-10 16:10:27.965593118,265.51,466.45,449.12,9,111,0,Spring,Wednesday,4.14,9,4198.05,1808.46
P-0072,Grocery,2023-05-10 19:40:44.888977796,23.6,29.06,30.03,25,25,0,Spring,Wednesday,3.41,25,726.5,136.5
P-0070,Home,2023-05-10 23:11:01.812362472,97.27,157.59,168.63,29,179,0,Spring,Wednesday,4.43,29,4570.11,1749.28
P-0060,Sports,2023-05-11 02:41:18.735747150,95.41,153.09,170.09,25,196,0,Spring,Thursday,4.29,25,3827.25,1442.0
P-0007,Home,2023-05-11 06:11:35.659131826,103.89,155.8,172.27,35,175,1,Spring,Thursday,4.63,35,5453.0,1816.85
P-0068,Electronics,2023-05-11 09:41:52.582516504,208.17,304.15,273.94,11,177,1,Spring,Thursday,3.54,11,3345.65,1055.78
P-0007,Grocery,2023-05-11 13:12:09.505901180,28.26,51.18,47.87,38,175,0,Spring,Thursday,3.77,38,1944.84,870.96
P-0074,Sports,2023-05-11 16:42:26.429285858,112.49,169.61,180.67,23,95,0,Spring,Thursday,4.28,23,3901.03,1313.76
P-0078,Home,2023-05-11 20:12:43.352670534,99.82,144.38,143.38,10,19,0,Spring,Thursday,3.67,10,1443.8,445.6
P-0086,Electronics,2023-05-11 23:43:00.276055212,213.92,390.51,371.41,22,257,1,Spring,Thursday,3.04,22,8591.22,3884.98
P-0039,Electronics,2023-05-12 03:13:17.199439888,215.73,324.85,336.77,26,65,1,Spring,Friday,4.19,26,8446.1,2837.12
P-0066,Beauty,2023-05-12 06:43:34.122824566,66.53,112.72,114.37,32,218,0,Spring,Friday,4.5,32,3607.04,1478.08
P-0019,Beauty,2023-05-12 10:13:51.046209242,49.73,84.71,80.49,25,147,0,Spring,Friday,4.04,25,2117.75,874.5
P-0054,Home,2023-05-12 13:44:07.969593918,90.77,119.51,127.87,20,147,0,Spring,Friday,4.35,20,2390.2,574.8
P-0073,Electronics,2023-05-12 17:14:24.892978596,158.34,284.63,282.84,14,20,0,Spring,Friday,4.28,14,3984.82,1768.06
P-0019,Beauty,2023-05-12 20:44:41.816363272,44.58,64.88,69.73,20,257,0,Spring,Friday,4.1,20,1297.6,406.0
P-0084,Sports,2023-05-13 00:14:58.739747950,73.37,99.14,112.57,32,144,0,Spring,Saturday,4.16,32,3172.48,824.64
P-0038,Grocery,2023-05-13 03:45:15.663132626,23.79,36.62,35.02,36,218,0,Spring,Saturday,4.71,36,1318.32,461.88
P-0093,Beauty,2023-05-13 07:15:32.586517304,70.57,98.15,93.5,25,205,0,Spring,Saturday,3.67,25,2453.75,689.5
P-0009,Electronics,2023-05-13 10:45:49.509901980,228.01,415.22,371.07,18,48,0,Spring,Saturday,4.45,18,7473.96,3369.78
P-0023,Home,2023-05-13 14:16:06.433286658,81.14,111.41,120.65,17,247,0,Spring,Saturday,3.57,17,1893.97,514.59
P-0073,Home,2023-05-13 17:46:23.356671334,83.93,156.57,148.06,19,159,0,Spring,Saturday,3.74,19,2974.83,1380.16
P-0020,Grocery,2023-05-13 21:16:40.280056012,29.28,57.75,52.14,32,60,0,Spring,Saturday,4.64,32,1848.0,911.04
P-0100,Sports,2023-05-14 00:46:57.203440688,94.42,163.37,157.89,20,157,0,Spring,Sunday,3.56,20,3267.4,1379.0
P-0095,Sports,2023-05-14 04:17:14.126825366,80.36,123.53,111.17,26,166,1,Spring,Sunday,3.99,26,3211.78,1122.42
P-0010,Sports,2023-05-14 07:47:31.050210042,74.34,136.7,122.2,25,174,0,Spring,Sunday,5.0,25,3417.5,1559.0
P-0085,Sports,2023-05-14 11:17:47.973594720,94.4,127.68,119.06,38,93,1,Spring,Sunday,4.56,38,4851.84,1264.64
P-0045,Sports,2023-05-14 14:48:04.896979396,67.29,128.44,114.7,27,245,0,Spring,Sunday,3.77,27,3467.88,1651.05
P-0085,Electronics,2023-05-14 18:18:21.820364072,223.17,349.8,339.55,14,73,0,Spring,Sunday,3.85,14,4897.2,1772.82
P-0071,Electronics,2023-05-14 21:48:38.743748750,286.36,505.12,505.48,19,135,0,Spring,Sunday,4.02,19,9597.28,4156.44
P-0032,Home,2023-05-15 01:18:55.667133426,98.12,157.38,143.04,14,220,0,Spring,Monday,4.69,14,2203.32,829.64
P-0003,Beauty,2023-05-15 04:49:12.590518104,48.17,72.52,67.18,31,33,1,Spring,Monday,3.65,31,2248.12,754.85
P-0032,Electronics,2023-05-15 08:19:29.513902780,223.79,364.57,402.21,12,113,0,Spring,Monday,3.62,12,4374.84,1689.36
P-0044,Grocery,2023-05-15 11:49:46.437287458,22.2,32.61,34.23,56,132,1,Spring,Monday,4.42,56,1826.16,582.96
P-0054,Beauty,2023-05-15 15:20:03.360672134,42.73,69.47,73.7,26,204,1,Spring,Monday,3.34,26,1806.22,695.24
P-0080,Beauty,2023-05-15 18:50:20.284056812,61.17,116.24,107.11,32,208,1,Spring,Monday,3.69,32,3719.68,1762.24
P-0082,Electronics,2023-05-15 22:20:37.207441488,247.56,355.71,380.04,14,210,0,Spring,Monday,4.06,14,4979.94,1514.1
P-0030,Home,2023-05-16 01:50:54.130826166,90.27,129.09,135.46,21,102,0,Spring,Tuesday,4.08,21,2710.89,815.22
P-0020,Electronics,2023-05-16 05:21:11.054210842,197.32,308.03,306.65,19,135,1,Spring,Tuesday,3.49,19,5852.57,2103.49
P-0066,Sports,2023-05-16 08:51:27.977595520,67.69,104.35,116.17,18,21,0,Spring,Tuesday,4.26,18,1878.3,659.88
P-0075,Beauty,2023-05-16 12:21:44.900980196,53.68,106.16,95.58,38,216,1,Spring,Tuesday,4.35,38,4034.08,1994.24
P-0061,Grocery,2023-05-16 15:52:01.824364874,21.84,31.17,31.24,25,89,0,Spring,Tuesday,3.8,25,779.25,233.25
P-0062,Home,2023-05-16 19:22:18.747749550,79.63,122.09,131.89,27,129,1,Spring,Tuesday,4.85,27,3296.43,1146.42
P-0071,Home,2023-05-16 22:52:35.671134226,123.76,164.54,174.12,30,182,1,Spring,Tuesday,4.25,30,4936.2,1223.4
P-0041,Home,2023-05-17 02:22:52.594518904,102.09,173.5,161.92,30,205,1,Spring,Wednesday,3.65,30,5205.0,2142.3
P-0025,Grocery,2023-05-17 05:53:09.517903580,26.2,45.78,44.35,36,36,0,Spring,Wednesday,4.83,36,1648.08,704.88
P-0079,Grocery,2023-05-17 09:23:26.441288258,27.39,47.19,47.59,42,202,0,Spring,Wednesday,3.86,42,1981.98,831.6
P-0017,Electronics,2023-05-17 12:53:43.364672934,235.91,338.84,353.11,21,107,0,Spring,Wednesday,4.18,21,7115.64,2161.53
P-0006,Sports,2023-05-17 16:24:00.288057612,74.71,119.02,108.58,17,117,0,Spring,Wednesday,3.88,17,2023.34,753.27
P-0002,Electronics,2023-05-17 19:54:17.211442288,219.16,324.42,304.5,13,47,0,Spring,Wednesday,4.38,13,4217.46,1368.38
P-0040,Sports,2023-05-17 23:24:34.134826966,76.56,106.62,101.32,13,190,0,Spring,Wednesday,3.88,13,1386.06,390.78
P-0049,Electronics,2023-05-18 02:54:51.058211642,224.73,321.79,326.02,30,131,1,Spring,Thursday,3.91,30,9653.7,2911.8
P-0055,Home,2023-05-18 06:25:07.981596320,100.19,193.3,173.29,12,40,0,Spring,Thursday,4.03,12,2319.6,1117.32
P-0019,Grocery,2023-05-18 09:55:24.904980996,22.53,35.03,33.35,39,49,0,Spring,Thursday,3.87,39,1366.17,487.5
P-0043,Electronics,2023-05-18 13:25:41.828365674,165.34,231.21,235.53,17,191,0,Spring,Thursday,4.58,17,3930.57,1119.79
P-0066,Home,2023-05-18 16:55:58.751750350,97.22,178.85,161.05,17,41,1,Spring,Thursday,3.53,17,3040.45,1387.71
P-0030,Beauty,2023-05-18 20:26:15.675135028,53.2,79.73,72.81,33,142,0,Spring,Thursday,4.08,33,2631.09,875.49
P-0055,Home,2023-05-18 23:56:32.598519704,66.27,97.49,92.18,15,185,0,Spring,Thursday,4.14,15,1462.35,468.3
P-0028,Grocery,2023-05-19 03:26:49.521904382,25.95,48.73,45.8,25,238,0,Spring,Friday,4.04,25,1218.25,569.5
P-0084,Sports,2023-05-19 06:57:06.445289058,92.36,117.4,119.59,22,53,0,Spring,Friday,4.54,22,2582.8,550.88
P-0045,Sports,2023-05-19 10:27:23.368673734,112.36,166.36,166.07,17,87,0,Spring,Friday,3.42,17,2828.12,918.0
P-0081,Home,2023-05-19 13:57:40.292058412,89.05,129.23,139.56,30,52,1,Spring,Friday,4.36,30,3876.9,1205.4
P-0034,Beauty,2023-05-19 17:27:57.215443088,50.26,70.77,69.19,15,230,0,Spring,Friday,3.54,15,1061.55,307.65
P-0037,Home,2023-05-19 20:58:14.138827766,78.14,106.32,109.75,18,160,0,Spring,Friday,3.87,18,1913.76,507.24
P-0076,Home,2023-05-20 00:28:31.062212442,98.17,129.76,134.69,34,255,1,Spring,Saturday,3.49,34,4411.84,1074.06
P-0030,Electronics,2023-05-20 03:58:47.985597120,216.8,345.74,312.16,10,25,0,Spring,Saturday,3.95,10,3457.4,1289.4
P-0072,Sports,2023-05-20 07:29:04.908981796,69.62,111.66,121.43,25,187,0,Spring,Saturday,3.84,25,2791.5,1051.0
P-0009,Sports,2023-05-20 10:59:21.832366474,77.76,124.82,115.66,22,23,0,Spring,Saturday,4.84,22,2746.04,1035.32
P-0085,Grocery,2023-05-20 14:29:38.755751150,16.4,23.0,24.27,41,41,0,Spring,Saturday,4.21,41,943.0,270.6
P-0076,Beauty,2023-05-20 17:59:55.679135828,63.15,81.91,92.36,30,120,0,Spring,Saturday,4.3,30,2457.3,562.8
P-0057,Beauty,2023-05-20 21:30:12.602520504,48.22,76.37,85.84,36,104,1,Spring,Saturday,3.6,36,2749.32,1013.4
P-0050,Beauty,2023-05-21 01:00:29.525905182,54.7,70.68,71.9,36,104,1,Spring,Sunday,4.43,36,2544.48,575.28
P-0038,Beauty,2023-05-21 04:30:46.449289858,42.45,72.62,73.42,31,31,1,Spring,Sunday,4.84,31,2251.22,935.27
P-0034,Home,2023-05-21 08:01:03.372674536,86.15,117.88,123.19,29,148,0,Spring,Sunday,4.49,29,3418.52,920.17
P-0032,Electronics,2023-05-21 11:31:20.296059212,200.61,370.73,356.3,16,98,0,Spring,Sunday,3.51,16,5931.68,2721.92
P-0071,Electronics,2023-05-21 15:01:37.219443888,209.62,297.32,298.37,32,258,1,Spring,Sunday,3.89,32,9514.24,2806.4
P-0021,Sports,2023-05-21 18:31:54.142828566,86.14,100.19,111.6,29,208,0,Spring,Sunday,4.15,29,2905.51,407.45
P-0028,Beauty,2023-05-21 22:02:11.066213242,67.66,100.14,103.93,30,121,0,Spring,Sunday,3.84,30,3004.2,974.4
P-0040,Sports,2023-05-22 01:32:27.989597920,89.38,111.19,122.93,18,202,0,Spring,Monday,5.0,18,2001.42,392.58
P-0048,Electronics,2023-05-22 05:02:44.912982596,242.33,360.97,403.27,20,156,0,Spring,Monday,3.88,20,7219.4,2372.8
P-0027,Beauty,2023-05-22 08:33:01.836367274,67.73,101.51,109.15,29,136,0,Spring,Monday,4.08,29,2943.79,979.62
P-0044,Electronics,2023-05-22 12:03:18.759751950,229.14,390.89,372.94,5,240,0,Spring,Monday,3.83,5,1954.45,808.75
P-0081,Home,2023-05-22 15:33:35.683136628,94.44,134.13,128.1,26,158,0,Spring,Monday,4.2,26,3487.38,1031.94
P-0028,Electronics,2023-05-22 19:03:52.606521304,243.91,434.64,399.95,12,133,0,Spring,Monday,4.72,12,5215.68,2288.76
P-0018,Electronics,2023-05-22 22:34:09.529905982,246.05,371.21,349.69,14,153,0,Spring,Monday,4.15,14,5196.94,1752.24
P-0080,Sports,2023-05-23 02:04:26.453290658,88.3,160.23,158.88,24,206,0,Spring,Tuesday,4.0,24,3845.52,1726.32
P-0028,Home,2023-05-23 05:34:43.376675336,72.89,115.03,120.45,19,196,0,Spring,Tuesday,3.62,19,2185.57,800.66
P-0071,Beauty,2023-05-23 09:05:00.300060012,47.6,66.07,74.96,32,149,0,Spring,Tuesday,4.64,32,2114.24,591.04
P-0096,Beauty,2023-05-23 12:35:17.223444690,52.58,94.01,90.8,14,58,0,Spring,Tuesday,4.04,14,1316.14,580.02
P-0052,Home,2023-05-23 16:05:34.146829366,106.85,159.7,168.19,14,171,0,Spring,Tuesday,4.02,14,2235.8,739.9
P-0055,Beauty,2023-05-23 19:35:51.070214042,54.81,80.07,85.18,29,120,0,Spring,Tuesday,3.05,29,2322.03,732.54
P-0070,Electronics,2023-05-23 23:06:07.993598720,248.2,381.7,342.65,8,243,0,Spring,Tuesday,4.04,8,3053.6,1068.0
P-0013,Sports,2023-05-24 02:36:24.916983396,96.84,144.88,157.17,25,237,0,Spring,Wednesday,3.92,25,3622.0,1201.0
P-0009,Grocery,2023-05-24 06:06:41.840368074,28.6,36.97,41.64,15,15,0,Spring,Wednesday,3.28,15,554.55,125.55
P-0019,Grocery,2023-05-24 09:36:58.763752750,28.63,40.4,36.47,54,259,1,Spring,Wednesday,4.55,54,2181.6,635.58
P-0043,Beauty,2023-05-24 13:07:15.687137428,45.87,74.3,77.93,29,235,0,Spring,Wednesday,3.86,29,2154.7,824.47
P-0084,Electronics,2023-05-24 16:37:32.610522104,226.22,281.83,289.23,21,237,0,Spring,Wednesday,4.95,21,5918.43,1167.81
P-0061,Sports,2023-05-24 20:07:49.533906782,72.22,105.21,116.98,26,136,0,Spring,Wednesday,4.74,26,2735.46,857.74
P-0086,Home,2023-05-24 23:38:06.457291458,69.93,91.29,93.44,23,81,1,Spring,Wednesday,3.78,23,2099.67,491.28
P-0040,Electronics,2023-05-25 03:08:23.380676136,200.34,331.87,298.09,17,163,0,Spring,Thursday,4.72,17,5641.79,2236.01
P-0081,Home,2023-05-25 06:38:40.304060812,115.14,207.57,198.33,35,231,1,Spring,Thursday,4.82,35,7264.95,3235.05
P-0072,Grocery,2023-05-25 10:08:57.227445490,25.77,33.34,33.55,35,125,0,Spring,Thursday,3.85,35,1166.9,264.95
P-0011,Grocery,2023-05-25 13:39:14.150830166,31.75,48.97,51.34,42,256,0,Spring,Thursday,3.64,42,2056.74,723.24
P-0053,Grocery,2023-05-25 17:09:31.074214844,24.68,37.91,39.17,36,78,0,Spring,Thursday,3.13,36,1364.76,476.28
P-0064,Grocery,2023-05-25 20:39:47.997599520,33.4,59.23,57.69,41,223,0,Spring,Thursday,4.27,41,2428.43,1059.03
P-0039,Electronics,2023-05-26 00:10:04.920984196,215.96,273.35,290.47,13,31,0,Spring,Friday,3.66,13,3553.55,746.07
P-0078,Sports,2023-05-26 03:40:21.844368874,80.29,124.35,135.68,29,220,0,Spring,Friday,4.28,29,3606.15,1277.74
P-0042,Home,2023-05-26 07:10:38.767753550,75.55,118.47,113.14,30,246,0,Spring,Friday,3.84,30,3554.1,1287.6
P-0071,Grocery,2023-05-26 10:40:55.691138228,28.26,45.71,41.99,41,187,0,Spring,Friday,3.75,41,1874.11,715.45
P-0072,Electronics,2023-05-26 14:11:12.614522904,193.13,306.81,279.84,21,167,1,Spring,Friday,3.85,21,6443.01,2387.28
P-0023,Sports,2023-05-26 17:41:29.537907582,71.72,113.45,104.86,30,115,1,Spring,Friday,3.52,30,3403.5,1251.9
P-0007,Home,2023-05-26 21:11:46.461292258,114.47,177.11,175.82,13,229,0,Spring,Friday,3.85,13,2302.43,814.32
P-0088,Electronics,2023-05-27 00:42:03.384676936,248.92,348.35,325.77,23,46,1,Spring,Saturday,3.77,23,8012.05,2286.89
P-0084,Beauty,2023-05-27 04:12:20.308061612,64.96,106.25,96.39,40,86,1,Spring,Saturday,4.09,40,4250.0,1651.6
P-0096,Electronics,2023-05-27 07:42:37.231446290,197.83,281.83,318.23,31,47,1,Spring,Saturday,4.15,31,8736.73,2604.0
P-0006,Electronics,2023-05-27 11:12:54.154830966,208.29,310.74,317.44,17,83,0,Spring,Saturday,3.62,17,5282.58,1741.65
P-0070,Grocery,2023-05-27 14:43:11.078215644,23.77,29.62,31.88,33,143,0,Spring,Saturday,4.6,33,977.46,193.05
P-0014,Home,2023-05-27 18:13:28.001600320,106.89,173.44,154.96,39,97,1,Spring,Saturday,4.03,39,6764.16,2595.45
P-0049,Sports,2023-05-27 21:43:44.924984998,99.89,164.58,149.2,29,118,0,Spring,Saturday,4.78,29,4772.82,1876.01
P-0082,Home,2023-05-28 01:14:01.848369674,100.6,174.56,162.76,14,71,0,Spring,Sunday,4.21,14,2443.84,1035.44
P-0026,Grocery,2023-05-28 04:44:18.771754352,31.58,52.42,55.12,37,101,0,Spring,Sunday,4.13,37,1939.54,771.08
P-0038,Beauty,2023-05-28 08:14:35.695139028,62.9,108.27,97.67,23,137,0,Spring,Sunday,3.88,23,2490.21,1043.51
P-0050,Grocery,2023-05-28 11:44:52.618523704,23.1,33.24,37.47,40,67,0,Spring,Sunday,4.38,40,1329.6,405.6
P-0046,Beauty,2023-05-28 15:15:09.541908382,62.29,74.48,80.51,35,244,0,Spring,Sunday,4.12,35,2606.8,426.65
P-0003,Beauty,2023-05-28 18:45:26.465293058,70.01,127.75,124.26,32,234,0,Spring,Sunday,4.49,32,4088.0,1847.68
P-0038,Sports,2023-05-28 22:15:43.388677736,105.58,160.85,150.28,41,229,1,Spring,Sunday,4.82,41,6594.85,2266.07
P-0085,Home,2023-05-29 01:46:00.312062412,113.04,178.37,163.33,15,15,0,Spring,Monday,3.77,15,2675.55,979.95
P-0010,Electronics,2023-05-29 05:16:17.235447090,210.86,275.56,289.42,12,136,0,Spring,Monday,4.38,12,3306.72,776.4
P-0035,Grocery,2023-05-29 08:46:34.158831766,23.17,29.25,30.04,35,209,0,Spring,Monday,4.36,35,1023.75,212.8
P-0061,Grocery,2023-05-29 12:16:51.082216444,26.21,43.67,44.15,42,100,0,Spring,Monday,4.31,42,1834.14,733.32
P-0039,Electronics,2023-05-29 15:47:08.005601120,266.25,326.25,368.03,8,71,0,Spring,Monday,3.91,8,2610.0,480.0
P-0069,Beauty,2023-05-29 19:17:24.928985798,58.82,89.89,82.67,18,164,0,Spring,Monday,3.91,18,1618.02,559.26
P-0027,Sports,2023-05-29 22:47:41.852370474,85.82,111.35,115.86,15,15,1,Spring,Monday,3.84,15,1670.25,382.95
P-0019,Grocery,2023-05-30 02:17:58.775755152,24.2,40.11,43.23,44,165,0,Spring,Tuesday,3.83,44,1764.84,700.04
P-0093,Sports,2023-05-30 05:48:15.699139828,75.8,124.54,127.31,19,125,0,Spring,Tuesday,3.72,19,2366.26,926.06
P-0076,Beauty,2023-05-30 09:18:32.622524506,53.57,99.13,94.36,35,182,1,Spring,Tuesday,4.05,35,3469.55,1594.6
P-0030,Grocery,2023-05-30 12:48:49.545909182,24.52,46.03,42.27,46,182,0,Spring,Tuesday,3.76,46,2117.38,989.46
P-0010,Home,2023-05-30 16:19:06.469293858,121.12,197.3,211.77,12,146,0,Spring,Tuesday,4.3,12,2367.6,914.16
P-0044,Sports,2023-05-30 19:49:23.392678536,76.93,107.28,116.43,23,158,0,Spring,Tuesday,4.13,23,2467.44,698.05
P-0078,Home,2023-05-30 23:19:40.316063212,95.8,142.45,128.74,21,21,1,Spring,Tuesday,4.18,21,2991.45,979.65
P-0062,Grocery,2023-05-31 02:49:57.239447890,20.68,29.93,29.57,33,255,0,Spring,Wednesday,3.98,33,987.69,305.25
P-0071,Home,2023-05-31 06:20:14.162832566,105.89,144.58,149.39,33,33,1,Spring,Wednesday,4.13,33,4771.14,1276.77
P-0053,Beauty,2023-05-31 09:50:31.086217244,67.03,102.28,110.23,42,254,1,Spring,Wednesday,3.99,42,4295.76,1480.5
P-0092,Grocery,2023-05-31 13:20:48.009601920,30.24,42.77,38.23,36,253,0,Spring,Wednesday,4.45,36,1539.72,451.08
P-0012,Beauty,2023-05-31 16:51:04.932986598,56.79,79.39,75.42,18,190,0,Spring,Wednesday,3.9,18,1429.02,406.8
P-0082,Sports,2023-05-31 20:21:21.856371274,87.35,132.39,142.0,27,197,0,Spring,Wednesday,4.27,27,3574.53,1216.08
P-0097,Home,2023-05-31 23:51:38.779755952,92.67,110.15,122.13,16,22,0,Spring,Wednesday,3.51,16,1762.4,279.68
P-0085,Grocery,2023-06-01 03:21:55.703140628,26.03,30.83,33.23,38,247,1,Summer,Thursday,4.42,38,1171.54,182.4
P-0029,Home,2023-06-01 06:52:12.626525306,99.77,122.8,130.71,32,144,0,Summer,Thursday,3.85,32,3929.6,736.96
P-0096,Home,2023-06-01 10:22:29.549909982,95.89,141.7,156.29,25,98,0,Summer,Thursday,3.69,25,3542.5,1145.25
P-0097,Beauty,2023-06-01 13:52:46.473294660,56.21,69.73,74.57,33,179,0,Summer,Thursday,3.59,33,2301.09,446.16
P-0085,Electronics,2023-06-01 17:23:03.396679336,225.18,272.04,299.59,19,146,0,Summer,Thursday,3.55,19,5168.76,890.34
P-0032,Electronics,2023-06-01 20:53:20.320064012,200.12,267.42,275.5,24,103,1,Summer,Thursday,3.88,24,6418.08,1615.2
P-0080,Grocery,2023-06-02 00:23:37.243448690,23.07,38.24,38.37,53,93,0,Summer,Friday,4.77,53,2026.72,804.01
P-0086,Grocery,2023-06-02 03:53:54.166833366,30.56,41.12,41.57,27,43,0,Summer,Friday,3.81,27,1110.24,285.12
P-0020,Grocery,2023-06-02 07:24:11.090218044,34.41,47.13,43.68,32,237,0,Summer,Friday,3.11,32,1508.16,407.04
P-0026,Electronics,2023-06-02 10:54:28.013602720,169.53,278.88,296.38,18,178,0,Summer,Friday,4.26,18,5019.84,1968.3
P-0076,Home,2023-06-02 14:24:44.936987398,75.86,143.6,131.39,20,85,0,Summer,Friday,3.6,20,2872.0,1354.8
P-0081,Electronics,2023-06-02 17:55:01.860372074,177.84,263.93,240.38,11,192,0,Summer,Friday,4.47,11,2903.23,946.99
P-0064,Grocery,2023-06-02 21:25:18.783756752,23.6,36.57,32.94,42,184,0,Summer,Friday,3.91,42,1535.94,544.74
P-0055,Sports,2023-06-03 00:55:35.707141428,91.47,114.34,123.82,28,49,1,Summer,Saturday,3.98,28,3201.52,640.36
P-0097,Home,2023-06-03 04:25:52.630526106,103.99,160.7,171.14,42,57,0,Summer,Saturday,4.64,42,6749.4,2381.82
P-0035,Grocery,2023-06-03 07:56:09.553910782,24.66,35.24,34.22,40,71,0,Summer,Saturday,4.38,40,1409.6,423.2
P-0073,Electronics,2023-06-03 11:26:26.477295460,227.77,366.8,401.4,20,40,0,Summer,Saturday,3.54,20,7336.0,2780.6
P-0096,Home,2023-06-03 14:56:43.400680136,84.48,129.73,144.06,26,216,0,Summer,Saturday,3.61,26,3372.98,1176.5
P-0026,Electronics,2023-06-03 18:27:00.324064814,201.8,285.07,317.56,21,53,0,Summer,Saturday,3.3,21,5986.47,1748.67
P-0008,Home,2023-06-03 21:57:17.247449490,94.69,121.86,118.83,26,213,0,Summer,Saturday,5.0,26,3168.36,706.42
P-0017,Grocery,2023-06-04 01:27:34.170834168,17.92,33.38,31.11,45,144,0,Summer,Sunday,3.71,45,1502.1,695.7
P-0067,Sports,2023-06-04 04:57:51.094218844,65.14,101.28,107.5,32,43,0,Summer,Sunday,4.63,32,3240.96,1156.48
P-0029,Electronics,2023-06-04 08:28:08.017603520,172.32,320.25,290.07,14,221,0,Summer,Sunday,3.86,14,4483.5,2071.02
P-0072,Beauty,2023-06-04 11:58:24.940988198,61.72,85.17,79.59,20,57,0,Summer,Sunday,3.61,20,1703.4,469.0
P-0049,Grocery,2023-06-04 15:28:41.864372874,24.94,36.74,40.89,41,259,0,Summer,Sunday,4.11,41,1506.34,483.8
P-0087,Sports,2023-06-04 18:58:58.787757552,87.82,145.33,148.64,18,18,0,Summer,Sunday,3.95,18,2615.94,1035.18
P-0066,Beauty,2023-06-04 22:29:15.711142228,38.81,61.78,68.93,44,167,1,Summer,Sunday,4.46,44,2718.32,1010.68
P-0060,Home,2023-06-05 01:59:32.634526906,72.45,125.02,113.69,19,91,0,Summer,Monday,4.47,19,2375.38,998.83
P-0022,Grocery,2023-06-05 05:29:49.557911582,26.55,42.98,40.61,39,145,0,Summer,Monday,3.83,39,1676.22,640.77
P-0033,Home,2023-06-05 09:00:06.481296260,52.76,81.8,78.29,26,220,0,Summer,Monday,3.45,26,2126.8,755.04
P-0024,Sports,2023-06-05 12:30:23.404680936,95.68,163.36,156.5,17,207,0,Summer,Monday,3.56,17,2777.12,1150.56
P-0007,Home,2023-06-05 16:00:40.328065614,67.29,112.1,118.19,14,83,0,Summer,Monday,3.07,14,1569.4,627.34
P-0031,Grocery,2023-06-05 19:30:57.251450290,27.24,47.52,43.04,30,30,0,Summer,Monday,3.98,30,1425.6,608.4
P-0095,Electronics,2023-06-05 23:01:14.174834968,180.14,272.82,247.69,33,84,1,Summer,Monday,4.09,33,9003.06,3058.44
P-0081,Home,2023-06-06 02:31:31.098219644,110.94,147.78,139.75,24,213,0,Summer,Tuesday,3.59,24,3546.72,884.16
P-0024,Sports,2023-06-06 06:01:48.021604322,121.06,191.11,192.55,21,141,0,Summer,Tuesday,3.53,21,4013.31,1471.05
P-0037,Beauty,2023-06-06 09:32:04.944988998,35.0,53.83,60.39,27,200,0,Summer,Tuesday,4.09,27,1453.41,508.41
P-0073,Beauty,2023-06-06 13:02:21.868373674,61.12,69.72,78.62,43,136,0,Summer,Tuesday,3.82,43,2997.96,369.8
P-0008,Sports,2023-06-06 16:32:38.791758352,56.86,76.26,83.51,24,144,0,Summer,Tuesday,4.0,24,1830.24,465.6
P-0073,Sports,2023-06-06 20:02:55.715143028,85.46,154.48,151.01,30,30,1,Summer,Tuesday,3.93,30,4634.4,2070.6
P-0055,Home,2023-06-06 23:33:12.638527706,91.86,150.2,140.17,17,20,0,Summer,Tuesday,4.21,17,2553.4,991.78
P-0072,Beauty,2023-06-07 03:03:29.561912382,56.14,85.28,76.99,34,187,1,Summer,Wednesday,3.85,34,2899.52,990.76
P-0001,Beauty,2023-06-07 06:33:46.485297060,46.98,62.57,67.86,30,64,0,Summer,Wednesday,3.88,30,1877.1,467.7
P-0094,Grocery,2023-06-07 10:04:03.408681736,27.0,37.67,39.81,27,103,0,Summer,Wednesday,3.25,27,1017.09,288.09
P-0068,Home,2023-06-07 13:34:20.332066414,72.98,85.66,95.93,31,105,0,Summer,Wednesday,4.08,31,2655.46,393.08
P-0018,Home,2023-06-07 17:04:37.255451090,113.87,205.28,183.72,21,170,0,Summer,Wednesday,4.14,21,4310.88,1919.61
P-0085,Sports,2023-06-07 20:34:54.178835768,74.76,125.74,117.8,25,245,0,Summer,Wednesday,4.02,25,3143.5,1274.5
P-0003,Sports,2023-06-08 00:05:11.102220444,62.05,99.21,99.67,29,200,0,Summer,Thursday,4.96,29,2877.09,1077.64
P-0017,Grocery,2023-06-08 03:35:28.025605122,30.12,48.64,47.77,35,171,0,Summer,Thursday,4.17,35,1702.4,648.2
P-0080,Sports,2023-06-08 07:05:44.948989798,79.14,101.14,99.65,24,219,0,Summer,Thursday,4.03,24,2427.36,528.0
P-0085,Grocery,2023-06-08 10:36:01.872374476,31.33,39.68,42.17,40,139,0,Summer,Thursday,4.32,40,1587.2,334.0
P-0010,Grocery,2023-06-08 14:06:18.795759152,28.69,35.57,38.48,48,50,0,Summer,Thursday,5.0,48,1707.36,330.24
P-0068,Grocery,2023-06-08 17:36:35.719143828,20.94,25.97,27.3,40,134,0,Summer,Thursday,4.21,40,1038.8,201.2
P-0081,Beauty,2023-06-08 21:06:52.642528506,54.25,84.31,89.76,24,254,0,Summer,Thursday,3.1,24,2023.44,721.44
P-0010,Beauty,2023-06-09 00:37:09.565913182,56.07,74.81,73.79,28,206,0,Summer,Friday,4.29,28,2094.68,524.72
P-0008,Home,2023-06-09 04:07:26.489297860,118.2,182.39,191.19,23,100,0,Summer,Friday,3.7,23,4194.97,1476.37
P-0023,Grocery,2023-06-09 07:37:43.412682536,25.68,36.52,34.62,33,94,0,Summer,Friday,3.23,33,1205.16,357.72
P-0023,Home,2023-06-09 11:08:00.336067214,97.68,130.55,128.46,37,239,0,Summer,Friday,4.86,37,4830.35,1216.19
P-0023,Home,2023-06-09 14:38:17.259451890,91.96,124.12,123.17,38,38,1,Summer,Friday,4.77,38,4716.56,1222.08
P-0080,Beauty,2023-06-09 18:08:34.182836568,54.56,92.5,83.46,26,243,0,Summer,Friday,3.69,26,2405.0,986.44
P-0021,Home,2023-06-09 21:38:51.106221244,114.83,176.44,184.3,22,180,0,Summer,Friday,3.7,22,3881.68,1355.42
P-0054,Electronics,2023-06-10 01:09:08.029605922,210.12,368.05,356.48,42,212,1,Summer,Saturday,4.17,42,15458.1,6633.06
P-0034,Grocery,2023-06-10 04:39:24.952990598,22.48,26.13,29.69,42,95,0,Summer,Saturday,3.7,42,1097.46,153.3
P-0032,Sports,2023-06-10 08:09:41.876375276,72.77,122.19,115.62,43,173,1,Summer,Saturday,4.04,43,5254.17,2125.06
P-0091,Electronics,2023-06-10 11:39:58.799759952,191.39,320.9,320.7,18,94,0,Summer,Saturday,3.78,18,5776.2,2331.18
P-0032,Electronics,2023-06-10 15:10:15.723144630,162.89,215.39,231.6,19,19,0,Summer,Saturday,3.92,19,4092.41,997.5
P-0023,Home,2023-06-10 18:40:32.646529306,83.59,95.21,108.15,35,126,1,Summer,Saturday,3.47,35,3332.35,406.7
P-0023,Grocery,2023-06-10 22:10:49.569913982,29.75,41.71,39.74,40,255,0,Summer,Saturday,4.47,40,1668.4,478.4
P-0093,Grocery,2023-06-11 01:41:06.493298660,23.21,31.36,30.18,47,74,0,Summer,Sunday,4.64,47,1473.92,383.05
P-0084,Electronics,2023-06-11 05:11:23.416683336,233.67,422.23,406.11,21,54,0,Summer,Sunday,4.05,21,8866.83,3959.76
P-0055,Grocery,2023-06-11 08:41:40.340068014,14.48,20.78,21.1,63,240,1,Summer,Sunday,4.08,63,1309.14,396.9
P-0056,Electronics,2023-06-11 12:11:57.263452690,229.1,364.1,352.32,23,237,0,Summer,Sunday,4.38,23,8374.3,3105.0
P-0052,Home,2023-06-11 15:42:14.186837368,92.55,157.47,154.82,30,222,0,Summer,Sunday,4.1,30,4724.1,1947.6
P-0059,Sports,2023-06-11 19:12:31.110222044,73.84,100.66,107.39,44,254,0,Summer,Sunday,4.88,44,4429.04,1180.08
P-0068,Electronics,2023-06-11 22:42:48.033606722,216.08,348.8,347.24,34,257,1,Summer,Sunday,3.51,34,11859.2,4512.48
P-0006,Electronics,2023-06-12 02:13:04.956991398,193.34,250.7,249.83,16,240,0,Summer,Monday,4.49,16,4011.2,917.76
P-0081,Home,2023-06-12 05:43:21.880376076,62.72,102.37,94.99,27,251,0,Summer,Monday,4.05,27,2763.99,1070.55
P-0076,Beauty,2023-06-12 09:13:38.803760752,63.12,80.94,82.25,30,197,1,Summer,Monday,3.6,30,2428.2,534.6
P-0096,Sports,2023-06-12 12:43:55.727145430,83.11,113.47,115.24,34,92,0,Summer,Monday,5.0,34,3857.98,1032.24
P-0043,Sports,2023-06-12 16:14:12.650530106,75.98,119.7,107.23,23,127,0,Summer,Monday,5.0,23,2753.1,1005.56
P-0001,Electronics,2023-06-12 19:44:29.573914784,177.54,319.63,291.99,13,108,0,Summer,Monday,4.01,13,4155.19,1847.17
P-0038,Electronics,2023-06-12 23:14:46.497299460,160.61,244.21,260.31,20,139,0,Summer,Monday,4.3,20,4884.2,1672.0
P-0040,Grocery,2023-06-13 02:45:03.420684138,24.86,45.36,41.29,39,186,0,Summer,Tuesday,3.89,39,1769.04,799.5
P-0062,Home,2023-06-13 06:15:20.344068814,119.52,140.13,153.46,25,74,0,Summer,Tuesday,3.96,25,3503.25,515.25
P-0018,Sports,2023-06-13 09:45:37.267453490,82.6,160.99,148.4,18,18,0,Summer,Tuesday,3.59,18,2897.82,1411.02
P-0008,Grocery,2023-06-13 13:15:54.190838168,18.69,22.1,23.92,47,162,1,Summer,Tuesday,3.52,47,1038.7,160.27
P-0016,Electronics,2023-06-13 16:46:11.114222844,217.56,364.14,370.76,26,258,0,Summer,Tuesday,4.93,26,9467.64,3811.08
P-0069,Grocery,2023-06-13 20:16:28.037607522,23.8,44.02,39.44,31,226,0,Summer,Tuesday,4.08,31,1364.62,626.82
P-0015,Electronics,2023-06-13 23:46:44.960992198,239.03,340.16,376.58,17,17,0,Summer,Tuesday,4.12,17,5782.72,1719.21
P-0064,Home,2023-06-14 03:17:01.884376876,104.22,168.11,155.43,25,161,1,Summer,Wednesday,3.74,25,4202.75,1597.25
P-0071,Beauty,2023-06-14 06:47:18.807761552,28.72,47.8,47.86,38,145,0,Summer,Wednesday,4.19,38,1816.4,725.04
P-0057,Beauty,2023-06-14 10:17:35.731146230,59.8,89.83,99.08,22,119,0,Summer,Wednesday,3.42,22,1976.26,660.66
P-0006,Grocery,2023-06-14 13:47:52.654530906,20.15,29.61,26.71,41,178,0,Summer,Wednesday,3.75,41,1214.01,387.86
P-0012,Grocery,2023-06-14 17:18:09.577915584,18.54,31.63,31.26,49,119,1,Summer,Wednesday,3.56,49,1549.87,641.41
P-0084,Sports,2023-06-14 20:48:26.501300260,77.59,109.51,100.34,44,238,1,Summer,Wednesday,4.68,44,4818.44,1404.48
P-0063,Sports,2023-06-15 00:18:43.424684938,85.26,141.57,130.05,15,237,0,Summer,Thursday,3.36,15,2123.55,844.65
P-0076,Beauty,2023-06-15 03:49:00.348069614,40.56,57.51,65.09,28,172,0,Summer,Thursday,3.57,28,1610.28,474.6
P-0095,Electronics,2023-06-15 07:19:17.271454292,233.67,375.25,397.69,15,127,0,Summer,Thursday,3.18,15,5628.75,2123.7
P-0041,Grocery,2023-06-15 10:49:34.194838968,26.93,38.93,40.52,22,161,0,Summer,Thursday,3.7,22,856.46,264.0
P-0090,Sports,2023-06-15 14:19:51.118223644,80.6,112.18,111.25,35,235,0,Summer,Thursday,3.89,35,3926.3,1105.3
P-0043,Home,2023-06-15 17:50:08.041608322,81.81,111.56,124.34,29,88,0,Summer,Thursday,4.54,29,3235.24,862.75
P-0091,Beauty,2023-06-15 21:20:24.964992998,46.38,62.64,64.36,21,227,0,Summer,Thursday,4.0,21,1315.44,341.46
P-0068,Home,2023-06-16 00:50:41.888377676,110.59,183.27,170.4,19,159,0,Summer,Friday,3.92,19,3482.13,1380.92
P-0023,Electronics,2023-06-16 04:20:58.811762352,159.22,220.74,239.53,30,30,1,Summer,Friday,4.23,30,6622.2,1845.6
P-0002,Grocery,2023-06-16 07:51:15.735147030,28.09,49.45,47.17,40,198,0,Summer,Friday,3.9,40,1978.0,854.4
P-0092,Home,2023-06-16 11:21:32.658531706,92.49,126.61,127.83,30,64,1,Summer,Friday,5.0,30,3798.3,1023.6
P-0039,Grocery,2023-06-16 14:51:49.581916384,23.63,28.83,32.14,41,141,0,Summer,Friday,3.83,41,1182.03,213.2
P-0087,Grocery,2023-06-16 18:22:06.505301060,17.44,24.31,26.35,48,247,0,Summer,Friday,4.29,48,1166.88,329.76
P-0019,Grocery,2023-06-16 21:52:23.428685738,23.44,27.37,29.95,58,206,1,Summer,Friday,4.47,58,1587.46,227.94
P-0046,Home,2023-06-17 01:22:40.352070414,104.33,147.7,143.57,25,186,0,Summer,Saturday,3.82,25,3692.5,1084.25
P-0019,Home,2023-06-17 04:52:57.275455092,74.69,97.2,107.89,27,32,0,Summer,Saturday,4.17,27,2624.4,607.77
P-0012,Grocery,2023-06-17 08:23:14.198839768,25.91,42.39,39.34,47,225,0,Summer,Saturday,3.87,47,1992.33,774.56
P-0056,Grocery,2023-06-17 11:53:31.122224446,24.34,36.53,34.03,44,97,1,Summer,Saturday,4.22,44,1607.32,536.36
P-0045,Beauty,2023-06-17 15:23:48.045609122,49.33,69.12,76.87,27,27,0,Summer,Saturday,4.15,27,1866.24,534.33
P-0025,Sports,2023-06-17 18:54:04.968993798,90.94,172.29,157.61,37,250,0,Summer,Saturday,4.04,37,6374.73,3009.95
P-0034,Electronics,2023-06-17 22:24:21.892378476,136.0,233.89,210.67,13,61,0,Summer,Saturday,3.58,13,3040.57,1272.57
P-0038,Sports,2023-06-18 01:54:38.815763152,84.44,105.85,118.87,27,94,0,Summer,Sunday,4.94,27,2857.95,578.07
P-0023,Electronics,2023-06-18 05:24:55.739147830,264.41,376.23,339.53,14,49,0,Summer,Sunday,4.36,14,5267.22,1565.48
P-0072,Electronics,2023-06-18 08:55:12.662532506,258.38,324.28,342.4,33,167,1,Summer,Sunday,3.39,33,10701.24,2174.7
P-0030,Beauty,2023-06-18 12:25:29.585917184,58.43,94.67,91.07,36,227,0,Summer,Sunday,3.91,36,3408.12,1304.64
P-0063,Electronics,2023-06-18 15:55:46.509301860,199.86,299.62,324.98,16,142,0,Summer,Sunday,3.39,16,4793.92,1596.16
P-0074,Electronics,2023-06-18 19:26:03.432686538,188.64,259.31,240.95,12,227,0,Summer,Sunday,4.44,12,3111.72,848.04
P-0034,Electronics,2023-06-18 22:56:20.356071214,199.82,292.34,270.17,24,244,1,Summer,Sunday,4.09,24,7016.16,2220.48
P-0007,Home,2023-06-19 02:26:37.279455892,103.27,164.11,147.21,34,228,0,Summer,Monday,4.1,34,5579.74,2068.56
P-0005,Grocery,2023-06-19 05:56:54.202840568,20.9,33.32,29.8,45,54,0,Summer,Monday,3.72,45,1499.4,558.9
P-0059,Electronics,2023-06-19 09:27:11.126225246,235.45,375.83,418.42,23,65,0,Summer,Monday,3.96,23,8644.09,3228.74
P-0003,Grocery,2023-06-19 12:57:28.049609922,32.19,45.51,43.85,56,88,0,Summer,Monday,4.45,56,2548.56,745.92
P-0013,Grocery,2023-06-19 16:27:44.972994600,23.76,28.86,30.52,41,171,0,Summer,Monday,4.58,41,1183.26,209.1
P-0049,Electronics,2023-06-19 19:58:01.896379276,164.83,216.65,238.04,17,226,0,Summer,Monday,4.48,17,3683.05,880.94
P-0029,Electronics,2023-06-19 23:28:18.819763952,164.82,199.82,218.21,21,91,0,Summer,Monday,3.4,21,4196.22,735.0
P-0043,Sports,2023-06-20 02:58:35.743148630,89.94,131.12,118.69,18,178,0,Summer,Tuesday,4.02,18,2360.16,741.24
P-0071,Grocery,2023-06-20 06:28:52.666533306,23.77,36.58,35.04,36,60,0,Summer,Tuesday,4.21,36,1316.88,461.16
P-0080,Beauty,2023-06-20 09:59:09.589917984,62.72,79.37,88.97,38,148,0,Summer,Tuesday,3.77,38,3016.06,632.7
P-0039,Grocery,2023-06-20 13:29:26.513302660,21.95,31.86,28.54,31,206,0,Summer,Tuesday,3.35,31,987.66,307.21
P-0009,Electronics,2023-06-20 16:59:43.436687338,237.91,404.27,376.46,16,111,0,Summer,Tuesday,3.52,16,6468.32,2661.76
P-0020,Home,2023-06-20 20:30:00.360072014,92.59,134.82,141.29,30,54,0,Summer,Tuesday,4.77,30,4044.6,1266.9
P-0085,Grocery,2023-06-21 00:00:17.283456692,21.19,27.2,27.39,44,115,1,Summer,Wednesday,3.56,44,1196.8,264.44
P-0002,Home,2023-06-21 03:30:34.206841368,88.9,161.65,153.31,17,201,0,Summer,Wednesday,4.12,17,2748.05,1236.75
P-0022,Grocery,2023-06-21 07:00:51.130226046,19.4,28.44,27.29,39,244,0,Summer,Wednesday,4.03,39,1109.16,352.56
P-0097,Beauty,2023-06-21 10:31:08.053610722,72.51,127.84,128.98,36,165,0,Summer,Wednesday,4.03,36,4602.24,1991.88
P-0036,Grocery,2023-06-21 14:01:24.976995400,23.63,41.76,41.64,56,179,1,Summer,Wednesday,3.96,56,2338.56,1015.28
P-0004,Beauty,2023-06-21 17:31:41.900380076,60.67,80.42,90.32,45,117,0,Summer,Wednesday,4.46,45,3618.9,888.75
P-0086,Home,2023-06-21 21:01:58.823764754,86.84,119.49,119.47,27,242,0,Summer,Wednesday,4.12,27,3226.23,881.55
P-0074,Electronics,2023-06-22 00:32:15.747149430,174.66,287.07,298.52,28,228,1,Summer,Thursday,3.82,28,8037.96,3147.48
P-0084,Electronics,2023-06-22 04:02:32.670534108,202.14,277.73,292.84,16,253,0,Summer,Thursday,4.12,16,4443.68,1209.44
P-0068,Grocery,2023-06-22 07:32:49.593918784,28.23,35.74,37.83,40,226,0,Summer,Thursday,3.53,40,1429.6,300.4
P-0052,Electronics,2023-06-22 11:03:06.517303460,192.5,309.72,299.03,18,149,0,Summer,Thursday,4.31,18,5574.96,2109.96
P-0071,Electronics,2023-06-22 14:33:23.440688138,180.75,269.93,274.59,19,250,0,Summer,Thursday,3.79,19,5128.67,1694.42
P-0009,Electronics,2023-06-22 18:03:40.364072814,215.22,363.06,369.64,24,164,0,Summer,Thursday,3.82,24,8713.44,3548.16
P-0011,Electronics,2023-06-22 21:33:57.287457492,226.77,343.79,374.42,22,162,0,Summer,Thursday,4.33,22,7563.38,2574.44
P-0060,Grocery,2023-06-23 01:04:14.210842168,30.31,58.31,52.49,46,175,0,Summer,Friday,3.92,46,2682.26,1288.0
P-0047,Home,2023-06-23 04:34:31.134226846,100.38,155.04,166.04,28,60,0,Summer,Friday,3.94,28,4341.12,1530.48
P-0077,Sports,2023-06-23 08:04:48.057611522,88.24,138.28,141.47,32,220,0,Summer,Friday,4.63,32,4424.96,1601.28
P-0094,Electronics,2023-06-23 11:35:04.980996200,234.17,330.58,357.13,20,103,0,Summer,Friday,3.66,20,6611.6,1928.2
P-0027,Grocery,2023-06-23 15:05:21.904380876,19.57,36.8,35.09,40,176,0,Summer,Friday,4.32,40,1472.0,689.2
P-0034,Beauty,2023-06-23 18:35:38.827765554,46.52,81.42,82.69,28,221,0,Summer,Friday,4.53,28,2279.76,977.2
P-0019,Home,2023-06-23 22:05:55.751150230,78.52,132.02,134.81,29,43,0,Summer,Friday,4.63,29,3828.58,1551.5
P-0081,Sports,2023-06-24 01:36:12.674534908,62.95,115.03,105.53,28,88,0,Summer,Saturday,5.0,28,3220.84,1458.24
P-0050,Sports,2023-06-24 05:06:29.597919584,90.18,150.17,141.37,20,245,0,Summer,Saturday,3.81,20,3003.4,1199.8
P-0035,Sports,2023-06-24 08:36:46.521304262,83.71,117.16,116.6,32,103,1,Summer,Saturday,3.71,32,3749.12,1070.4
P-0075,Electronics,2023-06-24 12:07:03.444688938,212.67,365.46,368.24,23,176,0,Summer,Saturday,4.47,23,8405.58,3514.17
P-0047,Home,2023-06-24 15:37:20.368073614,55.59,77.53,69.82,28,152,0,Summer,Saturday,4.52,28,2170.84,614.32
P-0051,Grocery,2023-06-24 19:07:37.291458292,31.89,48.65,43.85,61,228,1,Summer,Saturday,3.74,61,2967.65,1022.36
P-0084,Home,2023-06-24 22:37:54.214842968,81.41,125.73,119.84,28,140,0,Summer,Saturday,4.32,28,3520.44,1240.96
P-0024,Grocery,2023-06-25 02:08:11.138227646,31.88,53.26,50.13,57,119,1,Summer,Sunday,5.0,57,3035.82,1218.66
P-0066,Beauty,2023-06-25 05:38:28.061612322,42.25,72.16,65.85,19,19,0,Summer,Sunday,4.15,19,1371.04,568.29
P-0087,Beauty,2023-06-25 09:08:44.984997000,47.85,71.62,64.44,29,131,0,Summer,Sunday,4.52,29,2076.98,689.33
P-0088,Grocery,2023-06-25 12:39:01.908381676,15.54,18.28,20.32,51,158,0,Summer,Sunday,4.81,51,932.28,139.74
P-0088,Grocery,2023-06-25 16:09:18.831766354,25.39,39.0,34.84,55,183,0,Summer,Sunday,5.0,55,2145.0,748.55
P-0022,Electronics,2023-06-25 19:39:35.755151030,173.0,261.58,249.43,14,206,0,Summer,Sunday,4.21,14,3662.12,1240.12
P-0066,Electronics,2023-06-25 23:09:52.678535708,173.95,223.65,218.78,21,205,0,Summer,Sunday,4.66,21,4696.65,1043.7
P-0058,Beauty,2023-06-26 02:40:09.601920384,42.92,68.54,70.0,24,127,0,Summer,Monday,3.75,24,1644.96,614.88
P-0008,Beauty,2023-06-26 06:10:26.525305062,61.84,82.36,85.73,34,34,1,Summer,Monday,4.11,34,2800.24,697.68
P-0054,Home,2023-06-26 09:40:43.448689738,105.81,163.86,152.71,17,77,0,Summer,Monday,3.9,17,2785.62,986.85
P-0024,Home,2023-06-26 13:11:00.372074416,122.54,182.26,175.75,17,114,0,Summer,Monday,3.25,17,3098.42,1015.24
P-0052,Grocery,2023-06-26 16:41:17.295459092,21.37,30.38,32.73,51,254,0,Summer,Monday,3.38,51,1549.38,459.51
P-0062,Grocery,2023-06-26 20:11:34.218843768,24.84,43.93,42.8,40,203,0,Summer,Monday,4.29,40,1757.2,763.6
P-0070,Beauty,2023-06-26 23:41:51.142228446,43.65,53.14,58.15,39,234,1,Summer,Monday,4.3,39,2072.46,370.11
P-0079,Home,2023-06-27 03:12:08.065613122,89.91,129.14,129.24,25,258,0,Summer,Tuesday,3.63,25,3228.5,980.75
P-0059,Home,2023-06-27 06:42:24.988997800,87.11,144.89,142.04,33,47,0,Summer,Tuesday,4.8,33,4781.37,1906.74
P-0048,Beauty,2023-06-27 10:12:41.912382476,59.09,77.75,75.3,16,17,0,Summer,Tuesday,3.6,16,1244.0,298.56
P-0098,Home,2023-06-27 13:42:58.835767154,110.46,172.45,188.5,32,155,0,Summer,Tuesday,4.22,32,5518.4,1983.68
P-0031,Beauty,2023-06-27 17:13:15.759151830,63.72,102.36,113.36,27,79,0,Summer,Tuesday,3.91,27,2763.72,1043.28
P-0030,Grocery,2023-06-27 20:43:32.682536508,20.76,30.99,32.89,47,227,0,Summer,Tuesday,4.15,47,1456.53,480.81
P-0089,Electronics,2023-06-28 00:13:49.605921184,243.55,443.67,432.56,20,128,0,Summer,Wednesday,4.5,20,8873.4,4002.4
P-0097,Electronics,2023-06-28 03:44:06.529305862,208.52,339.93,308.02,17,17,0,Summer,Wednesday,4.44,17,5778.81,2233.97
P-0039,Electronics,2023-06-28 07:14:23.452690538,199.09,314.03,294.31,15,69,0,Summer,Wednesday,4.42,15,4710.45,1724.1
P-0087,Sports,2023-06-28 10:44:40.376075216,70.93,98.28,92.81,30,98,0,Summer,Wednesday,4.36,30,2948.4,820.5
P-0092,Grocery,2023-06-28 14:14:57.299459892,21.85,26.61,27.74,21,21,0,Summer,Wednesday,3.53,21,558.81,99.96
P-0086,Electronics,2023-06-28 17:45:14.222844570,268.54,337.14,371.79,22,92,0,Summer,Wednesday,4.61,22,7417.08,1509.2
P-0054,Sports,2023-06-28 21:15:31.146229246,83.93,138.92,126.98,42,147,1,Summer,Wednesday,3.62,42,5834.64,2309.58
P-0076,Beauty,2023-06-29 00:45:48.069613922,56.54,86.48,86.46,23,233,0,Summer,Thursday,4.05,23,1989.04,688.62
P-0062,Beauty,2023-06-29 04:16:04.992998600,52.69,65.25,72.17,31,174,0,Summer,Thursday,3.94,31,2022.75,389.36
P-0004,Sports,2023-06-29 07:46:21.916383276,111.31,178.13,176.65,37,37,1,Summer,Thursday,4.26,37,6590.81,2472.34
P-0013,Electronics,2023-06-29 11:16:38.839767954,253.85,357.03,342.61,11,116,0,Summer,Thursday,3.88,11,3927.33,1134.98
P-0095,Electronics,2023-06-29 14:46:55.763152630,185.77,254.06,265.54,14,203,0,Summer,Thursday,4.03,14,3556.84,956.06
P-0027,Beauty,2023-06-29 18:17:12.686537308,52.59,62.99,71.4,37,105,1,Summer,Thursday,4.83,37,2330.63,384.8
P-0018,Electronics,2023-06-29 21:47:29.609921984,202.8,340.88,331.21,14,152,0,Summer,Thursday,3.52,14,4772.32,1933.12
P-0098,Grocery,2023-06-30 01:17:46.533306662,24.56,33.52,37.68,47,256,0,Summer,Friday,4.1,47,1575.44,421.12
P-0034,Electronics,2023-06-30 04:48:03.456691338,186.44,303.55,308.53,27,48,0,Summer,Friday,3.6,27,8195.85,3161.97
P-0072,Electronics,2023-06-30 08:18:20.380076016,224.74,310.45,288.0,24,131,0,Summer,Friday,4.4,24,7450.8,2057.04
P-0079,Electronics,2023-06-30 11:48:37.303460692,258.79,430.01,384.03,11,164,0,Summer,Friday,3.77,11,4730.11,1883.42
P-0048,Home,2023-06-30 15:18:54.226845370,75.03,129.53,133.69,27,210,0,Summer,Friday,4.12,27,3497.31,1471.5
P-0064,Electronics,2023-06-30 18:49:11.150230046,172.09,194.83,220.19,17,220,0,Summer,Friday,3.5,17,3312.11,386.58
P-0053,Electronics,2023-06-30 22:19:28.073614724,193.77,286.31,286.8,31,85,0,Summer,Friday,4.68,31,8875.61,2868.74
P-0046,Sports,2023-07-01 01:49:44.996999400,74.41,89.59,94.67,25,129,0,Summer,Saturday,4.13,25,2239.75,379.5
P-0009,Home,2023-07-01 05:20:01.920384078,125.38,182.57,166.84,26,218,0,Summer,Saturday,4.16,26,4746.82,1486.94
P-0011,Home,2023-07-01 08:50:18.843768754,110.23,174.25,165.83,23,220,0,Summer,Saturday,4.47,23,4007.75,1472.46
P-0079,Electronics,2023-07-01 12:20:35.767153430,241.73,315.68,323.1,14,216,0,Summer,Saturday,3.54,14,4419.52,1035.3
P-0086,Home,2023-07-01 15:50:52.690538108,90.98,148.46,139.68,31,178,0,Summer,Saturday,3.82,31,4602.26,1781.88
P-0008,Home,2023-07-01 19:21:09.613922784,90.65,153.25,159.32,33,80,0,Summer,Saturday,4.18,33,5057.25,2065.8
P-0031,Beauty,2023-07-01 22:51:26.537307462,42.22,57.73,57.43,26,105,0,Summer,Saturday,3.31,26,1500.98,403.26
P-0039,Electronics,2023-07-02 02:21:43.460692138,236.27,340.65,309.27,16,175,1,Summer,Sunday,3.36,16,5450.4,1670.08
P-0005,Sports,2023-07-02 05:52:00.384076816,86.29,136.45,147.03,41,77,0,Summer,Sunday,3.73,41,5594.45,2056.56
P-0042,Sports,2023-07-02 09:22:17.307461492,96.46,138.48,144.99,25,182,0,Summer,Sunday,3.59,25,3462.0,1050.5
P-0096,Electronics,2023-07-02 12:52:34.230846170,202.92,384.74,352.15,34,141,1,Summer,Sunday,3.95,34,13081.16,6181.88
P-0061,Electronics,2023-07-02 16:22:51.154230846,205.24,288.45,291.11,20,123,0,Summer,Sunday,4.34,20,5769.0,1664.2
P-0092,Electronics,2023-07-02 19:53:08.077615524,215.71,329.05,344.09,31,102,1,Summer,Sunday,4.44,31,10200.55,3513.54
P-0042,Beauty,2023-07-02 23:23:25.001000200,62.85,98.21,110.48,39,204,0,Summer,Sunday,4.91,39,3830.19,1379.04
P-0076,Electronics,2023-07-03 02:53:41.924384878,160.6,211.72,215.92,24,129,0,Summer,Monday,4.09,24,5081.28,1226.88
P-0097,Sports,2023-07-03 06:23:58.847769554,89.42,151.18,151.16,24,90,0,Summer,Monday,4.17,24,3628.32,1482.24
P-0054,Grocery,2023-07-03 09:54:15.771154232,23.92,37.35,38.21,45,109,0,Summer,Monday,4.09,45,1680.75,604.35
P-0080,Grocery,2023-07-03 13:24:32.694538908,19.93,32.01,33.82,41,133,0,Summer,Monday,4.24,41,1312.41,495.28
P-0020,Beauty,2023-07-03 16:54:49.617923584,36.66,47.72,49.27,28,166,0,Summer,Monday,4.28,28,1336.16,309.68
P-0096,Sports,2023-07-03 20:25:06.541308262,78.25,120.47,116.49,36,257,1,Summer,Monday,4.51,36,4336.92,1519.92
P-0099,Electronics,2023-07-03 23:55:23.464692938,258.64,373.71,341.63,26,98,1,Summer,Monday,4.51,26,9716.46,2991.82
P-0052,Home,2023-07-04 03:25:40.388077616,120.46,221.87,214.18,24,58,0,Summer,Tuesday,4.33,24,5324.88,2433.84
P-0011,Home,2023-07-04 06:55:57.311462292,100.4,133.48,128.96,22,254,0,Summer,Tuesday,4.78,22,2936.56,727.76
P-0031,Sports,2023-07-04 10:26:14.234846970,105.11,145.45,135.17,41,51,1,Summer,Tuesday,4.11,41,5963.45,1653.94
P-0031,Beauty,2023-07-04 13:56:31.158231646,54.62,87.6,95.26,37,236,1,Summer,Tuesday,3.82,37,3241.2,1220.26
P-0099,Grocery,2023-07-04 17:26:48.081616324,27.66,37.28,39.15,49,49,1,Summer,Tuesday,3.9,49,1826.72,471.38
P-0006,Electronics,2023-07-04 20:57:05.005001000,194.84,274.36,307.53,27,104,0,Summer,Tuesday,4.05,27,7407.72,2147.04
P-0009,Sports,2023-07-05 00:27:21.928385678,73.41,99.64,103.37,29,259,1,Summer,Wednesday,3.61,29,2889.56,760.67
P-0084,Beauty,2023-07-05 03:57:38.851770354,49.04,88.23,78.8,25,55,0,Summer,Wednesday,3.82,25,2205.75,979.75
P-0093,Beauty,2023-07-05 07:27:55.775155032,36.87,47.94,49.99,34,54,0,Summer,Wednesday,3.59,34,1629.96,376.38
P-0026,Sports,2023-07-05 10:58:12.698539708,96.47,157.44,144.93,24,164,0,Summer,Wednesday,4.25,24,3778.56,1463.28
P-0010,Home,2023-07-05 14:28:29.621924386,85.25,118.5,131.58,36,61,0,Summer,Wednesday,4.26,36,4266.0,1197.0
P-0095,Home,2023-07-05 17:58:46.545309062,82.82,117.57,118.72,20,20,1,Summer,Wednesday,3.3,20,2351.4,695.0
P-0081,Beauty,2023-07-05 21:29:03.468693738,44.62,59.74,61.95,26,185,0,Summer,Wednesday,3.81,26,1553.24,393.12
P-0073,Electronics,2023-07-06 00:59:20.392078416,203.13,250.27,269.58,27,250,0,Summer,Thursday,4.92,27,6757.29,1272.78
P-0078,Home,2023-07-06 04:29:37.315463092,121.81,193.46,199.57,21,201,0,Summer,Thursday,4.38,21,4062.66,1504.65
P-0095,Electronics,2023-07-06 07:59:54.238847770,280.35,390.06,376.39,18,251,0,Summer,Thursday,4.3,18,7021.08,1974.78
P-0066,Electronics,2023-07-06 11:30:11.162232446,154.19,217.0,217.51,16,144,0,Summer,Thursday,3.8,16,3472.0,1004.96
P-0011,Sports,2023-07-06 15:00:28.085617124,75.46,117.26,108.31,29,165,0,Summer,Thursday,4.23,29,3400.54,1212.2
P-0079,Beauty,2023-07-06 18:30:45.009001800,45.9,75.54,68.85,21,255,0,Summer,Thursday,4.09,21,1586.34,622.44
P-0009,Home,2023-07-06 22:01:01.932386478,110.02,179.26,180.04,19,138,0,Summer,Thursday,3.74,19,3405.94,1315.56
P-0009,Home,2023-07-07 01:31:18.855771154,99.36,164.65,147.59,12,24,0,Summer,Friday,3.88,12,1975.8,783.48
P-0049,Home,2023-07-07 05:01:35.779155832,85.32,132.38,147.53,30,73,0,Summer,Friday,3.89,30,3971.4,1411.8
P-0038,Grocery,2023-07-07 08:31:52.702540508,24.28,37.31,39.43,38,167,0,Summer,Friday,3.43,38,1417.78,495.14
P-0057,Sports,2023-07-07 12:02:09.625925186,73.89,123.91,126.44,29,225,1,Summer,Friday,3.5,29,3593.39,1450.58
P-0034,Sports,2023-07-07 15:32:26.549309862,100.66,168.76,165.48,32,163,1,Summer,Friday,4.01,32,5400.32,2179.2
P-0085,Home,2023-07-07 19:02:43.472694540,103.31,139.1,137.58,25,114,0,Summer,Friday,3.72,25,3477.5,894.75
P-0099,Home,2023-07-07 22:33:00.396079216,105.18,191.12,188.05,25,93,0,Summer,Friday,3.96,25,4778.0,2148.5
P-0097,Beauty,2023-07-08 02:03:17.319463892,31.53,58.1,53.05,26,182,0,Summer,Saturday,3.38,26,1510.6,690.82
P-0048,Beauty,2023-07-08 05:33:34.242848570,54.41,80.6,85.15,37,235,0,Summer,Saturday,4.46,37,2982.2,969.03
P-0053,Beauty,2023-07-08 09:03:51.166233246,73.33,105.81,98.33,24,83,0,Summer,Saturday,5.0,24,2539.44,779.52
P-0005,Grocery,2023-07-08 12:34:08.089617924,29.09,39.67,39.13,53,150,1,Summer,Saturday,4.56,53,2102.51,560.74
P-0088,Beauty,2023-07-08 16:04:25.013002600,38.75,61.39,61.53,50,119,1,Summer,Saturday,4.61,50,3069.5,1132.0
P-0026,Home,2023-07-08 19:34:41.936387278,90.24,127.04,133.46,27,75,0,Summer,Saturday,4.38,27,3430.08,993.6
P-0025,Home,2023-07-08 23:04:58.859771954,76.74,118.6,124.45,31,114,1,Summer,Saturday,4.22,31,3676.6,1297.66
P-0085,Home,2023-07-09 02:35:15.783156632,121.01,171.34,176.05,36,36,1,Summer,Sunday,4.14,36,6168.24,1811.88
P-0099,Electronics,2023-07-09 06:05:32.706541308,218.21,355.45,334.31,15,144,0,Summer,Sunday,3.69,15,5331.75,2058.6
P-0090,Electronics,2023-07-09 09:35:49.629925986,184.2,247.9,249.29,35,41,1,Summer,Sunday,4.41,35,8676.5,2229.5
P-0003,Grocery,2023-07-09 13:06:06.553310662,24.13,29.54,32.22,75,131,1,Summer,Sunday,4.38,75,2215.5,405.75
P-0093,Home,2023-07-09 16:36:23.476695340,55.37,75.98,71.52,36,234,1,Summer,Sunday,3.89,36,2735.28,741.96
P-0043,Electronics,2023-07-09 20:06:40.400080016,173.55,306.74,295.17,14,50,0,Summer,Sunday,4.34,14,4294.36,1864.66
P-0015,Beauty,2023-07-09 23:36:57.323464694,55.32,95.33,86.05,29,76,0,Summer,Sunday,3.79,29,2764.57,1160.29
P-0016,Grocery,2023-07-10 03:07:14.246849370,27.25,48.6,48.26,42,191,0,Summer,Monday,3.82,42,2041.2,896.7
P-0069,Home,2023-07-10 06:37:31.170234048,65.49,112.89,108.86,42,237,1,Summer,Monday,4.45,42,4741.38,1990.8
P-0081,Grocery,2023-07-10 10:07:48.093618724,22.54,37.52,37.71,43,249,0,Summer,Monday,4.29,43,1613.36,644.14
P-0041,Sports,2023-07-10 13:38:05.017003400,92.92,148.34,142.17,16,44,0,Summer,Monday,4.0,16,2373.44,886.72
P-0061,Beauty,2023-07-10 17:08:21.940388078,42.23,70.63,71.73,25,73,0,Summer,Monday,3.94,25,1765.75,710.0
P-0074,Grocery,2023-07-10 20:38:38.863772754,24.88,40.17,43.99,45,256,0,Summer,Monday,4.18,45,1807.65,688.05
P-0043,Electronics,2023-07-11 00:08:55.787157432,212.22,390.35,349.52,14,138,0,Summer,Tuesday,3.27,14,5464.9,2493.82
P-0083,Sports,2023-07-11 03:39:12.710542108,101.94,140.4,133.35,40,219,1,Summer,Tuesday,3.76,40,5616.0,1538.4
P-0030,Home,2023-07-11 07:09:29.633926786,91.5,150.98,147.14,18,18,0,Summer,Tuesday,3.53,18,2717.64,1070.64
P-0027,Sports,2023-07-11 10:39:46.557311462,77.8,101.94,102.4,21,43,0,Summer,Tuesday,4.11,21,2140.74,506.94
P-0048,Beauty,2023-07-11 14:10:03.480696140,62.52,84.91,80.81,32,65,0,Summer,Tuesday,4.59,32,2717.12,716.48
P-0051,Electronics,2023-07-11 17:40:20.404080816,165.43,245.66,269.83,20,36,0,Summer,Tuesday,4.31,20,4913.2,1604.6
P-0032,Electronics,2023-07-11 21:10:37.327465494,202.58,331.79,346.24,26,233,1,Summer,Tuesday,3.87,26,8626.54,3359.46
P-0033,Grocery,2023-07-12 00:40:54.250850170,22.25,27.08,29.76,62,211,1,Summer,Wednesday,3.78,62,1678.96,299.46
P-0031,Beauty,2023-07-12 04:11:11.174234848,53.78,63.19,69.42,36,110,1,Summer,Wednesday,3.76,36,2274.84,338.76
P-0046,Electronics,2023-07-12 07:41:28.097619524,238.51,366.82,414.43,25,34,0,Summer,Wednesday,5.0,25,9170.5,3207.75
P-0070,Grocery,2023-07-12 11:11:45.021004202,26.13,36.68,34.56,41,41,1,Summer,Wednesday,4.13,41,1503.88,432.55
P-0030,Sports,2023-07-12 14:42:01.944388878,70.42,83.53,89.38,33,79,0,Summer,Wednesday,4.19,33,2756.49,432.63
P-0069,Beauty,2023-07-12 18:12:18.867773554,56.2,99.91,92.54,20,193,0,Summer,Wednesday,3.15,20,1998.2,874.2
P-0034,Beauty,2023-07-12 21:42:35.791158232,68.12,128.26,116.91,24,211,0,Summer,Wednesday,3.57,24,3078.24,1443.36
P-0020,Electronics,2023-07-13 01:12:52.714542908,182.07,256.91,279.11,19,147,0,Summer,Thursday,4.08,19,4881.29,1421.96
P-0028,Grocery,2023-07-13 04:43:09.637927586,24.56,39.89,37.99,28,237,0,Summer,Thursday,3.88,28,1116.92,429.24
P-0082,Home,2023-07-13 08:13:26.561312262,92.06,130.87,132.13,20,242,0,Summer,Thursday,4.16,20,2617.4,776.2
P-0030,Sports,2023-07-13 11:43:43.484696940,79.19,120.37,109.37,20,203,0,Summer,Thursday,4.15,20,2407.4,823.6
P-0065,Home,2023-07-13 15:14:00.408081616,70.21,116.49,116.93,21,34,0,Summer,Thursday,4.37,21,2446.29,971.88
P-0058,Beauty,2023-07-13 18:44:17.331466294,67.41,112.39,115.75,24,233,0,Summer,Thursday,3.26,24,2697.36,1079.52
P-0070,Home,2023-07-13 22:14:34.254850970,83.23,112.89,118.74,23,237,0,Summer,Thursday,3.6,23,2596.47,682.18
P-0061,Electronics,2023-07-14 01:44:51.178235648,244.48,375.59,342.42,21,152,1,Summer,Friday,4.06,21,7887.39,2753.31
P-0100,Grocery,2023-07-14 05:15:08.101620324,21.61,28.22,30.2,31,161,0,Summer,Friday,3.81,31,874.82,204.91
P-0093,Beauty,2023-07-14 08:45:25.025005002,49.5,68.22,63.25,26,206,0,Summer,Friday,3.96,26,1773.72,486.72
P-0033,Beauty,2023-07-14 12:15:41.948389678,65.68,85.48,92.25,35,160,0,Summer,Friday,4.15,35,2991.8,693.0
P-0040,Sports,2023-07-14 15:45:58.871774356,92.72,121.24,117.21,23,99,0,Summer,Friday,3.76,23,2788.52,655.96
P-0037,Sports,2023-07-14 19:16:15.795159032,82.67,137.56,139.19,27,185,0,Summer,Friday,4.19,27,3714.12,1482.03
P-0066,Sports,2023-07-14 22:46:32.718543708,89.74,112.97,124.81,31,207,0,Summer,Friday,4.34,31,3502.07,720.13
P-0049,Electronics,2023-07-15 02:16:49.641928386,200.3,297.11,326.41,23,49,0,Summer,Saturday,4.13,23,6833.53,2226.63
P-0097,Beauty,2023-07-15 05:47:06.565313062,54.93,80.61,85.07,32,181,0,Summer,Saturday,4.42,32,2579.52,821.76
P-0072,Sports,2023-07-15 09:17:23.488697740,71.53,130.19,122.36,22,57,0,Summer,Saturday,3.12,22,2864.18,1290.52
P-0047,Home,2023-07-15 12:47:40.412082416,108.74,203.98,193.36,16,155,0,Summer,Saturday,3.84,16,3263.68,1523.84
P-0032,Electronics,2023-07-15 16:17:57.335467094,186.7,251.9,271.09,15,41,0,Summer,Saturday,4.5,15,3778.5,978.0
P-0078,Grocery,2023-07-15 19:48:14.258851770,29.7,38.35,38.57,53,258,1,Summer,Saturday,3.71,53,2032.55,458.45
P-0083,Beauty,2023-07-15 23:18:31.182236448,52.22,78.41,86.81,28,178,0,Summer,Saturday,3.65,28,2195.48,733.32
P-0097,Beauty,2023-07-16 02:48:48.105621124,55.18,73.23,69.62,27,130,0,Summer,Sunday,4.04,27,1977.21,487.35
P-0055,Sports,2023-07-16 06:19:05.029005802,89.71,131.81,123.14,29,138,0,Summer,Sunday,4.09,29,3822.49,1220.9
P-0079,Beauty,2023-07-16 09:49:21.952390478,55.21,77.3,70.63,36,166,0,Summer,Sunday,3.86,36,2782.8,795.24
P-0089,Home,2023-07-16 13:19:38.875775156,90.47,172.39,157.78,25,45,0,Summer,Sunday,4.93,25,4309.75,2048.0
P-0009,Home,2023-07-16 16:49:55.799159832,94.54,113.84,118.45,25,139,0,Summer,Sunday,4.23,25,2846.0,482.5
P-0015,Home,2023-07-16 20:20:12.722544510,108.59,155.44,165.17,33,190,0,Summer,Sunday,3.69,33,5129.52,1546.05
P-0020,Electronics,2023-07-16 23:50:29.645929186,187.73,304.94,278.44,15,78,0,Summer,Sunday,3.45,15,4574.1,1758.15
P-0023,Grocery,2023-07-17 03:20:46.569313862,23.52,34.63,37.84,42,132,0,Summer,Monday,4.28,42,1454.46,466.62
P-0030,Grocery,2023-07-17 06:51:03.492698540,24.04,30.3,33.88,55,95,1,Summer,Monday,3.68,55,1666.5,344.3
P-0001,Home,2023-07-17 10:21:20.416083216,108.14,178.8,187.14,26,54,0,Summer,Monday,5.0,26,4648.8,1837.16
P-0069,Home,2023-07-17 13:51:37.339467894,93.48,164.27,154.61,20,254,0,Summer,Monday,4.29,20,3285.4,1415.8
P-0061,Sports,2023-07-17 17:21:54.262852570,103.15,160.61,153.46,19,160,0,Summer,Monday,4.35,19,3051.59,1091.74
P-0068,Electronics,2023-07-17 20:52:11.186237248,204.74,330.87,296.24,16,111,0,Summer,Monday,4.21,16,5293.92,2018.08
P-0079,Beauty,2023-07-18 00:22:28.109621924,52.91,86.85,89.88,33,97,0,Summer,Tuesday,4.6,33,2866.05,1120.02
P-0014,Beauty,2023-07-18 03:52:45.033006602,53.49,84.34,89.13,22,181,0,Summer,Tuesday,3.02,22,1855.48,678.7
P-0033,Grocery,2023-07-18 07:23:01.956391278,18.94,27.02,27.83,41,41,1,Summer,Tuesday,3.56,41,1107.82,331.28
P-0045,Electronics,2023-07-18 10:53:18.879775956,175.17,268.91,251.85,23,153,0,Summer,Tuesday,4.57,23,6184.93,2156.02
P-0027,Grocery,2023-07-18 14:23:35.803160632,21.96,26.01,27.92,51,71,0,Summer,Tuesday,4.78,51,1326.51,206.55
P-0043,Home,2023-07-18 17:53:52.726545310,112.26,160.99,145.37,19,233,0,Summer,Tuesday,3.54,19,3058.81,925.87
P-0047,Beauty,2023-07-18 21:24:09.649929986,54.71,70.22,70.01,29,207,1,Summer,Tuesday,3.28,29,2036.38,449.79
P-0069,Electronics,2023-07-19 00:54:26.573314664,193.72,261.38,244.75,19,200,0,Summer,Wednesday,4.18,19,4966.22,1285.54
P-0023,Beauty,2023-07-19 04:24:43.496699340,65.79,94.66,87.77,28,50,1,Summer,Wednesday,4.32,28,2650.48,808.36
P-0027,Beauty,2023-07-19 07:55:00.420084018,68.65,117.58,118.18,28,34,0,Summer,Wednesday,4.17,28,3292.24,1370.04
P-0029,Electronics,2023-07-19 11:25:17.343468694,252.18,450.6,425.93,15,127,0,Summer,Wednesday,4.07,15,6759.0,2976.3
P-0024,Electronics,2023-07-19 14:55:34.266853370,181.34,300.91,311.01,23,102,1,Summer,Wednesday,3.27,23,6920.93,2750.11
P-0083,Electronics,2023-07-19 18:25:51.190238048,193.36,331.03,308.04,16,192,0,Summer,Wednesday,3.93,16,5296.48,2202.72
P-0060,Home,2023-07-19 21:56:08.113622724,122.57,210.46,195.28,28,189,0,Summer,Wednesday,4.0,28,5892.88,2460.92
P-0081,Electronics,2023-07-20 01:26:25.037007402,218.1,292.06,287.49,15,112,0,Summer,Thursday,3.85,15,4380.9,1109.4
P-0009,Sports,2023-07-20 04:56:41.960392078,76.57,116.68,125.15,35,54,1,Summer,Thursday,3.24,35,4083.8,1403.85
P-0071,Home,2023-07-20 08:26:58.883776756,105.92,165.49,148.71,32,94,1,Summer,Thursday,4.36,32,5295.68,1906.24
P-0067,Grocery,2023-07-20 11:57:15.807161432,27.87,47.39,42.8,41,138,0,Summer,Thursday,4.49,41,1942.99,800.32
P-0079,Sports,2023-07-20 15:27:32.730546110,72.69,132.74,129.03,41,77,1,Summer,Thursday,3.74,41,5442.34,2462.05
P-0044,Electronics,2023-07-20 18:57:49.653930786,217.37,419.44,375.8,20,92,0,Summer,Thursday,4.02,20,8388.8,4041.4
P-0075,Grocery,2023-07-20 22:28:06.577315464,27.56,38.01,37.98,44,73,0,Summer,Thursday,3.88,44,1672.44,459.8
P-0054,Sports,2023-07-21 01:58:23.500700140,65.15,104.61,107.83,30,30,1,Summer,Friday,3.88,30,3138.3,1183.8
P-0081,Grocery,2023-07-21 05:28:40.424084818,24.05,31.14,31.44,56,162,0,Summer,Friday,4.32,56,1743.84,397.04
P-0081,Home,2023-07-21 08:58:57.347469494,78.06,87.96,98.72,26,259,0,Summer,Friday,4.33,26,2286.96,257.4
P-0085,Home,2023-07-21 12:29:14.270854172,80.05,102.49,101.3,35,248,1,Summer,Friday,4.58,35,3587.15,785.4
P-0019,Electronics,2023-07-21 15:59:31.194238848,191.08,266.98,256.74,22,242,0,Summer,Friday,4.57,22,5873.56,1669.8
P-0072,Beauty,2023-07-21 19:29:48.117623524,59.2,87.57,96.63,41,176,1,Summer,Friday,4.02,41,3590.37,1163.17
P-0021,Sports,2023-07-21 23:00:05.041008202,75.88,103.56,110.01,35,198,0,Summer,Friday,5.0,35,3624.6,968.8
P-0048,Sports,2023-07-22 02:30:21.964392878,71.7,95.04,90.25,30,30,0,Summer,Saturday,4.8,30,2851.2,700.2
P-0091,Electronics,2023-07-22 06:00:38.887777556,211.73,406.48,379.72,25,64,1,Summer,Saturday,3.8,25,10162.0,4868.75
P-0013,Grocery,2023-07-22 09:30:55.811162232,19.6,33.78,30.25,34,188,0,Summer,Saturday,4.16,34,1148.52,482.12
P-0075,Home,2023-07-22 13:01:12.734546910,101.52,140.07,148.89,16,257,0,Summer,Saturday,3.21,16,2241.12,616.8
P-0031,Sports,2023-07-22 16:31:29.657931586,94.48,156.95,145.06,45,237,1,Summer,Saturday,4.11,45,7062.75,2811.15
P-0027,Electronics,2023-07-22 20:01:46.581316264,207.34,293.41,318.47,31,169,0,Summer,Saturday,4.85,31,9095.71,2668.17
P-0006,Sports,2023-07-22 23:32:03.504700940,77.41,106.43,116.78,33,41,0,Summer,Saturday,5.0,33,3512.19,957.66
P-0073,Grocery,2023-07-23 03:02:20.428085618,25.43,42.58,40.36,51,251,0,Summer,Sunday,4.05,51,2171.58,874.65
P-0083,Electronics,2023-07-23 06:32:37.351470294,141.84,243.19,246.39,18,92,0,Summer,Sunday,4.25,18,4377.42,1824.3
P-0046,Electronics,2023-07-23 10:02:54.274854972,228.04,345.67,322.89,23,25,0,Summer,Sunday,4.37,23,7950.41,2705.49
P-0020,Grocery,2023-07-23 13:33:11.198239648,35.91,51.67,54.51,42,203,0,Summer,Sunday,4.99,42,2170.14,661.92
P-0062,Electronics,2023-07-23 17:03:28.121624326,205.88,240.02,257.76,23,57,1,Summer,Sunday,3.66,23,5520.46,785.22
P-0098,Beauty,2023-07-23 20:33:45.045009002,53.95,94.04,92.95,44,88,0,Summer,Sunday,5.0,44,4137.76,1763.96
P-0079,Sports,2023-07-24 00:04:01.968393678,89.52,115.24,126.96,37,180,1,Summer,Monday,3.96,37,4263.88,951.64
P-0076,Beauty,2023-07-24 03:34:18.891778356,69.48,92.06,97.22,30,251,1,Summer,Monday,3.57,30,2761.8,677.4
P-0005,Home,2023-07-24 07:04:35.815163032,109.82,181.71,197.53,30,237,0,Summer,Monday,3.96,30,5451.3,2156.7
P-0090,Beauty,2023-07-24 10:34:52.738547710,36.03,54.17,56.62,42,55,1,Summer,Monday,3.74,42,2275.14,761.88
P-0062,Electronics,2023-07-24 14:05:09.661932386,228.93,320.88,301.66,14,58,0,Summer,Monday,4.29,14,4492.32,1287.3
P-0065,Sports,2023-07-24 17:35:26.585317064,112.92,143.29,157.64,33,213,0,Summer,Monday,3.36,33,4728.57,1002.21
P-0034,Home,2023-07-24 21:05:43.508701740,104.46,154.92,150.87,32,92,1,Summer,Monday,4.16,32,4957.44,1614.72
P-0089,Electronics,2023-07-25 00:36:00.432086418,171.21,313.11,306.87,29,34,1,Summer,Tuesday,4.4,29,9080.19,4115.1
P-0052,Home,2023-07-25 04:06:17.355471094,99.28,148.96,147.61,29,159,0,Summer,Tuesday,4.77,29,4319.84,1440.72
P-0025,Sports,2023-07-25 07:36:34.278855772,63.61,87.23,87.56,29,175,0,Summer,Tuesday,4.41,29,2529.67,684.98
P-0037,Electronics,2023-07-25 11:06:51.202240448,251.42,408.52,393.06,23,259,0,Summer,Tuesday,4.74,23,9395.96,3613.3
P-0023,Sports,2023-07-25 14:37:08.125625126,67.76,108.2,99.78,43,134,1,Summer,Tuesday,3.83,43,4652.6,1738.92
P-0095,Grocery,2023-07-25 18:07:25.049009802,24.29,28.58,31.1,34,210,0,Summer,Tuesday,4.28,34,971.72,145.86
P-0081,Grocery,2023-07-25 21:37:41.972394480,20.71,38.38,35.69,30,145,0,Summer,Tuesday,3.1,30,1151.4,530.1
P-0060,Sports,2023-07-26 01:07:58.895779156,73.01,82.22,91.89,21,241,0,Summer,Wednesday,4.05,21,1726.62,193.41
P-0077,Grocery,2023-07-26 04:38:15.819163832,29.71,51.6,51.82,36,134,0,Summer,Wednesday,4.27,36,1857.6,788.04
P-0085,Sports,2023-07-26 08:08:32.742548510,81.32,137.45,137.07,33,180,0,Summer,Wednesday,4.31,33,4535.85,1852.29
P-0035,Electronics,2023-07-26 11:38:49.665933186,191.21,229.06,246.99,24,250,0,Summer,Wednesday,3.39,24,5497.44,908.4
P-0026,Grocery,2023-07-26 15:09:06.589317864,19.6,29.12,32.3,43,229,0,Summer,Wednesday,3.92,43,1252.16,409.36
P-0092,Beauty,2023-07-26 18:39:23.512702540,38.53,57.92,64.5,23,113,0,Summer,Wednesday,3.99,23,1332.16,445.97
P-0037,Beauty,2023-07-26 22:09:40.436087218,43.99,61.83,69.56,31,139,0,Summer,Wednesday,3.91,31,1916.73,553.04
P-0005,Sports,2023-07-27 01:39:57.359471894,81.43,129.91,127.66,30,160,0,Summer,Thursday,4.43,30,3897.3,1454.4
P-0079,Sports,2023-07-27 05:10:14.282856572,92.55,108.44,118.22,24,45,0,Summer,Thursday,4.0,24,2602.56,381.36
P-0023,Grocery,2023-07-27 08:40:31.206241248,21.85,30.11,28.03,64,72,1,Summer,Thursday,4.14,64,1927.04,528.64
P-0024,Beauty,2023-07-27 12:10:48.129625926,68.82,124.42,113.55,21,188,0,Summer,Thursday,3.88,21,2612.82,1167.6
P-0071,Beauty,2023-07-27 15:41:05.053010602,48.69,60.52,63.69,32,32,0,Summer,Thursday,4.58,32,1936.64,378.56
P-0100,Home,2023-07-27 19:11:21.976395280,91.38,116.2,126.38,24,162,0,Summer,Thursday,4.61,24,2788.8,595.68
P-0009,Home,2023-07-27 22:41:38.899779956,78.59,117.2,119.8,25,133,0,Summer,Thursday,3.96,25,2930.0,965.25
P-0067,Home,2023-07-28 02:11:55.823164634,110.06,161.02,147.51,30,133,1,Summer,Friday,5.0,30,4830.6,1528.8
P-0034,Electronics,2023-07-28 05:42:12.746549310,280.48,461.08,472.44,30,222,1,Summer,Friday,3.76,30,13832.4,5418.0
P-0090,Electronics,2023-07-28 09:12:29.669933988,150.8,231.45,255.46,23,82,0,Summer,Friday,4.55,23,5323.35,1854.95
P-0090,Grocery,2023-07-28 12:42:46.593318664,22.67,43.36,38.84,40,208,0,Summer,Friday,3.67,40,1734.4,827.6
P-0011,Beauty,2023-07-28 16:13:03.516703340,66.13,84.46,84.47,37,207,0,Summer,Friday,4.45,37,3125.02,678.21
P-0005,Sports,2023-07-28 19:43:20.440088016,61.48,87.87,91.32,30,258,0,Summer,Friday,4.41,30,2636.1,791.7
P-0042,Beauty,2023-07-28 23:13:37.363472696,59.99,112.65,102.93,22,216,0,Summer,Friday,3.64,22,2478.3,1158.52
P-0007,Electronics,2023-07-29 02:43:54.286857372,251.04,401.28,363.95,21,139,1,Summer,Saturday,4.04,21,8426.88,3155.04
P-0034,Electronics,2023-07-29 06:14:11.210242048,212.63,346.89,347.16,20,104,0,Summer,Saturday,4.94,20,6937.8,2685.2
P-0018,Electronics,2023-07-29 09:44:28.133626724,228.49,342.98,359.66,27,206,1,Summer,Saturday,3.73,27,9260.46,3091.23
P-0098,Sports,2023-07-29 13:14:45.057011404,102.54,147.14,147.76,23,242,0,Summer,Saturday,4.28,23,3384.22,1025.8
P-0071,Electronics,2023-07-29 16:45:01.980396080,275.47,360.2,386.22,16,83,0,Summer,Saturday,4.25,16,5763.2,1355.68
P-0015,Beauty,2023-07-29 20:15:18.903780756,54.45,87.15,87.61,28,105,0,Summer,Saturday,4.08,28,2440.2,915.6
P-0063,Sports,2023-07-29 23:45:35.827165432,73.19,90.58,96.87,27,136,0,Summer,Saturday,3.32,27,2445.66,469.53
P-0075,Sports,2023-07-30 03:15:52.750550112,68.22,121.0,117.55,33,41,1,Summer,Sunday,4.47,33,3993.0,1741.74
P-0081,Home,2023-07-30 06:46:09.673934788,109.85,182.88,172.14,34,91,0,Summer,Sunday,4.11,34,6217.92,2483.02
P-0064,Electronics,2023-07-30 10:16:26.597319464,163.91,239.16,214.94,16,55,0,Summer,Sunday,4.6,16,3826.56,1204.0
P-0059,Electronics,2023-07-30 13:46:43.520704140,201.51,356.98,329.86,23,204,1,Summer,Sunday,4.2,23,8210.54,3575.81
P-0086,Electronics,2023-07-30 17:17:00.444088816,213.45,285.89,317.42,27,136,0,Summer,Sunday,4.13,27,7719.03,1955.88
P-0026,Electronics,2023-07-30 20:47:17.367473496,193.1,244.84,263.05,13,162,0,Summer,Sunday,4.27,13,3182.92,672.62
P-0098,Beauty,2023-07-31 00:17:34.290858172,57.46,102.98,102.2,23,34,0,Summer,Monday,3.66,23,2368.54,1046.96
P-0022,Sports,2023-07-31 03:47:51.214242848,112.83,174.9,185.7,36,155,0,Summer,Monday,4.8,36,6296.4,2234.52
P-0081,Beauty,2023-07-31 07:18:08.137627524,53.93,75.09,85.0,46,191,1,Summer,Monday,3.93,46,3454.14,973.36
P-0097,Grocery,2023-07-31 10:48:25.061012204,22.33,40.68,38.34,38,183,0,Summer,Monday,3.94,38,1545.84,697.3
P-0026,Electronics,2023-07-31 14:18:41.984396880,244.12,365.26,378.17,22,209,0,Summer,Monday,4.68,22,8035.72,2665.08
P-0066,Grocery,2023-07-31 17:48:58.907781556,24.92,33.33,37.2,42,42,0,Summer,Monday,4.21,42,1399.86,353.22
P-0084,Beauty,2023-07-31 21:19:15.831166232,67.67,91.83,91.64,30,149,0,Summer,Monday,3.99,30,2754.9,724.8
P-0030,Sports,2023-08-01 00:49:32.754550912,82.11,122.11,109.56,26,133,0,Summer,Tuesday,4.29,26,3174.86,1040.0
P-0053,Sports,2023-08-01 04:19:49.677935588,76.82,119.18,114.28,18,233,0,Summer,Tuesday,4.38,18,2145.24,762.48
P-0081,Home,2023-08-01 07:50:06.601320264,67.89,93.55,101.89,35,184,0,Summer,Tuesday,4.05,35,3274.25,898.1
P-0066,Electronics,2023-08-01 11:20:23.524704940,155.58,258.1,257.22,19,248,0,Summer,Tuesday,4.52,19,4903.9,1947.88
P-0081,Home,2023-08-01 14:50:40.448089620,67.1,109.85,100.19,20,21,0,Summer,Tuesday,3.53,20,2197.0,855.0
P-0029,Home,2023-08-01 18:20:57.371474296,100.77,141.85,158.84,26,124,0,Summer,Tuesday,4.22,26,3688.1,1068.08
P-0051,Sports,2023-08-01 21:51:14.294858972,62.56,110.39,106.85,21,187,0,Summer,Tuesday,4.46,21,2318.19,1004.43
P-0082,Home,2023-08-02 01:21:31.218243648,114.08,215.81,204.93,29,36,0,Summer,Wednesday,4.38,29,6258.49,2950.17
P-0023,Grocery,2023-08-02 04:51:48.141628324,24.12,36.12,34.43,40,174,0,Summer,Wednesday,3.09,40,1444.8,480.0
P-0045,Beauty,2023-08-02 08:22:05.065013004,52.85,84.53,92.28,37,71,1,Summer,Wednesday,4.04,37,3127.61,1172.16
P-0053,Electronics,2023-08-02 11:52:21.988397680,181.65,337.66,307.59,10,33,0,Summer,Wednesday,3.55,10,3376.6,1560.1
P-0081,Home,2023-08-02 15:22:38.911782356,104.46,128.74,134.48,25,176,0,Summer,Wednesday,4.68,25,3218.5,607.0
P-0076,Grocery,2023-08-02 18:52:55.835167032,20.91,26.75,29.98,53,119,0,Summer,Wednesday,3.92,53,1417.75,309.52
P-0043,Grocery,2023-08-02 22:23:12.758551712,20.22,24.94,27.71,49,114,0,Summer,Wednesday,4.63,49,1222.06,231.28
P-0096,Home,2023-08-03 01:53:29.681936388,113.06,180.78,182.64,25,94,0,Summer,Thursday,3.55,25,4519.5,1693.0
P-0062,Home,2023-08-03 05:23:46.605321064,100.39,138.91,156.15,29,182,0,Summer,Thursday,4.28,29,4028.39,1117.08
P-0062,Grocery,2023-08-03 08:54:03.528705740,23.1,37.52,35.16,34,166,0,Summer,Thursday,4.1,34,1275.68,490.28
P-0011,Electronics,2023-08-03 12:24:20.452090420,231.55,420.63,386.68,36,178,1,Summer,Thursday,5.0,36,15142.68,6806.88
P-0023,Sports,2023-08-03 15:54:37.375475096,80.11,101.41,114.82,32,208,0,Summer,Thursday,4.63,32,3245.12,681.6
P-0010,Electronics,2023-08-03 19:24:54.298859772,222.87,349.72,325.5,21,163,0,Summer,Thursday,4.6,21,7344.12,2663.85
P-0002,Electronics,2023-08-03 22:55:11.222244448,182.55,351.49,315.1,17,33,0,Summer,Thursday,5.0,17,5975.33,2871.98
P-0096,Beauty,2023-08-04 02:25:28.145629128,73.22,115.95,130.68,29,53,0,Summer,Friday,4.23,29,3362.55,1239.17
P-0029,Beauty,2023-08-04 05:55:45.069013804,49.9,88.2,83.68,25,257,0,Summer,Friday,4.06,25,2205.0,957.5
P-0073,Beauty,2023-08-04 09:26:01.992398480,68.69,105.33,94.06,33,85,1,Summer,Friday,4.0,33,3475.89,1209.12
P-0053,Home,2023-08-04 12:56:18.915783156,92.13,129.49,120.87,24,119,0,Summer,Friday,4.25,24,3107.76,896.64
P-0018,Sports,2023-08-04 16:26:35.839167832,90.33,123.47,123.31,25,107,0,Summer,Friday,2.85,25,3086.75,828.5
P-0082,Beauty,2023-08-04 19:56:52.762552512,61.46,99.54,91.12,19,257,0,Summer,Friday,4.1,19,1891.26,723.52
P-0060,Beauty,2023-08-04 23:27:09.685937188,65.09,94.32,89.84,40,216,1,Summer,Friday,4.2,40,3772.8,1169.2
P-0076,Home,2023-08-05 02:57:26.609321864,82.22,136.37,143.52,38,133,0,Summer,Saturday,4.03,38,5182.06,2057.7
P-0079,Electronics,2023-08-05 06:27:43.532706540,246.14,372.12,398.48,25,182,0,Summer,Saturday,3.41,25,9303.0,3149.5
P-0082,Beauty,2023-08-05 09:58:00.456091220,71.25,105.71,105.39,19,150,0,Summer,Saturday,4.03,19,2008.49,654.74
P-0060,Home,2023-08-05 13:28:17.379475896,91.07,123.66,127.55,35,173,1,Summer,Saturday,3.41,35,4328.1,1140.65
P-0017,Grocery,2023-08-05 16:58:34.302860572,24.13,33.77,35.21,63,248,1,Summer,Saturday,4.9,63,2127.51,607.32
P-0045,Electronics,2023-08-05 20:28:51.226245248,192.41,268.4,290.89,16,179,0,Summer,Saturday,3.98,16,4294.4,1215.84
P-0074,Sports,2023-08-05 23:59:08.149629928,75.57,134.42,124.13,33,42,1,Summer,Saturday,3.17,33,4435.86,1942.05
P-0084,Beauty,2023-08-06 03:29:25.073014604,70.06,95.5,91.02,38,138,1,Summer,Sunday,4.01,38,3629.0,966.72
P-0053,Sports,2023-08-06 06:59:41.996399280,67.15,110.62,115.29,32,215,0,Summer,Sunday,4.5,32,3539.84,1391.04
P-0006,Beauty,2023-08-06 10:29:58.919783956,46.71,57.78,61.66,19,24,0,Summer,Sunday,4.18,19,1097.82,210.33
P-0100,Electronics,2023-08-06 14:00:15.843168632,264.13,335.42,368.29,15,102,0,Summer,Sunday,3.69,15,5031.3,1069.35
P-0064,Grocery,2023-08-06 17:30:32.766553312,26.4,43.02,47.43,49,64,0,Summer,Sunday,3.79,49,2107.98,814.38
P-0056,Grocery,2023-08-06 21:00:49.689937988,32.14,44.85,43.54,53,191,1,Summer,Sunday,3.97,53,2377.05,673.63
P-0048,Grocery,2023-08-07 00:31:06.613322664,22.27,26.35,29.08,32,49,0,Summer,Monday,3.9,32,843.2,130.56
P-0044,Home,2023-08-07 04:01:23.536707340,96.92,172.32,155.18,20,167,0,Summer,Monday,3.53,20,3446.4,1508.0
P-0065,Grocery,2023-08-07 07:31:40.460092020,21.46,29.8,31.47,30,30,0,Summer,Monday,4.07,30,894.0,250.2
P-0063,Sports,2023-08-07 11:01:57.383476696,81.83,94.31,106.42,23,241,0,Summer,Monday,3.5,23,2169.13,287.04
P-0030,Grocery,2023-08-07 14:32:14.306861372,17.19,23.36,21.52,43,93,0,Summer,Monday,4.53,43,1004.48,265.31
P-0040,Home,2023-08-07 18:02:31.230246048,105.41,132.02,136.35,40,114,0,Summer,Monday,4.58,40,5280.8,1064.4
P-0017,Grocery,2023-08-07 21:32:48.153630728,25.24,37.35,38.81,51,207,0,Summer,Monday,3.65,51,1904.85,617.61
P-0032,Grocery,2023-08-08 01:03:05.077015404,23.78,29.74,32.74,71,108,1,Summer,Tuesday,3.78,71,2111.54,423.16
P-0098,Sports,2023-08-08 04:33:22.000400080,75.0,130.66,125.82,20,43,0,Summer,Tuesday,3.91,20,2613.2,1113.2
P-0026,Home,2023-08-08 08:03:38.923784756,81.4,135.39,140.14,20,236,0,Summer,Tuesday,4.09,20,2707.8,1079.8
P-0087,Home,2023-08-08 11:33:55.847169436,106.06,151.95,141.02,25,42,1,Summer,Tuesday,4.22,25,3798.75,1147.25
P-0045,Grocery,2023-08-08 15:04:12.770554112,19.5,28.87,27.99,52,136,0,Summer,Tuesday,4.31,52,1501.24,487.24
P-0091,Beauty,2023-08-08 18:34:29.693938788,59.5,86.39,79.17,19,45,0,Summer,Tuesday,4.3,19,1641.41,510.91
P-0058,Grocery,2023-08-08 22:04:46.617323464,31.97,46.32,45.0,38,185,0,Summer,Tuesday,4.8,38,1760.16,545.3
P-0077,Beauty,2023-08-09 01:35:03.540708140,68.07,100.34,94.04,33,81,1,Summer,Wednesday,4.13,33,3311.22,1064.91
P-0039,Electronics,2023-08-09 05:05:20.464092820,159.43,280.93,268.28,17,243,0,Summer,Wednesday,3.51,17,4775.81,2065.5
P-0007,Grocery,2023-08-09 08:35:37.387477496,21.94,31.31,31.59,38,64,0,Summer,Wednesday,3.38,38,1189.78,356.06
P-0036,Electronics,2023-08-09 12:05:54.310862172,224.16,356.75,341.3,25,179,0,Summer,Wednesday,4.84,25,8918.75,3314.75
P-0063,Electronics,2023-08-09 15:36:11.234246848,207.64,349.72,336.51,18,18,1,Summer,Wednesday,4.33,18,6294.96,2557.44
P-0024,Grocery,2023-08-09 19:06:28.157631528,18.63,27.96,31.71,42,42,1,Summer,Wednesday,4.19,42,1174.32,391.86
P-0039,Grocery,2023-08-09 22:36:45.081016204,25.48,37.79,36.07,38,82,0,Summer,Wednesday,4.3,38,1436.02,467.78
P-0005,Sports,2023-08-10 02:07:02.004400880,79.87,102.81,109.03,31,231,0,Summer,Thursday,4.17,31,3187.11,711.14
P-0034,Home,2023-08-10 05:37:18.927785556,124.1,224.14,221.91,30,259,0,Summer,Thursday,4.29,30,6724.2,3001.2
P-0010,Electronics,2023-08-10 09:07:35.851170236,201.49,260.54,287.34,17,165,0,Summer,Thursday,3.93,17,4429.18,1003.85
P-0025,Sports,2023-08-10 12:37:52.774554912,94.95,136.13,153.73,33,97,0,Summer,Thursday,4.57,33,4492.29,1358.94
P-0039,Electronics,2023-08-10 16:08:09.697939588,167.43,240.09,271.71,27,91,1,Summer,Thursday,3.86,27,6482.43,1961.82
P-0019,Electronics,2023-08-10 19:38:26.621324264,175.46,246.87,268.93,20,66,0,Summer,Thursday,3.69,20,4937.4,1428.2
P-0009,Home,2023-08-10 23:08:43.544708944,105.97,128.98,145.78,46,98,1,Summer,Thursday,3.34,46,5933.08,1058.46
P-0014,Beauty,2023-08-11 02:39:00.468093620,64.54,78.14,85.7,24,136,0,Summer,Friday,3.99,24,1875.36,326.4
P-0066,Sports,2023-08-11 06:09:17.391478296,67.75,104.29,102.83,28,182,1,Summer,Friday,4.67,28,2920.12,1023.12
P-0013,Grocery,2023-08-11 09:39:34.314862972,24.09,36.0,36.88,39,71,0,Summer,Friday,3.89,39,1404.0,464.49
P-0004,Grocery,2023-08-11 13:09:51.238247648,18.69,34.92,31.31,23,23,0,Summer,Friday,3.48,23,803.16,373.29
P-0072,Electronics,2023-08-11 16:40:08.161632328,203.91,359.28,334.5,24,152,1,Summer,Friday,4.23,24,8622.72,3728.88
P-0047,Home,2023-08-11 20:10:25.085017004,107.72,172.68,188.68,27,74,0,Summer,Friday,3.81,27,4662.36,1753.92
P-0094,Beauty,2023-08-11 23:40:42.008401680,51.17,89.47,91.29,32,113,1,Summer,Friday,4.8,32,2863.04,1225.6
P-0039,Electronics,2023-08-12 03:10:58.931786356,201.63,327.24,332.75,42,189,1,Summer,Saturday,4.58,42,13744.08,5275.62
P-0039,Home,2023-08-12 06:41:15.855171036,77.83,97.23,100.56,36,234,1,Summer,Saturday,3.53,36,3500.28,698.4
P-0005,Home,2023-08-12 10:11:32.778555712,85.14,125.27,125.4,38,145,1,Summer,Saturday,4.02,38,4760.26,1524.94
P-0011,Electronics,2023-08-12 13:41:49.701940388,269.07,443.82,426.43,17,242,0,Summer,Saturday,3.76,17,7544.94,2970.75
P-0084,Beauty,2023-08-12 17:12:06.625325064,55.64,90.57,87.61,23,80,0,Summer,Saturday,3.58,23,2083.11,803.39
P-0023,Grocery,2023-08-12 20:42:23.548709744,20.15,26.27,27.2,52,189,0,Summer,Saturday,4.07,52,1366.04,318.24
P-0008,Electronics,2023-08-13 00:12:40.472094420,199.42,328.62,313.21,18,255,0,Summer,Sunday,4.47,18,5915.16,2325.6
P-0075,Beauty,2023-08-13 03:42:57.395479096,40.94,56.07,59.05,28,67,0,Summer,Sunday,4.06,28,1569.96,423.64
P-0100,Grocery,2023-08-13 07:13:14.318863772,20.11,31.22,28.89,44,195,0,Summer,Sunday,3.87,44,1373.68,488.84
P-0035,Grocery,2023-08-13 10:43:31.242248448,29.22,55.49,49.93,37,131,0,Summer,Sunday,3.11,37,2053.13,971.99
P-0039,Grocery,2023-08-13 14:13:48.165633128,23.45,33.04,34.75,43,230,0,Summer,Sunday,3.8,43,1420.72,412.37
P-0067,Beauty,2023-08-13 17:44:05.089017804,71.64,117.87,110.33,30,89,0,Summer,Sunday,4.35,30,3536.1,1386.9
P-0011,Grocery,2023-08-13 21:14:22.012402480,23.63,39.62,36.85,43,250,1,Summer,Sunday,3.5,43,1703.66,687.57
P-0021,Home,2023-08-14 00:44:38.935787156,94.45,146.98,147.31,24,210,1,Summer,Monday,4.68,24,3527.52,1260.72
P-0088,Home,2023-08-14 04:14:55.859171836,104.74,129.03,143.2,28,187,0,Summer,Monday,3.84,28,3612.84,680.12
P-0076,Electronics,2023-08-14 07:45:12.782556512,120.2,202.92,189.88,11,22,0,Summer,Monday,4.19,11,2232.12,909.92
P-0015,Beauty,2023-08-14 11:15:29.705941188,56.8,79.64,81.45,21,35,0,Summer,Monday,3.92,21,1672.44,479.64
P-0066,Home,2023-08-14 14:45:46.629325864,94.26,141.15,151.78,20,177,0,Summer,Monday,3.57,20,2823.0,937.8
P-0096,Home,2023-08-14 18:16:03.552710544,117.59,161.16,156.41,23,132,0,Summer,Monday,4.3,23,3706.68,1002.11
P-0023,Grocery,2023-08-14 21:46:20.476095220,27.7,49.02,49.77,52,94,1,Summer,Monday,3.83,52,2549.04,1108.64
P-0022,Home,2023-08-15 01:16:37.399479896,77.77,117.35,130.24,22,221,0,Summer,Tuesday,3.73,22,2581.7,870.76
P-0094,Home,2023-08-15 04:46:54.322864572,113.88,188.04,168.48,15,132,0,Summer,Tuesday,3.03,15,2820.6,1112.4
P-0097,Electronics,2023-08-15 08:17:11.246249252,201.19,267.38,284.83,25,127,0,Summer,Tuesday,4.69,25,6684.5,1654.75
P-0053,Home,2023-08-15 11:47:28.169633928,81.25,119.2,118.89,36,94,0,Summer,Tuesday,4.1,36,4291.2,1366.2
P-0048,Home,2023-08-15 15:17:45.093018604,98.0,167.85,161.37,29,255,0,Summer,Tuesday,4.6,29,4867.65,2025.65
P-0022,Home,2023-08-15 18:48:02.016403280,91.92,134.36,148.03,21,104,0,Summer,Tuesday,4.38,21,2821.56,891.24
P-0006,Home,2023-08-15 22:18:18.939787956,118.38,204.82,193.69,39,78,1,Summer,Tuesday,4.6,39,7987.98,3371.16
P-0057,Grocery,2023-08-16 01:48:35.863172636,25.31,45.58,44.01,47,180,0,Summer,Wednesday,3.85,47,2142.26,952.69
P-0016,Sports,2023-08-16 05:18:52.786557312,82.63,123.83,124.02,20,23,0,Summer,Wednesday,3.48,20,2476.6,824.0
P-0042,Beauty,2023-08-16 08:49:09.709941988,62.93,102.53,101.84,25,160,0,Summer,Wednesday,4.44,25,2563.25,990.0
P-0094,Grocery,2023-08-16 12:19:26.633326664,28.2,46.7,42.1,38,153,0,Summer,Wednesday,4.16,38,1774.6,703.0
P-0092,Sports,2023-08-16 15:49:43.556711344,90.03,158.34,144.13,21,74,0,Summer,Wednesday,3.89,21,3325.14,1434.51
P-0047,Sports,2023-08-16 19:20:00.480096020,98.17,134.54,148.35,34,203,0,Summer,Wednesday,4.43,34,4574.36,1236.58
P-0031,Beauty,2023-08-16 22:50:17.403480696,60.36,98.04,101.23,25,25,0,Summer,Wednesday,4.24,25,2451.0,942.0
P-0098,Sports,2023-08-17 02:20:34.326865372,82.15,103.34,102.93,17,255,0,Summer,Thursday,4.39,17,1756.78,360.23
P-0089,Sports,2023-08-17 05:50:51.250250052,95.86,144.42,131.2,20,224,0,Summer,Thursday,3.64,20,2888.4,971.2
P-0061,Grocery,2023-08-17 09:21:08.173634728,23.65,35.96,33.42,30,57,0,Summer,Thursday,4.54,30,1078.8,369.3
P-0075,Beauty,2023-08-17 12:51:25.097019404,55.29,95.19,97.86,26,135,0,Summer,Thursday,4.1,26,2474.94,1037.4
P-0044,Electronics,2023-08-17 16:21:42.020404080,267.84,447.45,409.49,27,63,1,Summer,Thursday,4.59,27,12081.15,4849.47
P-0068,Electronics,2023-08-17 19:51:58.943788760,264.5,372.41,383.63,17,166,0,Summer,Thursday,4.54,17,6330.97,1834.47
P-0056,Beauty,2023-08-17 23:22:15.867173436,54.93,76.44,80.88,40,101,1,Summer,Thursday,4.41,40,3057.6,860.4
P-0019,Beauty,2023-08-18 02:52:32.790558112,51.01,78.46,76.44,23,134,0,Summer,Friday,4.05,23,1804.58,631.35
P-0007,Home,2023-08-18 06:22:49.713942788,117.24,195.51,202.51,29,249,0,Summer,Friday,4.42,29,5669.79,2269.83
P-0009,Beauty,2023-08-18 09:53:06.637327464,62.04,113.63,110.39,36,166,1,Summer,Friday,4.6,36,4090.68,1857.24
P-0080,Beauty,2023-08-18 13:23:23.560712144,57.78,96.9,99.05,30,227,0,Summer,Friday,4.37,30,2907.0,1173.6
P-0087,Grocery,2023-08-18 16:53:40.484096820,22.76,41.76,38.99,44,168,0,Summer,Friday,4.19,44,1837.44,836.0
P-0052,Electronics,2023-08-18 20:23:57.407481496,221.15,333.42,300.64,41,131,1,Summer,Friday,4.42,41,13670.22,4603.07
P-0058,Home,2023-08-18 23:54:14.330866172,94.67,125.04,132.33,18,18,0,Summer,Friday,3.86,18,2250.72,546.66
P-0092,Grocery,2023-08-19 03:24:31.254250852,21.45,33.92,33.84,36,36,1,Summer,Saturday,4.78,36,1221.12,448.92
P-0097,Grocery,2023-08-19 06:54:48.177635528,24.5,41.6,39.47,26,145,0,Summer,Saturday,3.34,26,1081.6,444.6
P-0072,Sports,2023-08-19 10:25:05.101020204,83.4,104.24,113.55,32,138,1,Summer,Saturday,4.12,32,3335.68,666.88
P-0052,Sports,2023-08-19 13:55:22.024404880,75.19,133.72,124.85,26,138,0,Summer,Saturday,3.92,26,3476.72,1521.78
P-0045,Sports,2023-08-19 17:25:38.947789560,91.57,127.01,124.53,31,222,0,Summer,Saturday,3.81,31,3937.31,1098.64
P-0060,Home,2023-08-19 20:55:55.871174236,114.59,146.38,159.81,35,38,1,Summer,Saturday,4.24,35,5123.3,1112.65
P-0075,Home,2023-08-20 00:26:12.794558912,109.74,169.45,155.69,23,176,0,Summer,Sunday,3.59,23,3897.35,1373.33
P-0100,Home,2023-08-20 03:56:29.717943588,90.8,153.01,155.75,17,197,0,Summer,Sunday,5.0,17,2601.17,1057.57
P-0067,Beauty,2023-08-20 07:26:46.641328264,61.65,93.98,101.89,42,173,1,Summer,Sunday,3.49,42,3947.16,1357.86
P-0072,Sports,2023-08-20 10:57:03.564712944,81.0,115.76,124.89,31,72,1,Summer,Sunday,3.67,31,3588.56,1077.56
P-0003,Home,2023-08-20 14:27:20.488097620,76.22,138.52,129.64,30,114,0,Summer,Sunday,3.63,30,4155.6,1869.0
P-0037,Beauty,2023-08-20 17:57:37.411482296,60.92,114.2,103.39,28,28,0,Summer,Sunday,4.19,28,3197.6,1491.84
P-0028,Home,2023-08-20 21:27:54.334866972,97.22,138.21,142.37,45,58,1,Summer,Sunday,4.56,45,6219.45,1844.55
P-0083,Electronics,2023-08-21 00:58:11.258251652,297.14,448.68,499.13,22,211,0,Summer,Monday,4.34,22,9870.96,3333.88
P-0026,Electronics,2023-08-21 04:28:28.181636328,258.96,319.25,353.07,21,166,0,Summer,Monday,4.76,21,6704.25,1266.09
P-0030,Electronics,2023-08-21 07:58:45.105021004,233.89,370.34,357.1,17,226,0,Summer,Monday,3.73,17,6295.78,2319.65
P-0066,Sports,2023-08-21 11:29:02.028405680,83.19,106.01,109.4,40,184,0,Summer,Monday,4.4,40,4240.4,912.8
P-0053,Home,2023-08-21 14:59:18.951790360,97.49,142.18,144.75,32,73,1,Summer,Monday,3.96,32,4549.76,1430.08
P-0041,Grocery,2023-08-21 18:29:35.875175036,20.15,29.74,30.95,40,214,0,Summer,Monday,4.2,40,1189.6,383.6
P-0024,Grocery,2023-08-21 21:59:52.798559712,17.32,22.22,22.41,60,183,1,Summer,Monday,4.6,60,1333.2,294.0
P-0090,Electronics,2023-08-22 01:30:09.721944388,180.68,281.18,271.82,11,61,0,Summer,Tuesday,3.34,11,3092.98,1105.5
P-0100,Electronics,2023-08-22 05:00:26.645329068,208.4,338.5,335.19,16,16,0,Summer,Tuesday,5.0,16,5416.0,2081.6
P-0007,Grocery,2023-08-22 08:30:43.568713744,15.91,23.22,25.26,51,202,0,Summer,Tuesday,4.03,51,1184.22,372.81
P-0094,Home,2023-08-22 12:01:00.492098420,86.73,110.78,111.01,26,191,1,Summer,Tuesday,3.38,26,2880.28,625.3
P-0083,Sports,2023-08-22 15:31:17.415483096,76.83,99.12,100.07,23,36,0,Summer,Tuesday,3.79,23,2279.76,512.67
P-0088,Electronics,2023-08-22 19:01:34.338867772,202.76,295.84,292.63,19,128,0,Summer,Tuesday,4.15,19,5620.96,1768.52
P-0045,Grocery,2023-08-22 22:31:51.262252452,21.46,33.33,36.77,48,238,0,Summer,Tuesday,3.79,48,1599.84,569.76
P-0041,Grocery,2023-08-23 02:02:08.185637128,22.69,35.96,39.22,48,209,0,Summer,Wednesday,3.18,48,1726.08,636.96
P-0062,Home,2023-08-23 05:32:25.109021804,121.2,173.39,172.14,27,215,0,Summer,Wednesday,4.14,27,4681.53,1409.13
P-0073,Home,2023-08-23 09:02:42.032406480,105.06,163.54,172.86,20,111,0,Summer,Wednesday,3.78,20,3270.8,1169.6
P-0094,Sports,2023-08-23 12:32:58.955791160,72.83,117.71,114.17,24,44,0,Summer,Wednesday,4.39,24,2825.04,1077.12
P-0027,Home,2023-08-23 16:03:15.879175836,93.96,163.13,168.27,25,101,0,Summer,Wednesday,3.62,25,4078.25,1729.25
P-0097,Home,2023-08-23 19:33:32.802560512,94.57,114.89,123.14,29,183,0,Summer,Wednesday,5.0,29,3331.81,589.28
P-0039,Home,2023-08-23 23:03:49.725945188,83.33,134.12,129.27,35,220,0,Summer,Wednesday,4.33,35,4694.2,1777.65
P-0067,Home,2023-08-24 02:34:06.649329868,83.31,127.95,131.29,37,172,1,Summer,Thursday,4.19,37,4734.15,1651.68
P-0081,Grocery,2023-08-24 06:04:23.572714544,27.88,36.32,39.57,24,24,1,Summer,Thursday,4.38,24,871.68,202.56
P-0066,Grocery,2023-08-24 09:34:40.496099220,22.39,30.69,28.57,49,159,0,Summer,Thursday,3.28,49,1503.81,406.7
P-0006,Home,2023-08-24 13:04:57.419483896,78.36,98.56,100.2,34,60,0,Summer,Thursday,3.88,34,3351.04,686.8
P-0088,Grocery,2023-08-24 16:35:14.342868572,23.83,39.29,35.73,43,164,0,Summer,Thursday,4.9,43,1689.47,664.78
P-0005,Electronics,2023-08-24 20:05:31.266253252,213.97,323.28,348.96,19,115,0,Summer,Thursday,3.96,19,6142.32,2076.89
P-0054,Electronics,2023-08-24 23:35:48.189637928,143.72,256.23,235.0,18,145,0,Summer,Thursday,4.07,18,4612.14,2025.18
P-0067,Beauty,2023-08-25 03:06:05.113022604,54.64,79.33,73.74,24,161,0,Summer,Friday,3.89,24,1903.92,592.56
P-0026,Sports,2023-08-25 06:36:22.036407280,91.11,141.97,156.88,28,171,0,Summer,Friday,4.76,28,3975.16,1424.08
P-0078,Electronics,2023-08-25 10:06:38.959791960,225.16,330.66,328.16,16,16,0,Summer,Friday,3.99,16,5290.56,1688.0
P-0060,Electronics,2023-08-25 13:36:55.883176636,284.92,525.98,507.27,10,251,0,Summer,Friday,3.54,10,5259.8,2410.6
P-0039,Beauty,2023-08-25 17:07:12.806561312,66.01,86.71,86.8,40,155,0,Summer,Friday,5.0,40,3468.4,828.0
P-0016,Grocery,2023-08-25 20:37:29.729945988,29.56,49.22,50.55,40,139,0,Summer,Friday,3.48,40,1968.8,786.4
P-0068,Electronics,2023-08-26 00:07:46.653330668,304.08,588.68,532.01,26,107,0,Summer,Saturday,4.06,26,15305.68,7399.6
P-0011,Home,2023-08-26 03:38:03.576715344,106.52,190.09,181.35,16,40,0,Summer,Saturday,3.72,16,3041.44,1337.12
P-0091,Grocery,2023-08-26 07:08:20.500100020,24.63,46.41,41.74,43,169,1,Summer,Saturday,3.78,43,1995.63,936.54
P-0012,Home,2023-08-26 10:38:37.423484696,109.8,172.29,159.07,28,104,0,Summer,Saturday,3.62,28,4824.12,1749.72
P-0010,Electronics,2023-08-26 14:08:54.346869376,191.21,337.93,314.03,19,237,0,Summer,Saturday,3.86,19,6420.67,2787.68
P-0021,Electronics,2023-08-26 17:39:11.270254052,213.62,353.24,335.09,38,176,1,Summer,Saturday,4.54,38,13423.12,5305.56
P-0084,Home,2023-08-26 21:09:28.193638728,85.15,130.75,126.32,19,123,0,Summer,Saturday,3.24,19,2484.25,866.4
P-0085,Beauty,2023-08-27 00:39:45.117023404,58.5,114.84,105.08,22,22,0,Summer,Sunday,4.67,22,2526.48,1239.48
P-0059,Sports,2023-08-27 04:10:02.040408080,71.66,103.77,101.02,32,150,0,Summer,Sunday,4.59,32,3320.64,1027.52
P-0080,Grocery,2023-08-27 07:40:18.963792760,21.36,28.33,31.55,42,222,0,Summer,Sunday,4.33,42,1189.86,292.74
P-0043,Grocery,2023-08-27 11:10:35.887177436,25.59,45.58,44.69,32,128,0,Summer,Sunday,4.16,32,1458.56,639.68
P-0100,Sports,2023-08-27 14:40:52.810562112,78.24,99.73,110.24,29,174,0,Summer,Sunday,4.22,29,2892.17,623.21
P-0006,Home,2023-08-27 18:11:09.733946788,65.7,97.09,87.64,37,44,1,Summer,Sunday,4.74,37,3592.33,1161.43
P-0062,Home,2023-08-27 21:41:26.657331468,72.88,107.17,103.53,23,114,0,Summer,Sunday,3.31,23,2464.91,788.67
P-0039,Sports,2023-08-28 01:11:43.580716144,65.31,110.36,108.91,21,209,0,Summer,Monday,4.43,21,2317.56,946.05
P-0036,Home,2023-08-28 04:42:00.504100820,81.58,130.37,140.56,26,118,0,Summer,Monday,3.76,26,3389.62,1268.54
P-0080,Grocery,2023-08-28 08:12:17.427485496,25.59,33.73,33.6,41,231,0,Summer,Monday,4.47,41,1382.93,333.74
P-0077,Grocery,2023-08-28 11:42:34.350870176,24.84,38.05,39.54,32,115,0,Summer,Monday,3.82,32,1217.6,422.72
P-0055,Electronics,2023-08-28 15:12:51.274254852,245.79,400.09,383.93,21,213,0,Summer,Monday,4.42,21,8401.89,3240.3
P-0088,Beauty,2023-08-28 18:43:08.197639528,61.62,102.19,99.69,26,172,0,Summer,Monday,3.4,26,2656.94,1054.82
P-0018,Electronics,2023-08-28 22:13:25.121024204,246.02,398.26,398.33,19,247,0,Summer,Monday,3.34,19,7566.94,2892.56
P-0008,Electronics,2023-08-29 01:43:42.044408884,230.44,385.34,409.65,21,145,0,Summer,Tuesday,4.05,21,8092.14,3252.9
P-0024,Beauty,2023-08-29 05:13:58.967793560,56.85,82.41,81.9,42,129,1,Summer,Tuesday,4.75,42,3461.22,1073.52
P-0010,Home,2023-08-29 08:44:15.891178236,111.71,156.61,158.06,18,101,0,Summer,Tuesday,4.34,18,2818.98,808.2
P-0085,Grocery,2023-08-29 12:14:32.814562912,27.53,46.85,43.21,52,174,0,Summer,Tuesday,4.34,52,2436.2,1004.64
P-0052,Sports,2023-08-29 15:44:49.737947588,84.81,137.97,126.04,25,255,0,Summer,Tuesday,4.49,25,3449.25,1329.0
P-0044,Grocery,2023-08-29 19:15:06.661332268,28.88,46.34,43.63,56,56,1,Summer,Tuesday,3.92,56,2595.04,977.76
P-0050,Home,2023-08-29 22:45:23.584716944,59.34,73.13,76.44,23,244,0,Summer,Tuesday,4.37,23,1681.99,317.17
P-0010,Home,2023-08-30 02:15:40.508101620,90.58,107.24,120.61,22,254,0,Summer,Wednesday,3.84,22,2359.28,366.52
P-0065,Home,2023-08-30 05:45:57.431486296,90.35,175.69,159.42,35,203,1,Summer,Wednesday,3.96,35,6149.15,2986.9
P-0098,Electronics,2023-08-30 09:16:14.354870976,248.73,358.07,320.25,22,157,0,Summer,Wednesday,4.01,22,7877.54,2405.48
P-0015,Sports,2023-08-30 12:46:31.278255652,100.11,143.52,157.63,28,226,0,Summer,Wednesday,3.85,28,4018.56,1215.48
P-0026,Home,2023-08-30 16:16:48.201640328,72.96,126.89,121.48,16,79,0,Summer,Wednesday,4.07,16,2030.24,862.88
P-0078,Home,2023-08-30 19:47:05.125025004,116.45,143.69,146.32,24,170,0,Summer,Wednesday,3.99,24,3448.56,653.76
P-0080,Grocery,2023-08-30 23:17:22.048409684,19.5,24.5,26.76,41,212,0,Summer,Wednesday,3.78,41,1004.5,205.0
P-0029,Home,2023-08-31 02:47:38.971794360,77.65,126.7,113.17,25,212,1,Summer,Thursday,4.04,25,3167.5,1226.25
P-0002,Electronics,2023-08-31 06:17:55.895179036,202.13,341.14,309.01,21,158,0,Summer,Thursday,4.17,21,7163.94,2919.21
P-0072,Electronics,2023-08-31 09:48:12.818563712,199.31,319.77,286.58,11,109,0,Summer,Thursday,3.61,11,3517.47,1325.06
P-0026,Grocery,2023-08-31 13:18:29.741948388,18.02,26.48,28.96,46,247,0,Summer,Thursday,4.29,46,1218.08,389.16
P-0081,Grocery,2023-08-31 16:48:46.665333068,26.5,36.35,36.42,36,180,0,Summer,Thursday,3.88,36,1308.6,354.6
P-0034,Electronics,2023-08-31 20:19:03.588717744,232.83,322.25,294.3,23,203,0,Summer,Thursday,4.19,23,7411.75,2056.66
P-0098,Sports,2023-08-31 23:49:20.512102420,93.49,121.86,116.94,33,167,1,Summer,Thursday,3.8,33,4021.38,936.21
P-0086,Sports,2023-09-01 03:19:37.435487096,74.45,105.53,107.21,30,229,0,Autumn,Friday,4.57,30,3165.9,932.4
P-0007,Grocery,2023-09-01 06:49:54.358871776,23.85,34.7,34.56,44,132,1,Autumn,Friday,4.53,44,1526.8,477.4
P-0075,Home,2023-09-01 10:20:11.282256452,94.54,148.95,167.5,10,148,0,Autumn,Friday,3.63,10,1489.5,544.1
P-0072,Electronics,2023-09-01 13:50:28.205641128,266.72,349.07,339.97,18,211,0,Autumn,Friday,4.34,18,6283.26,1482.3
P-0031,Sports,2023-09-01 17:20:45.129025804,43.72,73.22,67.4,25,141,0,Autumn,Friday,4.75,25,1830.5,737.5
P-0092,Home,2023-09-01 20:51:02.052410484,80.45,111.08,126.13,28,75,1,Autumn,Friday,3.67,28,3110.24,857.64
P-0079,Beauty,2023-09-02 00:21:18.975795160,55.05,82.64,89.98,31,200,0,Autumn,Saturday,3.71,31,2561.84,855.29
P-0027,Grocery,2023-09-02 03:51:35.899179836,19.83,31.89,31.75,39,106,0,Autumn,Saturday,4.43,39,1243.71,470.34
P-0082,Electronics,2023-09-02 07:21:52.822564512,201.32,256.25,252.55,13,40,0,Autumn,Saturday,3.51,13,3331.25,714.09
P-0072,Grocery,2023-09-02 10:52:09.745949192,23.52,36.16,37.57,45,106,0,Autumn,Saturday,3.75,45,1627.2,568.8
P-0052,Sports,2023-09-02 14:22:26.669333868,71.58,90.59,102.17,28,28,0,Autumn,Saturday,3.64,28,2536.52,532.28
P-0090,Grocery,2023-09-02 17:52:43.592718544,24.25,42.99,40.62,52,230,1,Autumn,Saturday,4.44,52,2235.48,974.48
P-0051,Beauty,2023-09-02 21:23:00.516103220,60.53,76.88,81.93,30,256,0,Autumn,Saturday,3.79,30,2306.4,490.5
P-0028,Sports,2023-09-03 00:53:17.439487896,76.98,130.94,126.55,29,80,0,Autumn,Sunday,3.97,29,3797.26,1564.84
P-0051,Beauty,2023-09-03 04:23:34.362872576,51.01,82.46,81.31,21,239,0,Autumn,Sunday,3.76,21,1731.66,660.45
P-0049,Grocery,2023-09-03 07:53:51.286257252,23.36,36.96,37.58,42,189,0,Autumn,Sunday,4.62,42,1552.32,571.2
P-0017,Grocery,2023-09-03 11:24:08.209641928,23.97,32.98,32.28,36,249,0,Autumn,Sunday,3.71,36,1187.28,324.36
P-0058,Grocery,2023-09-03 14:54:25.133026604,17.32,29.33,28.02,29,54,0,Autumn,Sunday,3.47,29,850.57,348.29
P-0082,Home,2023-09-03 18:24:42.056411284,102.02,171.81,168.88,10,30,0,Autumn,Sunday,3.45,10,1718.1,697.9
P-0088,Electronics,2023-09-03 21:54:58.979795960,194.85,300.1,296.01,33,240,0,Autumn,Sunday,4.41,33,9903.3,3473.25
P-0072,Home,2023-09-04 01:25:15.903180636,114.18,161.58,164.1,27,80,1,Autumn,Monday,4.44,27,4362.66,1279.8
P-0049,Beauty,2023-09-04 04:55:32.826565312,60.2,79.4,80.76,32,161,0,Autumn,Monday,4.66,32,2540.8,614.4
P-0085,Beauty,2023-09-04 08:25:49.749949992,65.3,91.84,92.04,16,235,0,Autumn,Monday,3.53,16,1469.44,424.64
P-0094,Beauty,2023-09-04 11:56:06.673334668,46.1,76.1,76.99,22,99,0,Autumn,Monday,4.0,22,1674.2,660.0
P-0082,Home,2023-09-04 15:26:23.596719344,89.35,129.88,131.81,23,36,0,Autumn,Monday,5.0,23,2987.24,932.19
P-0080,Grocery,2023-09-04 18:56:40.520104020,19.23,29.28,31.47,42,208,0,Autumn,Monday,3.96,42,1229.76,422.1
P-0079,Sports,2023-09-04 22:26:57.443488700,70.97,123.95,117.6,29,125,0,Autumn,Monday,3.85,29,3594.55,1536.42
P-0049,Home,2023-09-05 01:57:14.366873376,114.03,168.54,184.82,17,20,0,Autumn,Tuesday,4.09,17,2865.18,926.67
P-0079,Grocery,2023-09-05 05:27:31.290258052,29.71,52.86,48.14,31,98,0,Autumn,Tuesday,4.34,31,1638.66,717.65
P-0039,Grocery,2023-09-05 08:57:48.213642728,19.59,32.0,31.07,38,144,0,Autumn,Tuesday,4.33,38,1216.0,471.58
P-0095,Beauty,2023-09-05 12:28:05.137027404,50.97,69.78,78.25,31,230,1,Autumn,Tuesday,3.82,31,2163.18,583.11
P-0089,Electronics,2023-09-05 15:58:22.060412084,207.44,292.63,281.87,15,70,1,Autumn,Tuesday,3.84,15,4389.45,1277.85
P-0061,Grocery,2023-09-05 19:28:38.983796760,26.25,43.49,44.98,43,141,0,Autumn,Tuesday,3.97,43,1870.07,741.32
P-0072,Sports,2023-09-05 22:58:55.907181436,57.47,112.87,102.32,17,59,0,Autumn,Tuesday,3.77,17,1918.79,941.8
P-0083,Grocery,2023-09-06 02:29:12.830566112,17.84,29.69,26.88,42,86,1,Autumn,Wednesday,3.54,42,1246.98,497.7
P-0058,Sports,2023-09-06 05:59:29.753950792,86.27,164.75,152.12,26,79,0,Autumn,Wednesday,4.91,26,4283.5,2040.48
P-0081,Sports,2023-09-06 09:29:46.677335468,55.05,100.64,99.03,26,143,0,Autumn,Wednesday,3.92,26,2616.64,1185.34
P-0074,Home,2023-09-06 13:00:03.600720144,88.21,147.32,133.85,23,177,0,Autumn,Wednesday,3.94,23,3388.36,1359.53
P-0028,Grocery,2023-09-06 16:30:20.524104820,24.62,42.04,40.58,42,42,1,Autumn,Wednesday,3.96,42,1765.68,731.64
P-0016,Beauty,2023-09-06 20:00:37.447489500,58.66,102.57,94.1,32,33,1,Autumn,Wednesday,4.06,32,3282.24,1405.12
P-0057,Sports,2023-09-06 23:30:54.370874176,78.19,99.13,107.94,26,194,0,Autumn,Wednesday,4.3,26,2577.38,544.44
P-0001,Electronics,2023-09-07 03:01:11.294258852,197.71,276.73,252.26,11,87,0,Autumn,Thursday,3.89,11,3044.03,869.22
P-0073,Home,2023-09-07 06:31:28.217643528,107.84,167.96,161.69,21,166,0,Autumn,Thursday,4.61,21,3527.16,1262.52
P-0069,Sports,2023-09-07 10:01:45.141028204,83.65,134.13,140.78,33,33,0,Autumn,Thursday,4.37,33,4426.29,1665.84
P-0011,Home,2023-09-07 13:32:02.064412884,85.17,136.23,121.69,17,162,0,Autumn,Thursday,4.01,17,2315.91,868.02
P-0031,Grocery,2023-09-07 17:02:18.987797560,24.14,42.41,40.59,26,237,0,Autumn,Thursday,3.8,26,1102.66,475.02
P-0054,Home,2023-09-07 20:32:35.911182236,100.82,178.24,162.33,18,122,0,Autumn,Thursday,4.59,18,3208.32,1393.56
P-0073,Sports,2023-09-08 00:02:52.834566912,101.99,146.74,166.5,27,156,0,Autumn,Friday,4.03,27,3961.98,1208.25
P-0001,Sports,2023-09-08 03:33:09.757951592,90.06,128.32,126.73,12,87,0,Autumn,Friday,3.54,12,1539.84,459.12
P-0056,Home,2023-09-08 07:03:26.681336268,113.46,179.89,171.16,21,85,0,Autumn,Friday,4.56,21,3777.69,1395.03
P-0025,Grocery,2023-09-08 10:33:43.604720944,21.66,25.83,29.24,31,31,1,Autumn,Friday,3.77,31,800.73,129.27
P-0040,Home,2023-09-08 14:04:00.528105620,87.03,128.19,120.59,20,132,0,Autumn,Friday,4.49,20,2563.8,823.2
P-0049,Beauty,2023-09-08 17:34:17.451490300,52.93,71.28,68.78,20,247,0,Autumn,Friday,2.97,20,1425.6,367.0
P-0020,Grocery,2023-09-08 21:04:34.374874976,23.45,29.28,30.95,43,43,0,Autumn,Friday,3.93,43,1259.04,250.69
P-0031,Grocery,2023-09-09 00:34:51.298259652,20.13,28.74,27.49,50,117,1,Autumn,Saturday,4.62,50,1437.0,430.5
P-0042,Electronics,2023-09-09 04:05:08.221644328,252.54,361.17,396.27,32,220,1,Autumn,Saturday,4.1,32,11557.44,3476.16
P-0078,Home,2023-09-09 07:35:25.145029008,108.43,174.44,161.85,27,136,0,Autumn,Saturday,4.37,27,4709.88,1782.27
P-0029,Grocery,2023-09-09 11:05:42.068413684,22.83,34.69,31.89,29,201,0,Autumn,Saturday,3.69,29,1006.01,343.94
P-0064,Beauty,2023-09-09 14:35:58.991798360,60.65,104.18,104.54,39,107,1,Autumn,Saturday,4.26,39,4063.02,1697.67
P-0037,Beauty,2023-09-09 18:06:15.915183036,56.96,87.81,87.65,27,162,0,Autumn,Saturday,4.1,27,2370.87,832.95
P-0027,Electronics,2023-09-09 21:36:32.838567712,234.19,401.96,411.64,21,257,0,Autumn,Saturday,4.21,21,8441.16,3523.17
P-0012,Home,2023-09-10 01:06:49.761952392,74.57,114.82,119.25,48,161,1,Autumn,Sunday,5.0,48,5511.36,1932.0
P-0002,Sports,2023-09-10 04:37:06.685337068,78.14,107.15,98.35,26,210,0,Autumn,Sunday,4.69,26,2785.9,754.26
P-0035,Electronics,2023-09-10 08:07:23.608721744,208.05,347.52,364.59,28,184,1,Autumn,Sunday,4.46,28,9730.56,3905.16
P-0026,Home,2023-09-10 11:37:40.532106420,104.48,175.68,179.87,27,38,0,Autumn,Sunday,4.46,27,4743.36,1922.4
P-0076,Sports,2023-09-10 15:07:57.455491100,71.96,109.56,115.09,40,54,1,Autumn,Sunday,3.69,40,4382.4,1504.0
P-0052,Electronics,2023-09-10 18:38:14.378875776,126.0,201.88,194.56,34,164,1,Autumn,Sunday,3.89,34,6863.92,2579.92
P-0006,Grocery,2023-09-10 22:08:31.302260452,19.85,32.0,29.76,43,100,0,Autumn,Sunday,3.41,43,1376.0,522.45
P-0077,Home,2023-09-11 01:38:48.225645128,94.07,131.05,142.53,26,133,0,Autumn,Monday,3.53,26,3407.3,961.48
P-0040,Sports,2023-09-11 05:09:05.149029808,80.82,127.26,135.22,26,133,0,Autumn,Monday,3.7,26,3308.76,1207.44
P-0061,Grocery,2023-09-11 08:39:22.072414484,30.47,42.25,46.69,53,209,1,Autumn,Monday,4.09,53,2239.25,624.34
P-0013,Sports,2023-09-11 12:09:38.995799160,87.46,108.18,117.79,18,257,0,Autumn,Monday,3.55,18,1947.24,372.96
P-0006,Electronics,2023-09-11 15:39:55.919183836,212.74,266.63,272.73,10,259,0,Autumn,Monday,4.08,10,2666.3,538.9
P-0011,Beauty,2023-09-11 19:10:12.842568512,54.71,76.96,72.18,25,34,1,Autumn,Monday,4.03,25,1924.0,556.25
P-0047,Grocery,2023-09-11 22:40:29.765953192,28.24,39.6,39.21,36,197,0,Autumn,Monday,3.59,36,1425.6,408.96
P-0089,Home,2023-09-12 02:10:46.689337868,86.03,111.54,124.94,29,192,0,Autumn,Tuesday,4.79,29,3234.66,739.79
P-0096,Home,2023-09-12 05:41:03.612722544,92.87,166.52,161.67,14,226,0,Autumn,Tuesday,3.5,14,2331.28,1031.1
P-0081,Electronics,2023-09-12 09:11:20.536107220,173.4,256.53,239.55,30,119,1,Autumn,Tuesday,4.6,30,7695.9,2493.9
P-0091,Sports,2023-09-12 12:41:37.459491900,98.16,136.37,139.95,28,138,0,Autumn,Tuesday,3.09,28,3818.36,1069.88
P-0077,Grocery,2023-09-12 16:11:54.382876576,25.51,32.88,35.02,65,125,1,Autumn,Tuesday,4.04,65,2137.2,479.05
P-0075,Grocery,2023-09-12 19:42:11.306261252,21.28,35.08,32.99,31,106,0,Autumn,Tuesday,3.56,31,1087.48,427.8
P-0043,Grocery,2023-09-12 23:12:28.229645928,23.56,33.17,37.45,46,75,1,Autumn,Tuesday,3.81,46,1525.82,442.06
P-0029,Beauty,2023-09-13 02:42:45.153030608,59.48,98.71,91.76,23,172,0,Autumn,Wednesday,4.91,23,2270.33,902.29
P-0063,Beauty,2023-09-13 06:13:02.076415284,52.79,100.46,93.62,19,19,0,Autumn,Wednesday,3.94,19,1908.74,905.73
P-0003,Beauty,2023-09-13 09:43:18.999799960,50.3,98.83,90.41,37,198,1,Autumn,Wednesday,3.6,37,3656.71,1795.61
P-0018,Grocery,2023-09-13 13:13:35.923184636,21.49,33.14,36.76,80,221,1,Autumn,Wednesday,4.32,80,2651.2,932.0
P-0046,Electronics,2023-09-13 16:43:52.846569316,221.39,339.51,374.79,16,70,0,Autumn,Wednesday,3.94,16,5432.16,1889.92
P-0064,Sports,2023-09-13 20:14:09.769953992,75.42,119.25,109.46,20,67,0,Autumn,Wednesday,4.17,20,2385.0,876.6
P-0038,Grocery,2023-09-13 23:44:26.693338668,22.26,34.71,34.92,45,138,0,Autumn,Wednesday,3.69,45,1561.95,560.25
P-0078,Home,2023-09-14 03:14:43.616723344,74.69,105.01,107.8,17,222,0,Autumn,Thursday,3.71,17,1785.17,515.44
P-0068,Beauty,2023-09-14 06:45:00.540108020,55.68,95.27,93.62,20,42,0,Autumn,Thursday,3.75,20,1905.4,791.8
P-0027,Electronics,2023-09-14 10:15:17.463492700,203.91,245.12,274.16,29,120,1,Autumn,Thursday,4.46,29,7108.48,1195.09
P-0008,Sports,2023-09-14 13:45:34.386877376,75.88,107.47,103.89,17,68,0,Autumn,Thursday,4.0,17,1826.99,537.03
P-0028,Sports,2023-09-14 17:15:51.310262052,82.54,116.14,104.93,15,223,0,Autumn,Thursday,3.63,15,1742.1,504.0
P-0093,Sports,2023-09-14 20:46:08.233646728,89.57,147.95,141.96,29,231,0,Autumn,Thursday,4.17,29,4290.55,1693.02
P-0023,Home,2023-09-15 00:16:25.157031408,105.66,170.63,172.09,16,35,0,Autumn,Friday,4.14,16,2730.08,1039.52
P-0074,Electronics,2023-09-15 03:46:42.080416084,228.57,317.79,286.14,10,50,0,Autumn,Friday,4.36,10,3177.9,892.2
P-0069,Electronics,2023-09-15 07:16:59.003800760,201.91,323.1,309.11,25,53,1,Autumn,Friday,3.88,25,8077.5,3029.75
P-0098,Electronics,2023-09-15 10:47:15.927185436,190.95,248.68,278.27,19,213,0,Autumn,Friday,4.07,19,4724.92,1096.87
P-0093,Electronics,2023-09-15 14:17:32.850570116,174.92,306.91,294.88,12,235,0,Autumn,Friday,4.29,12,3682.92,1583.88
P-0087,Electronics,2023-09-15 17:47:49.773954792,190.07,216.11,241.65,17,106,0,Autumn,Friday,3.65,17,3673.87,442.68
P-0031,Sports,2023-09-15 21:18:06.697339468,80.25,97.72,102.46,24,53,0,Autumn,Friday,4.5,24,2345.28,419.28
P-0044,Electronics,2023-09-16 00:48:23.620724144,183.58,300.21,292.1,13,177,0,Autumn,Saturday,4.11,13,3902.73,1516.19
P-0049,Electronics,2023-09-16 04:18:40.544108824,213.23,312.99,335.92,22,233,0,Autumn,Saturday,3.6,22,6885.78,2194.72
P-0067,Grocery,2023-09-16 07:48:57.467493500,20.29,30.8,34.64,44,238,0,Autumn,Saturday,3.6,44,1355.2,462.44
P-0015,Beauty,2023-09-16 11:19:14.390878176,40.38,65.43,63.63,14,124,0,Autumn,Saturday,4.06,14,916.02,350.7
P-0085,Grocery,2023-09-16 14:49:31.314262852,27.15,45.64,48.11,31,206,0,Autumn,Saturday,3.85,31,1414.84,573.19
P-0065,Grocery,2023-09-16 18:19:48.237647528,22.18,31.81,31.56,45,249,0,Autumn,Saturday,4.44,45,1431.45,433.35
P-0021,Sports,2023-09-16 21:50:05.161032208,69.29,95.95,101.78,25,217,0,Autumn,Saturday,3.97,25,2398.75,666.5
P-0005,Grocery,2023-09-17 01:20:22.084416884,19.8,36.98,35.4,45,131,0,Autumn,Sunday,4.24,45,1664.1,773.1
P-0001,Beauty,2023-09-17 04:50:39.007801560,58.72,84.17,76.87,24,78,0,Autumn,Sunday,3.72,24,2020.08,610.8
P-0037,Grocery,2023-09-17 08:20:55.931186236,29.28,44.52,49.42,38,106,0,Autumn,Sunday,4.09,38,1691.76,579.12
P-0031,Beauty,2023-09-17 11:51:12.854570916,51.45,69.08,64.64,25,103,0,Autumn,Sunday,4.69,25,1727.0,440.75
P-0016,Home,2023-09-17 15:21:29.777955592,91.72,127.7,139.19,13,256,0,Autumn,Sunday,4.03,13,1660.1,467.74
P-0044,Beauty,2023-09-17 18:51:46.701340268,64.43,82.45,85.97,21,194,0,Autumn,Sunday,3.85,21,1731.45,378.42
P-0003,Electronics,2023-09-17 22:22:03.624724944,149.17,227.53,235.6,16,225,0,Autumn,Sunday,3.71,16,3640.48,1253.76
P-0063,Grocery,2023-09-18 01:52:20.548109624,31.55,49.53,53.29,54,205,1,Autumn,Monday,4.09,54,2674.62,970.92
P-0045,Home,2023-09-18 05:22:37.471494300,132.15,150.51,167.59,32,131,0,Autumn,Monday,4.73,32,4816.32,587.52
P-0027,Electronics,2023-09-18 08:52:54.394878976,119.07,169.84,159.56,12,208,0,Autumn,Monday,3.49,12,2038.08,609.24
P-0046,Home,2023-09-18 12:23:11.318263652,93.52,144.0,134.52,22,171,0,Autumn,Monday,4.08,22,3168.0,1110.56
P-0045,Grocery,2023-09-18 15:53:28.241648328,21.24,33.06,29.54,40,196,0,Autumn,Monday,3.33,40,1322.4,472.8
P-0085,Home,2023-09-18 19:23:45.165033008,90.98,146.76,132.9,25,88,1,Autumn,Monday,3.92,25,3669.0,1394.5
P-0065,Grocery,2023-09-18 22:54:02.088417684,22.39,39.09,39.71,34,71,0,Autumn,Monday,4.22,34,1329.06,567.8
P-0024,Sports,2023-09-19 02:24:19.011802360,90.39,107.64,118.02,35,59,1,Autumn,Tuesday,3.39,35,3767.4,603.75
P-0083,Electronics,2023-09-19 05:54:35.935187036,206.22,269.87,305.78,11,85,0,Autumn,Tuesday,3.9,11,2968.57,700.15
P-0034,Grocery,2023-09-19 09:24:52.858571716,20.5,31.01,30.78,53,254,0,Autumn,Tuesday,4.23,53,1643.53,557.03
P-0023,Home,2023-09-19 12:55:09.781956392,92.38,140.95,129.72,19,245,0,Autumn,Tuesday,4.16,19,2678.05,922.83
P-0073,Electronics,2023-09-19 16:25:26.705341068,227.3,301.17,318.94,17,50,0,Autumn,Tuesday,4.25,17,5119.89,1255.79
P-0080,Grocery,2023-09-19 19:55:43.628725744,19.45,29.65,31.96,35,150,0,Autumn,Tuesday,3.66,35,1037.75,357.0
P-0001,Sports,2023-09-19 23:26:00.552110424,58.93,92.32,93.69,26,245,0,Autumn,Tuesday,4.23,26,2400.32,868.14
P-0094,Home,2023-09-20 02:56:17.475495100,125.29,232.7,212.62,17,199,0,Autumn,Wednesday,3.83,17,3955.9,1825.97
P-0064,Beauty,2023-09-20 06:26:34.398879776,49.35,71.84,72.68,48,164,1,Autumn,Wednesday,4.42,48,3448.32,1079.52
P-0041,Home,2023-09-20 09:56:51.322264452,92.91,155.0,147.14,20,161,1,Autumn,Wednesday,3.06,20,3100.0,1241.8
P-0076,Beauty,2023-09-20 13:27:08.245649132,51.5,88.88,89.69,28,94,0,Autumn,Wednesday,3.97,28,2488.64,1046.64
P-0056,Grocery,2023-09-20 16:57:25.169033808,26.1,43.48,44.85,36,241,0,Autumn,Wednesday,4.14,36,1565.28,625.68
P-0096,Beauty,2023-09-20 20:27:42.092418484,70.6,122.21,123.97,35,35,1,Autumn,Wednesday,4.71,35,4277.35,1806.35
P-0001,Grocery,2023-09-20 23:57:59.015803160,26.23,39.03,36.67,33,227,0,Autumn,Wednesday,4.14,33,1287.99,422.4
P-0054,Electronics,2023-09-21 03:28:15.939187836,158.98,302.28,284.89,21,228,1,Autumn,Thursday,4.18,21,6347.88,3009.3
P-0072,Grocery,2023-09-21 06:58:32.862572516,18.68,31.22,31.74,37,79,0,Autumn,Thursday,4.27,37,1155.14,463.98
P-0004,Grocery,2023-09-21 10:28:49.785957192,22.47,35.8,37.91,56,140,1,Autumn,Thursday,4.66,56,2004.8,746.48
P-0088,Grocery,2023-09-21 13:59:06.709341868,22.97,33.93,37.15,35,231,0,Autumn,Thursday,3.93,35,1187.55,383.6
P-0035,Electronics,2023-09-21 17:29:23.632726544,152.14,239.85,272.45,15,131,0,Autumn,Thursday,3.47,15,3597.75,1315.65
P-0002,Beauty,2023-09-21 20:59:40.556111224,62.21,84.25,92.87,31,88,1,Autumn,Thursday,3.38,31,2611.75,683.24
P-0039,Home,2023-09-22 00:29:57.479495900,78.49,119.65,130.12,32,32,1,Autumn,Friday,4.4,32,3828.8,1317.12
P-0085,Electronics,2023-09-22 04:00:14.402880576,260.17,444.59,425.21,29,123,1,Autumn,Friday,4.2,29,12893.11,5348.18
P-0096,Home,2023-09-22 07:30:31.326265252,122.67,218.2,202.73,28,83,0,Autumn,Friday,3.98,28,6109.6,2674.84
P-0015,Beauty,2023-09-22 11:00:48.249649932,52.82,92.86,87.86,20,223,0,Autumn,Friday,3.84,20,1857.2,800.8
P-0040,Grocery,2023-09-22 14:31:05.173034608,25.69,36.67,34.81,43,225,0,Autumn,Friday,4.18,43,1576.81,472.14
P-0085,Home,2023-09-22 18:01:22.096419284,76.27,123.03,109.98,25,94,0,Autumn,Friday,4.19,25,3075.75,1169.0
P-0003,Grocery,2023-09-22 21:31:39.019803960,26.39,42.97,38.68,36,66,0,Autumn,Friday,4.32,36,1546.92,596.88
P-0055,Beauty,2023-09-23 01:01:55.943188640,50.62,79.43,84.1,24,86,0,Autumn,Saturday,3.6,24,1906.32,691.44
P-0055,Grocery,2023-09-23 04:32:12.866573316,19.83,29.82,32.6,51,113,1,Autumn,Saturday,3.31,51,1520.82,509.49
P-0038,Beauty,2023-09-23 08:02:29.789957992,52.45,82.14,89.6,51,178,1,Autumn,Saturday,3.69,51,4189.14,1514.19
P-0032,Beauty,2023-09-23 11:32:46.713342668,50.9,93.84,85.7,18,52,0,Autumn,Saturday,3.49,18,1689.12,772.92
P-0095,Beauty,2023-09-23 15:03:03.636727344,52.14,74.42,82.27,29,259,0,Autumn,Saturday,3.47,29,2158.18,646.12
P-0036,Sports,2023-09-23 18:33:20.560112024,92.16,117.6,122.29,46,186,0,Autumn,Saturday,4.81,46,5409.6,1170.24
P-0062,Beauty,2023-09-23 22:03:37.483496700,48.09,77.48,76.92,19,47,0,Autumn,Saturday,3.08,19,1472.12,558.41
P-0076,Beauty,2023-09-24 01:33:54.406881376,70.27,125.45,122.12,25,92,0,Autumn,Sunday,4.31,25,3136.25,1379.5
P-0004,Beauty,2023-09-24 05:04:11.330266052,43.34,71.11,69.51,41,186,1,Autumn,Sunday,4.51,41,2915.51,1138.57
P-0083,Grocery,2023-09-24 08:34:28.253650732,30.2,56.25,52.63,35,138,0,Autumn,Sunday,4.54,35,1968.75,911.75
P-0077,Electronics,2023-09-24 12:04:45.177035408,175.85,321.88,316.44,18,144,0,Autumn,Sunday,4.22,18,5793.84,2628.54
P-0020,Beauty,2023-09-24 15:35:02.100420084,54.99,86.31,79.6,25,25,0,Autumn,Sunday,4.69,25,2157.75,783.0
P-0019,Beauty,2023-09-24 19:05:19.023804760,50.69,75.2,83.53,30,115,0,Autumn,Sunday,4.9,30,2256.0,735.3
P-0057,Sports,2023-09-24 22:35:35.947189440,75.6,127.03,116.95,23,165,0,Autumn,Sunday,3.96,23,2921.69,1182.89
P-0093,Beauty,2023-09-25 02:05:52.870574116,62.05,95.1,93.09,21,198,0,Autumn,Monday,4.3,21,1997.1,694.05
P-0090,Beauty,2023-09-25 05:36:09.793958792,68.2,87.98,94.25,29,124,0,Autumn,Monday,4.67,29,2551.42,573.62
P-0017,Sports,2023-09-25 09:06:26.717343468,95.24,147.06,131.93,20,150,0,Autumn,Monday,3.71,20,2941.2,1036.4
P-0061,Beauty,2023-09-25 12:36:43.640728144,51.44,76.87,69.53,18,69,0,Autumn,Monday,3.99,18,1383.66,457.74
P-0049,Electronics,2023-09-25 16:07:00.564112824,216.19,373.97,345.32,7,210,0,Autumn,Monday,3.82,7,2617.79,1104.46
P-0069,Electronics,2023-09-25 19:37:17.487497500,183.72,268.1,244.0,28,185,1,Autumn,Monday,4.31,28,7506.8,2362.64
P-0053,Electronics,2023-09-25 23:07:34.410882176,176.68,255.34,262.77,18,197,1,Autumn,Monday,3.25,18,4596.12,1415.88
P-0058,Electronics,2023-09-26 02:37:51.334266852,171.48,246.48,263.71,27,178,1,Autumn,Tuesday,4.75,27,6654.96,2025.0
P-0057,Home,2023-09-26 06:08:08.257651532,88.35,121.7,131.73,31,256,1,Autumn,Tuesday,4.34,31,3772.7,1033.85
P-0002,Grocery,2023-09-26 09:38:25.181036208,24.96,46.79,42.94,47,230,1,Autumn,Tuesday,4.37,47,2199.13,1026.01
P-0054,Grocery,2023-09-26 13:08:42.104420884,16.66,26.84,24.89,36,213,1,Autumn,Tuesday,3.04,36,966.24,366.48
P-0015,Electronics,2023-09-26 16:38:59.027805560,208.44,301.22,270.05,7,97,0,Autumn,Tuesday,3.63,7,2108.54,649.46
P-0044,Beauty,2023-09-26 20:09:15.951190240,68.34,132.98,122.72,30,31,0,Autumn,Tuesday,4.77,30,3989.4,1939.2
P-0055,Electronics,2023-09-26 23:39:32.874574916,247.7,438.23,424.74,8,15,0,Autumn,Tuesday,4.02,8,3505.84,1524.24
P-0072,Sports,2023-09-27 03:09:49.797959592,72.51,106.92,116.96,40,205,1,Autumn,Wednesday,3.32,40,4276.8,1376.4
P-0085,Electronics,2023-09-27 06:40:06.721344268,163.07,249.82,271.67,25,235,1,Autumn,Wednesday,4.2,25,6245.5,2168.75
P-0016,Grocery,2023-09-27 10:10:23.644728948,25.77,33.82,34.03,54,174,0,Autumn,Wednesday,4.41,54,1826.28,434.7
P-0059,Home,2023-09-27 13:40:40.568113624,59.78,106.33,99.91,38,191,1,Autumn,Wednesday,4.34,38,4040.54,1768.9
P-0079,Grocery,2023-09-27 17:10:57.491498300,28.26,35.53,38.55,36,36,0,Autumn,Wednesday,4.03,36,1279.08,261.72
P-0033,Home,2023-09-27 20:41:14.414882976,91.75,153.26,139.36,25,153,0,Autumn,Wednesday,4.61,25,3831.5,1537.75
P-0004,Grocery,2023-09-28 00:11:31.338267652,31.03,43.68,41.83,38,163,0,Autumn,Thursday,3.78,38,1659.84,480.7
P-0093,Home,2023-09-28 03:41:48.261652332,68.75,109.28,114.44,27,53,0,Autumn,Thursday,4.34,27,2950.56,1094.31
P-0085,Sports,2023-09-28 07:12:05.185037008,91.75,138.87,127.1,22,198,0,Autumn,Thursday,4.16,22,3055.14,1036.64
P-0071,Beauty,2023-09-28 10:42:22.108421684,54.12,76.97,75.19,25,97,0,Autumn,Thursday,4.04,25,1924.25,571.25
P-0075,Grocery,2023-09-28 14:12:39.031806360,22.73,31.45,29.78,30,63,0,Autumn,Thursday,3.93,30,943.5,261.6
P-0031,Grocery,2023-09-28 17:42:55.955191040,18.74,30.0,30.85,30,185,0,Autumn,Thursday,3.95,30,900.0,337.8
P-0080,Sports,2023-09-28 21:13:12.878575716,87.63,120.64,123.8,40,121,1,Autumn,Thursday,4.11,40,4825.6,1320.4
P-0100,Home,2023-09-29 00:43:29.801960392,105.28,142.71,161.61,25,146,0,Autumn,Friday,3.97,25,3567.75,935.75
P-0030,Home,2023-09-29 04:13:46.725345068,122.13,176.57,174.98,26,147,0,Autumn,Friday,4.43,26,4590.82,1415.44
P-0048,Home,2023-09-29 07:44:03.648729748,110.32,196.48,184.91,19,167,0,Autumn,Friday,3.86,19,3733.12,1637.04
P-0085,Home,2023-09-29 11:14:20.572114424,85.97,131.47,118.17,33,116,1,Autumn,Friday,4.81,33,4338.51,1501.5
P-0023,Beauty,2023-09-29 14:44:37.495499100,46.17,89.28,81.6,13,214,0,Autumn,Friday,3.84,13,1160.64,560.43
P-0070,Sports,2023-09-29 18:14:54.418883776,62.48,80.3,89.14,30,229,0,Autumn,Friday,4.51,30,2409.0,534.6
P-0003,Sports,2023-09-29 21:45:11.342268452,98.86,144.12,129.22,19,133,0,Autumn,Friday,4.53,19,2738.28,859.94
P-0097,Beauty,2023-09-30 01:15:28.265653132,48.15,60.95,66.55,31,56,0,Autumn,Saturday,4.17,31,1889.45,396.8
P-0008,Grocery,2023-09-30 04:45:45.189037808,29.68,34.09,38.31,40,83,0,Autumn,Saturday,4.13,40,1363.6,176.4
P-0003,Sports,2023-09-30 08:16:02.112422484,86.72,138.57,130.76,13,204,0,Autumn,Saturday,3.77,13,1801.41,674.05
P-0042,Sports,2023-09-30 11:46:19.035807160,84.22,128.25,116.87,24,77,1,Autumn,Saturday,3.87,24,3078.0,1056.72
P-0080,Electronics,2023-09-30 15:16:35.959191840,199.69,384.38,346.93,8,205,0,Autumn,Saturday,4.2,8,3075.04,1477.52
P-0021,Beauty,2023-09-30 18:46:52.882576516,60.81,100.59,93.31,34,177,1,Autumn,Saturday,4.08,34,3420.06,1352.52
P-0063,Grocery,2023-09-30 22:17:09.805961192,23.94,30.66,33.0,43,124,0,Autumn,Saturday,4.63,43,1318.38,288.96
P-0034,Home,2023-10-01 01:47:26.729345868,89.39,122.8,133.92,26,45,0,Autumn,Sunday,3.9,26,3192.8,868.66
P-0099,Home,2023-10-01 05:17:43.652730548,105.58,128.19,143.36,30,147,0,Autumn,Sunday,3.92,30,3845.7,678.3
P-0048,Sports,2023-10-01 08:48:00.576115224,78.16,107.45,105.38,17,184,0,Autumn,Sunday,3.35,17,1826.65,497.93
P-0045,Sports,2023-10-01 12:18:17.499499900,69.78,98.46,98.76,33,52,0,Autumn,Sunday,4.39,33,3249.18,946.44
P-0002,Sports,2023-10-01 15:48:34.422884576,87.68,104.05,114.82,44,217,1,Autumn,Sunday,4.35,44,4578.2,720.28
P-0028,Grocery,2023-10-01 19:18:51.346269256,23.75,31.88,32.15,42,62,0,Autumn,Sunday,4.54,42,1338.96,341.46
P-0002,Home,2023-10-01 22:49:08.269653932,102.43,183.8,180.88,38,116,1,Autumn,Sunday,4.57,38,6984.4,3092.06
P-0088,Home,2023-10-02 02:19:25.193038608,88.1,150.05,142.43,23,145,0,Autumn,Monday,4.46,23,3451.15,1424.85
P-0048,Beauty,2023-10-02 05:49:42.116423284,44.36,76.32,77.92,36,196,0,Autumn,Monday,4.47,36,2747.52,1150.56
P-0033,Beauty,2023-10-02 09:19:59.039807960,70.27,93.5,97.76,22,70,0,Autumn,Monday,4.37,22,2057.0,511.06
P-0025,Beauty,2023-10-02 12:50:15.963192640,68.61,122.8,118.1,30,97,0,Autumn,Monday,4.44,30,3684.0,1625.7
P-0071,Grocery,2023-10-02 16:20:32.886577316,27.39,41.44,39.69,30,212,0,Autumn,Monday,3.27,30,1243.2,421.5
P-0065,Home,2023-10-02 19:50:49.809961992,89.11,111.92,118.45,22,95,0,Autumn,Monday,3.61,22,2462.24,501.82
P-0034,Grocery,2023-10-02 23:21:06.733346668,22.85,34.22,38.68,40,165,0,Autumn,Monday,3.53,40,1368.8,454.8
P-0029,Home,2023-10-03 02:51:23.656731348,116.01,164.74,148.82,19,112,0,Autumn,Tuesday,4.67,19,3130.06,925.87
P-0095,Home,2023-10-03 06:21:40.580116024,89.62,140.07,131.98,13,28,0,Autumn,Tuesday,3.75,13,1820.91,655.85
P-0006,Electronics,2023-10-03 09:51:57.503500700,188.75,297.96,320.99,21,141,0,Autumn,Tuesday,3.82,21,6257.16,2293.41
P-0053,Electronics,2023-10-03 13:22:14.426885376,272.91,440.62,433.78,18,102,0,Autumn,Tuesday,4.1,18,7931.16,3018.78
P-0097,Sports,2023-10-03 16:52:31.350270056,79.39,124.64,121.86,18,79,0,Autumn,Tuesday,3.54,18,2243.52,814.5
P-0032,Beauty,2023-10-03 20:22:48.273654732,70.56,92.77,101.92,28,225,0,Autumn,Tuesday,4.27,28,2597.56,621.88
P-0006,Home,2023-10-03 23:53:05.197039408,73.74,88.17,95.22,32,204,1,Autumn,Tuesday,3.14,32,2821.44,461.76
P-0083,Grocery,2023-10-04 03:23:22.120424084,25.99,51.76,46.65,46,82,1,Autumn,Wednesday,3.57,46,2380.96,1185.42
P-0091,Beauty,2023-10-04 06:53:39.043808764,73.23,98.77,98.58,29,143,0,Autumn,Wednesday,4.19,29,2864.33,740.66
P-0007,Electronics,2023-10-04 10:23:55.967193440,211.0,271.65,293.38,25,191,1,Autumn,Wednesday,3.54,25,6791.25,1516.25
P-0038,Home,2023-10-04 13:54:12.890578116,90.99,134.51,125.54,28,28,1,Autumn,Wednesday,4.68,28,3766.28,1218.56
P-0010,Electronics,2023-10-04 17:24:29.813962792,170.76,296.61,298.72,9,37,0,Autumn,Wednesday,4.12,9,2669.49,1132.65
P-0090,Grocery,2023-10-04 20:54:46.737347468,28.16,48.59,47.03,57,147,1,Autumn,Wednesday,4.61,57,2769.63,1164.51
P-0084,Home,2023-10-05 00:25:03.660732148,83.29,118.98,125.06,21,242,0,Autumn,Thursday,4.26,21,2498.58,749.49
P-0082,Electronics,2023-10-05 03:55:20.584116824,206.81,328.23,367.19,18,242,0,Autumn,Thursday,4.09,18,5908.14,2185.56
P-0033,Electronics,2023-10-05 07:25:37.507501500,168.52,198.21,215.54,19,125,0,Autumn,Thursday,3.65,19,3765.99,564.11
P-0072,Beauty,2023-10-05 10:55:54.430886176,68.7,133.22,119.64,29,187,1,Autumn,Thursday,4.52,29,3863.38,1871.08
P-0018,Electronics,2023-10-05 14:26:11.354270856,248.8,328.74,319.27,30,135,1,Autumn,Thursday,4.3,30,9862.2,2398.2
P-0015,Grocery,2023-10-05 17:56:28.277655532,23.88,37.77,34.99,54,236,1,Autumn,Thursday,5.0,54,2039.58,750.06
P-0059,Electronics,2023-10-05 21:26:45.201040208,171.22,193.95,219.11,24,154,0,Autumn,Thursday,4.47,24,4654.8,545.52
P-0097,Beauty,2023-10-06 00:57:02.124424884,68.52,131.16,123.3,40,233,1,Autumn,Friday,3.92,40,5246.4,2505.6
P-0026,Beauty,2023-10-06 04:27:19.047809564,51.78,90.44,90.77,40,104,0,Autumn,Friday,4.23,40,3617.6,1546.4
P-0047,Beauty,2023-10-06 07:57:35.971194240,45.27,73.97,71.15,20,243,1,Autumn,Friday,4.29,20,1479.4,574.0
P-0099,Electronics,2023-10-06 11:27:52.894578916,150.79,199.52,206.55,40,192,1,Autumn,Friday,4.62,40,7980.8,1949.2
P-0043,Grocery,2023-10-06 14:58:09.817963592,21.52,31.06,30.18,39,203,0,Autumn,Friday,4.69,39,1211.34,372.06
P-0083,Sports,2023-10-06 18:28:26.741348268,61.38,81.66,91.9,18,18,0,Autumn,Friday,4.03,18,1469.88,365.04
P-0069,Electronics,2023-10-06 21:58:43.664732948,189.07,240.47,269.9,20,212,1,Autumn,Friday,3.55,20,4809.4,1028.0
P-0089,Electronics,2023-10-07 01:29:00.588117624,235.01,317.79,296.52,22,54,1,Autumn,Saturday,3.27,22,6991.38,1821.16
P-0034,Sports,2023-10-07 04:59:17.511502300,75.19,110.21,121.13,28,244,1,Autumn,Saturday,3.59,28,3085.88,980.56
P-0084,Beauty,2023-10-07 08:29:34.434886976,58.13,81.51,92.27,24,61,0,Autumn,Saturday,3.83,24,1956.24,561.12
P-0083,Electronics,2023-10-07 11:59:51.358271656,185.7,356.61,324.49,18,217,0,Autumn,Saturday,4.78,18,6418.98,3076.38
P-0089,Electronics,2023-10-07 15:30:08.281656332,212.19,302.83,320.89,27,170,0,Autumn,Saturday,4.78,27,8176.41,2447.28
P-0091,Grocery,2023-10-07 19:00:25.205041008,31.38,46.06,45.17,43,111,0,Autumn,Saturday,4.53,43,1980.58,631.24
P-0034,Grocery,2023-10-07 22:30:42.128425684,22.66,37.52,34.7,58,233,1,Autumn,Saturday,4.65,58,2176.16,861.88
P-0083,Beauty,2023-10-08 02:00:59.051810364,58.38,83.91,79.23,30,110,0,Autumn,Sunday,3.78,30,2517.3,765.9
P-0068,Sports,2023-10-08 05:31:15.975195040,59.96,85.18,95.58,24,30,0,Autumn,Sunday,3.42,24,2044.32,605.28
P-0010,Beauty,2023-10-08 09:01:32.898579716,68.38,116.11,114.44,22,33,0,Autumn,Sunday,3.65,22,2554.42,1050.06
P-0091,Home,2023-10-08 12:31:49.821964392,87.75,118.26,117.09,23,223,1,Autumn,Sunday,3.18,23,2719.98,701.73
P-0073,Beauty,2023-10-08 16:02:06.745349072,64.24,88.26,91.55,22,109,0,Autumn,Sunday,3.6,22,1941.72,528.44
P-0069,Home,2023-10-08 19:32:23.668733748,93.13,170.65,160.86,27,215,0,Autumn,Sunday,3.87,27,4607.55,2093.04
P-0007,Home,2023-10-08 23:02:40.592118424,104.3,177.12,159.37,18,19,0,Autumn,Sunday,4.18,18,3188.16,1310.76
P-0100,Electronics,2023-10-09 02:32:57.515503100,232.55,328.34,358.71,14,33,0,Autumn,Monday,4.16,14,4596.76,1341.06
P-0097,Home,2023-10-09 06:03:14.438887776,88.12,132.8,145.16,19,257,0,Autumn,Monday,3.79,19,2523.2,848.92
P-0087,Grocery,2023-10-09 09:33:31.362272456,28.19,46.69,44.2,33,50,0,Autumn,Monday,4.36,33,1540.77,610.5
P-0034,Electronics,2023-10-09 13:03:48.285657132,184.5,235.09,237.69,18,183,0,Autumn,Monday,3.8,18,4231.62,910.62
P-0008,Home,2023-10-09 16:34:05.209041808,106.82,193.57,180.76,23,100,0,Autumn,Monday,4.1,23,4452.11,1995.25
P-0075,Grocery,2023-10-09 20:04:22.132426484,22.5,36.14,39.55,28,137,0,Autumn,Monday,3.6,28,1011.92,381.92
P-0051,Beauty,2023-10-09 23:34:39.055811164,58.08,66.09,74.3,31,43,0,Autumn,Monday,4.59,31,2048.79,248.31
P-0026,Grocery,2023-10-10 03:04:55.979195840,22.23,30.66,29.27,35,80,0,Autumn,Tuesday,4.11,35,1073.1,295.05
P-0028,Grocery,2023-10-10 06:35:12.902580516,24.19,44.28,39.58,38,200,0,Autumn,Tuesday,4.41,38,1682.64,763.42
P-0068,Grocery,2023-10-10 10:05:29.825965192,19.87,28.38,31.44,39,146,0,Autumn,Tuesday,3.55,39,1106.82,331.89
P-0088,Electronics,2023-10-10 13:35:46.749349872,218.32,346.71,318.83,16,138,0,Autumn,Tuesday,4.18,16,5547.36,2054.24
P-0058,Beauty,2023-10-10 17:06:03.672734548,55.39,83.31,85.67,48,246,1,Autumn,Tuesday,4.36,48,3998.88,1340.16
P-0094,Beauty,2023-10-10 20:36:20.596119224,50.25,72.71,82.25,30,115,1,Autumn,Tuesday,3.18,30,2181.3,673.8
P-0057,Home,2023-10-11 00:06:37.519503900,94.16,144.18,143.83,29,211,0,Autumn,Wednesday,4.63,29,4181.22,1450.58
P-0057,Electronics,2023-10-11 03:36:54.442888580,214.5,269.55,284.66,15,192,0,Autumn,Wednesday,3.54,15,4043.25,825.75
P-0037,Home,2023-10-11 07:07:11.366273256,85.63,116.41,111.25,34,127,1,Autumn,Wednesday,4.19,34,3957.94,1046.52
P-0006,Beauty,2023-10-11 10:37:28.289657932,53.87,76.25,80.34,28,86,0,Autumn,Wednesday,4.9,28,2135.0,626.64
P-0026,Home,2023-10-11 14:07:45.213042608,79.72,139.49,140.11,34,101,1,Autumn,Wednesday,4.53,34,4742.66,2032.18
P-0035,Electronics,2023-10-11 17:38:02.136427284,288.82,417.32,449.63,25,228,1,Autumn,Wednesday,3.43,25,10433.0,3212.5
P-0063,Grocery,2023-10-11 21:08:19.059811964,28.07,43.82,40.62,22,89,0,Autumn,Wednesday,4.02,22,964.04,346.5
P-0019,Sports,2023-10-12 00:38:35.983196640,83.5,161.03,146.11,27,175,0,Autumn,Thursday,4.66,27,4347.81,2093.31
P-0051,Electronics,2023-10-12 04:08:52.906581316,249.38,356.56,365.03,29,45,1,Autumn,Thursday,3.73,29,10340.24,3108.22
P-0053,Sports,2023-10-12 07:39:09.829965992,54.67,82.62,83.65,21,99,0,Autumn,Thursday,3.94,21,1735.02,586.95
P-0052,Electronics,2023-10-12 11:09:26.753350672,124.06,181.9,163.02,17,243,0,Autumn,Thursday,3.93,17,3092.3,983.28
P-0099,Sports,2023-10-12 14:39:43.676735348,74.89,113.34,123.99,23,147,0,Autumn,Thursday,4.36,23,2606.82,884.35
P-0019,Sports,2023-10-12 18:10:00.600120024,62.35,109.5,101.95,18,216,0,Autumn,Thursday,3.41,18,1971.0,848.7
P-0035,Electronics,2023-10-12 21:40:17.523504700,202.05,346.32,340.82,36,78,1,Autumn,Thursday,4.38,36,12467.52,5193.72
P-0037,Grocery,2023-10-13 01:10:34.446889380,24.79,38.66,35.42,27,201,0,Autumn,Friday,3.82,27,1043.82,374.49
P-0074,Sports,2023-10-13 04:40:51.370274056,91.78,129.93,136.74,22,256,0,Autumn,Friday,4.09,22,2858.46,839.3
P-0067,Sports,2023-10-13 08:11:08.293658732,65.43,83.55,87.85,32,241,0,Autumn,Friday,4.0,32,2673.6,579.84
P-0084,Sports,2023-10-13 11:41:25.217043408,85.12,145.21,151.55,31,121,0,Autumn,Friday,4.37,31,4501.51,1862.79
P-0054,Beauty,2023-10-13 15:11:42.140428084,55.13,63.22,71.52,35,182,0,Autumn,Friday,4.09,35,2212.7,283.15
P-0084,Electronics,2023-10-13 18:41:59.063812764,221.68,328.01,356.23,29,234,1,Autumn,Friday,4.75,29,9512.29,3083.57
P-0003,Grocery,2023-10-13 22:12:15.987197440,22.0,40.31,36.03,32,214,0,Autumn,Friday,4.55,32,1289.92,585.92
P-0015,Beauty,2023-10-14 01:42:32.910582116,67.17,84.38,89.79,26,254,0,Autumn,Saturday,3.74,26,2193.88,447.46
P-0061,Beauty,2023-10-14 05:12:49.833966792,54.09,69.44,78.48,22,22,1,Autumn,Saturday,4.71,22,1527.68,337.7
P-0024,Home,2023-10-14 08:43:06.757351472,121.97,147.1,155.36,18,146,0,Autumn,Saturday,4.24,18,2647.8,452.34
P-0030,Beauty,2023-10-14 12:13:23.680736148,48.04,73.12,74.76,35,208,0,Autumn,Saturday,4.18,35,2559.2,877.8
P-0023,Electronics,2023-10-14 15:43:40.604120824,234.96,427.11,422.27,28,193,0,Autumn,Saturday,4.48,28,11959.08,5380.2
P-0014,Grocery,2023-10-14 19:13:57.527505500,23.77,31.67,35.33,44,52,0,Autumn,Saturday,3.63,44,1393.48,347.6
P-0030,Electronics,2023-10-14 22:44:14.450890180,198.99,381.98,357.09,17,155,0,Autumn,Saturday,3.48,17,6493.66,3110.83
P-0092,Grocery,2023-10-15 02:14:31.374274856,26.43,37.59,34.87,32,55,0,Autumn,Sunday,4.11,32,1202.88,357.12
P-0005,Grocery,2023-10-15 05:44:48.297659532,22.85,31.18,33.49,37,37,1,Autumn,Sunday,3.83,37,1153.66,308.21
P-0100,Beauty,2023-10-15 09:15:05.221044208,31.57,59.07,55.12,31,42,0,Autumn,Sunday,5.0,31,1831.17,852.5
P-0054,Beauty,2023-10-15 12:45:22.144428888,28.05,46.97,48.59,30,248,0,Autumn,Sunday,3.76,30,1409.1,567.6
P-0078,Home,2023-10-15 16:15:39.067813564,114.34,160.26,163.27,11,81,0,Autumn,Sunday,4.12,11,1762.86,505.12
P-0075,Sports,2023-10-15 19:45:55.991198240,95.75,171.7,155.42,22,126,0,Autumn,Sunday,4.19,22,3777.4,1670.9
P-0007,Grocery,2023-10-15 23:16:12.914582916,31.25,59.4,54.29,30,77,0,Autumn,Sunday,4.65,30,1782.0,844.5
P-0027,Home,2023-10-16 02:46:29.837967592,94.73,153.62,158.37,36,234,1,Autumn,Monday,3.65,36,5530.32,2120.04
P-0088,Electronics,2023-10-16 06:16:46.761352272,166.57,265.03,265.79,5,232,0,Autumn,Monday,3.37,5,1325.15,492.3
P-0064,Electronics,2023-10-16 09:47:03.684736948,195.9,247.92,261.31,14,175,0,Autumn,Monday,4.73,14,3470.88,728.28
P-0038,Beauty,2023-10-16 13:17:20.608121624,55.1,71.35,71.09,33,218,0,Autumn,Monday,4.14,33,2354.55,536.25
P-0055,Sports,2023-10-16 16:47:37.531506300,67.11,111.22,106.57,25,40,0,Autumn,Monday,4.46,25,2780.5,1102.75
P-0044,Grocery,2023-10-16 20:17:54.454890980,30.33,41.74,46.26,38,259,0,Autumn,Monday,4.49,38,1586.12,433.58
P-0010,Electronics,2023-10-16 23:48:11.378275656,285.25,433.6,393.91,11,117,0,Autumn,Monday,4.56,11,4769.6,1631.85
P-0094,Sports,2023-10-17 03:18:28.301660332,86.12,127.9,121.52,12,113,0,Autumn,Tuesday,3.93,12,1534.8,501.36
P-0024,Home,2023-10-17 06:48:45.225045008,94.83,125.54,138.99,36,62,1,Autumn,Tuesday,3.81,36,4519.44,1105.56
P-0087,Sports,2023-10-17 10:19:02.148429688,63.42,105.11,96.56,25,229,1,Autumn,Tuesday,3.2,25,2627.75,1042.25
P-0025,Home,2023-10-17 13:49:19.071814364,118.51,183.72,173.57,11,56,0,Autumn,Tuesday,3.65,11,2020.92,717.31
P-0061,Beauty,2023-10-17 17:19:35.995199040,55.67,77.8,81.45,20,225,0,Autumn,Tuesday,4.13,20,1556.0,442.6
P-0049,Sports,2023-10-17 20:49:52.918583716,76.3,100.75,100.23,15,190,0,Autumn,Tuesday,3.78,15,1511.25,366.75
P-0089,Home,2023-10-18 00:20:09.841968392,102.31,191.85,176.59,19,204,0,Autumn,Wednesday,3.59,19,3645.15,1701.26
P-0063,Grocery,2023-10-18 03:50:26.765353072,21.75,38.34,34.47,22,22,0,Autumn,Wednesday,4.12,22,843.48,364.98
P-0060,Sports,2023-10-18 07:20:43.688737748,81.88,103.21,108.93,33,195,0,Autumn,Wednesday,4.7,33,3405.93,703.89
P-0031,Electronics,2023-10-18 10:51:00.612122424,161.53,248.23,239.57,14,251,0,Autumn,Wednesday,4.07,14,3475.22,1213.8
P-0087,Electronics,2023-10-18 14:21:17.535507100,246.53,396.2,364.67,10,111,0,Autumn,Wednesday,3.59,10,3962.0,1496.7
P-0013,Grocery,2023-10-18 17:51:34.458891780,23.6,41.67,37.3,43,125,0,Autumn,Wednesday,4.67,43,1791.81,777.01
P-0051,Home,2023-10-18 21:21:51.382276456,112.61,160.08,178.47,29,42,0,Autumn,Wednesday,3.75,29,4642.32,1376.63
P-0027,Electronics,2023-10-19 00:52:08.305661132,203.24,326.45,326.17,17,134,0,Autumn,Thursday,4.77,17,5549.65,2094.57
P-0046,Beauty,2023-10-19 04:22:25.229045808,53.8,95.78,87.9,25,180,1,Autumn,Thursday,3.98,25,2394.5,1049.5
P-0005,Grocery,2023-10-19 07:52:42.152430488,19.34,22.26,25.27,36,88,0,Autumn,Thursday,4.15,36,801.36,105.12
P-0070,Home,2023-10-19 11:22:59.075815164,106.55,148.78,151.06,25,196,0,Autumn,Thursday,4.8,25,3719.5,1055.75
P-0075,Home,2023-10-19 14:53:15.999199840,81.69,104.97,102.89,22,35,0,Autumn,Thursday,3.49,22,2309.34,512.16
P-0070,Grocery,2023-10-19 18:23:32.922584516,22.13,33.41,33.2,36,180,0,Autumn,Thursday,3.63,36,1202.76,406.08
P-0070,Beauty,2023-10-19 21:53:49.845969196,55.01,86.33,81.76,36,159,1,Autumn,Thursday,3.95,36,3107.88,1127.52
P-0004,Grocery,2023-10-20 01:24:06.769353872,24.47,36.25,40.47,47,71,0,Autumn,Friday,4.04,47,1703.75,553.66
P-0068,Beauty,2023-10-20 04:54:23.692738548,39.99,57.34,53.66,26,99,0,Autumn,Friday,5.0,26,1490.84,451.1
P-0033,Sports,2023-10-20 08:24:40.616123224,77.05,116.67,123.07,34,73,1,Autumn,Friday,3.7,34,3966.78,1347.08
P-0062,Grocery,2023-10-20 11:54:57.539507900,27.05,41.37,38.38,36,167,0,Autumn,Friday,3.51,36,1489.32,515.52
P-0065,Electronics,2023-10-20 15:25:14.462892580,197.29,282.48,288.05,17,171,0,Autumn,Friday,3.68,17,4802.16,1448.23
P-0030,Sports,2023-10-20 18:55:31.386277256,77.12,112.99,126.91,26,151,0,Autumn,Friday,4.2,26,2937.74,932.62
P-0014,Beauty,2023-10-20 22:25:48.309661932,56.43,80.86,72.76,24,62,0,Autumn,Friday,4.32,24,1940.64,586.32
P-0012,Electronics,2023-10-21 01:56:05.233046608,205.77,315.94,296.01,14,68,0,Autumn,Saturday,3.78,14,4423.16,1542.38
P-0045,Electronics,2023-10-21 05:26:22.156431288,175.37,247.57,256.96,23,213,0,Autumn,Saturday,4.11,23,5694.11,1660.6
P-0060,Grocery,2023-10-21 08:56:39.079815964,23.86,37.06,39.22,51,128,0,Autumn,Saturday,4.98,51,1890.06,673.2
P-0001,Electronics,2023-10-21 12:26:56.003200640,243.4,337.99,330.92,18,121,0,Autumn,Saturday,4.12,18,6083.82,1702.62
P-0074,Home,2023-10-21 15:57:12.926585316,79.02,156.32,139.95,26,90,0,Autumn,Saturday,4.24,26,4064.32,2009.8
P-0025,Electronics,2023-10-21 19:27:29.849969996,197.42,337.23,355.11,24,242,0,Autumn,Saturday,4.95,24,8093.52,3355.44
P-0082,Beauty,2023-10-21 22:57:46.773354672,42.84,80.69,72.85,14,73,0,Autumn,Saturday,3.79,14,1129.66,529.9
P-0070,Home,2023-10-22 02:28:03.696739348,109.31,148.36,154.66,25,203,0,Autumn,Sunday,3.76,25,3709.0,976.25
P-0073,Beauty,2023-10-22 05:58:20.620124024,54.19,91.81,87.52,34,203,0,Autumn,Sunday,3.89,34,3121.54,1279.08
P-0021,Home,2023-10-22 09:28:37.543508704,82.08,103.33,106.35,25,74,0,Autumn,Sunday,3.86,25,2583.25,531.25
P-0066,Electronics,2023-10-22 12:58:54.466893380,213.1,331.79,368.49,13,17,0,Autumn,Sunday,3.28,13,4313.27,1542.97
P-0068,Beauty,2023-10-22 16:29:11.390278056,44.41,75.25,68.12,22,76,0,Autumn,Sunday,4.16,22,1655.5,678.48
P-0083,Home,2023-10-22 19:59:28.313662732,79.29,98.19,106.81,25,80,1,Autumn,Sunday,4.2,25,2454.75,472.5
P-0057,Grocery,2023-10-22 23:29:45.237047408,18.39,29.11,26.3,33,197,0,Autumn,Sunday,4.02,33,960.63,353.76
P-0077,Electronics,2023-10-23 03:00:02.160432088,174.16,266.37,294.4,16,145,1,Autumn,Monday,4.21,16,4261.92,1475.36
P-0047,Electronics,2023-10-23 06:30:19.083816764,255.61,417.14,441.85,18,120,0,Autumn,Monday,4.22,18,7508.52,2907.54
P-0095,Home,2023-10-23 10:00:36.007201440,83.86,141.81,128.8,10,131,0,Autumn,Monday,3.51,10,1418.1,579.5
P-0071,Beauty,2023-10-23 13:30:52.930586116,59.1,92.9,89.49,28,248,0,Autumn,Monday,4.23,28,2601.2,946.4
P-0001,Home,2023-10-23 17:01:09.853970796,82.29,126.64,136.84,29,245,0,Autumn,Monday,4.35,29,3672.56,1286.15
P-0079,Grocery,2023-10-23 20:31:26.777355472,26.92,46.89,45.88,21,21,1,Autumn,Monday,3.38,21,984.69,419.37
P-0015,Home,2023-10-24 00:01:43.700740148,79.4,122.47,132.65,24,221,0,Autumn,Tuesday,4.76,24,2939.28,1033.68
P-0007,Beauty,2023-10-24 03:32:00.624124824,55.35,88.16,80.89,24,103,0,Autumn,Tuesday,3.54,24,2115.84,787.44
P-0058,Beauty,2023-10-24 07:02:17.547509504,55.47,79.31,88.92,43,199,1,Autumn,Tuesday,3.59,43,3410.33,1025.12
P-0050,Electronics,2023-10-24 10:32:34.470894180,288.21,499.72,496.17,17,256,0,Autumn,Tuesday,4.19,17,8495.24,3595.67
P-0041,Beauty,2023-10-24 14:02:51.394278856,60.55,72.28,80.74,33,140,0,Autumn,Tuesday,4.34,33,2385.24,387.09
P-0042,Home,2023-10-24 17:33:08.317663532,85.99,131.73,125.84,20,167,0,Autumn,Tuesday,4.45,20,2634.6,914.8
P-0035,Home,2023-10-24 21:03:25.241048208,105.41,149.18,135.05,35,120,1,Autumn,Tuesday,4.35,35,5221.3,1531.95
P-0092,Electronics,2023-10-25 00:33:42.164432888,281.84,448.71,415.68,8,33,0,Autumn,Wednesday,3.87,8,3589.68,1334.96
P-0075,Grocery,2023-10-25 04:03:59.087817564,17.74,28.8,29.71,23,23,0,Autumn,Wednesday,4.15,23,662.4,254.38
P-0080,Sports,2023-10-25 07:34:16.011202240,69.22,88.09,94.03,27,103,0,Autumn,Wednesday,3.96,27,2378.43,509.49
P-0054,Electronics,2023-10-25 11:04:32.934586916,202.04,284.32,312.77,36,216,1,Autumn,Wednesday,4.18,36,10235.52,2962.08
P-0075,Beauty,2023-10-25 14:34:49.857971596,51.33,71.05,65.2,38,98,1,Autumn,Wednesday,4.13,38,2699.9,749.36
P-0053,Grocery,2023-10-25 18:05:06.781356272,22.72,35.64,39.62,52,120,1,Autumn,Wednesday,3.87,52,1853.28,671.84
P-0091,Home,2023-10-25 21:35:23.704740948,75.18,131.83,127.88,28,145,0,Autumn,Wednesday,3.94,28,3691.24,1586.2
P-0005,Grocery,2023-10-26 01:05:40.628125624,29.39,43.77,45.21,39,93,0,Autumn,Thursday,3.27,39,1707.03,560.82
P-0080,Grocery,2023-10-26 04:35:57.551510304,18.54,33.98,30.37,53,135,1,Autumn,Thursday,4.47,53,1800.94,818.32
P-0047,Sports,2023-10-26 08:06:14.474894980,77.44,101.44,101.23,22,163,0,Autumn,Thursday,4.23,22,2231.68,528.0
P-0033,Sports,2023-10-26 11:36:31.398279656,93.39,162.03,160.15,24,223,1,Autumn,Thursday,3.06,24,3888.72,1647.36
P-0061,Electronics,2023-10-26 15:06:48.321664332,208.99,377.9,343.45,26,199,1,Autumn,Thursday,4.46,26,9825.4,4391.66
P-0092,Beauty,2023-10-26 18:37:05.245049012,46.38,67.92,61.04,13,215,0,Autumn,Thursday,4.08,13,882.96,280.02
P-0029,Beauty,2023-10-26 22:07:22.168433688,43.13,78.73,77.18,24,143,0,Autumn,Thursday,3.68,24,1889.52,854.4
P-0048,Electronics,2023-10-27 01:37:39.091818364,202.27,273.49,255.34,5,186,0,Autumn,Friday,3.64,5,1367.45,356.1
P-0024,Home,2023-10-27 05:07:56.015203040,83.49,137.53,133.22,19,51,0,Autumn,Friday,3.79,19,2613.07,1026.76
P-0082,Sports,2023-10-27 08:38:12.938587716,82.63,109.15,111.09,18,51,0,Autumn,Friday,3.68,18,1964.7,477.36
P-0056,Electronics,2023-10-27 12:08:29.861972396,162.91,239.6,268.08,10,240,0,Autumn,Friday,3.74,10,2396.0,766.9
P-0030,Beauty,2023-10-27 15:38:46.785357072,62.15,84.28,80.09,26,163,0,Autumn,Friday,4.87,26,2191.28,575.38
P-0092,Grocery,2023-10-27 19:09:03.708741748,24.44,33.16,31.64,39,42,0,Autumn,Friday,4.27,39,1293.24,340.08
P-0023,Home,2023-10-27 22:39:20.632126424,97.89,133.9,147.47,20,114,0,Autumn,Friday,5.0,20,2678.0,720.2
P-0012,Beauty,2023-10-28 02:09:37.555511104,67.68,113.72,121.6,31,252,0,Autumn,Saturday,4.2,31,3525.32,1427.24
P-0026,Sports,2023-10-28 05:39:54.478895780,74.4,110.13,104.32,20,20,0,Autumn,Saturday,4.36,20,2202.6,714.6
P-0031,Beauty,2023-10-28 09:10:11.402280456,48.61,70.65,77.14,21,123,0,Autumn,Saturday,3.7,21,1483.65,462.84
P-0026,Electronics,2023-10-28 12:40:28.325665132,191.6,307.63,294.15,14,220,0,Autumn,Saturday,4.02,14,4306.82,1624.42
P-0006,Electronics,2023-10-28 16:10:45.249049812,203.53,366.92,348.68,27,246,1,Autumn,Saturday,4.06,27,9906.84,4411.53
P-0099,Sports,2023-10-28 19:41:02.172434488,78.84,107.15,111.06,31,105,0,Autumn,Saturday,4.38,31,3321.65,877.61
P-0033,Home,2023-10-28 23:11:19.095819164,82.37,120.67,128.1,31,239,1,Autumn,Saturday,4.08,31,3740.77,1187.3
P-0096,Beauty,2023-10-29 02:41:36.019203840,37.2,63.94,65.95,21,190,0,Autumn,Sunday,4.26,21,1342.74,561.54
P-0070,Electronics,2023-10-29 06:11:52.942588520,191.15,264.64,273.9,24,114,0,Autumn,Sunday,4.24,24,6351.36,1763.76
P-0081,Home,2023-10-29 09:42:09.865973196,100.47,153.72,149.87,13,205,0,Autumn,Sunday,3.96,13,1998.36,692.25
P-0032,Sports,2023-10-29 13:12:26.789357872,81.74,150.45,142.13,29,211,0,Autumn,Sunday,3.92,29,4363.05,1992.59
P-0066,Beauty,2023-10-29 16:42:43.712742548,65.56,102.1,93.94,23,82,0,Autumn,Sunday,3.8,23,2348.3,840.42
P-0040,Sports,2023-10-29 20:13:00.636127224,105.03,135.99,153.28,36,36,1,Autumn,Sunday,4.59,36,4895.64,1114.56
P-0037,Home,2023-10-29 23:43:17.559511904,106.54,159.21,151.0,13,206,0,Autumn,Sunday,3.96,13,2069.73,684.71
P-0094,Beauty,2023-10-30 03:13:34.482896580,67.17,108.79,113.87,25,35,1,Autumn,Monday,4.25,25,2719.75,1040.5
P-0086,Sports,2023-10-30 06:43:51.406281256,89.81,171.08,158.22,21,205,0,Autumn,Monday,4.03,21,3592.68,1706.67
P-0035,Beauty,2023-10-30 10:14:08.329665932,70.05,100.49,111.88,32,102,0,Autumn,Monday,4.58,32,3215.68,974.08
P-0001,Home,2023-10-30 13:44:25.253050612,123.13,198.56,196.15,17,187,0,Autumn,Monday,3.21,17,3375.52,1282.31
P-0054,Sports,2023-10-30 17:14:42.176435288,92.17,136.56,134.98,26,164,0,Autumn,Monday,4.24,26,3550.56,1154.14
P-0096,Home,2023-10-30 20:44:59.099819964,105.74,127.37,132.9,24,24,1,Autumn,Monday,3.54,24,3056.88,519.12
P-0094,Beauty,2023-10-31 00:15:16.023204640,53.19,79.66,71.58,17,17,0,Autumn,Tuesday,4.28,17,1354.22,449.99
P-0048,Sports,2023-10-31 03:45:32.946589320,79.47,95.8,105.78,28,169,1,Autumn,Tuesday,4.03,28,2682.4,457.24
P-0051,Electronics,2023-10-31 07:15:49.869973996,198.65,238.2,260.97,14,141,0,Autumn,Tuesday,3.43,14,3334.8,553.7
P-0087,Home,2023-10-31 10:46:06.793358672,104.44,173.94,168.12,23,25,0,Autumn,Tuesday,4.25,23,4000.62,1598.5
P-0018,Electronics,2023-10-31 14:16:23.716743348,185.8,247.02,246.18,18,254,0,Autumn,Tuesday,4.2,18,4446.36,1101.96
P-0028,Home,2023-10-31 17:46:40.640128024,92.1,112.71,119.46,18,73,0,Autumn,Tuesday,4.0,18,2028.78,370.98
P-0015,Electronics,2023-10-31 21:16:57.563512704,130.87,182.15,191.13,14,225,0,Autumn,Tuesday,4.05,14,2550.1,717.92
P-0059,Grocery,2023-11-01 00:47:14.486897380,30.62,38.97,42.47,35,43,0,Autumn,Wednesday,4.17,35,1363.95,292.25
P-0090,Electronics,2023-11-01 04:17:31.410282056,202.59,293.28,269.49,15,71,0,Autumn,Wednesday,4.63,15,4399.2,1360.35
P-0032,Grocery,2023-11-01 07:47:48.333666732,25.75,34.83,34.26,40,144,1,Autumn,Wednesday,3.96,40,1393.2,363.2
P-0089,Home,2023-11-01 11:18:05.257051412,117.16,152.98,162.96,34,144,1,Autumn,Wednesday,4.56,34,5201.32,1217.88
P-0052,Home,2023-11-01 14:48:22.180436088,99.56,149.91,153.85,25,162,0,Autumn,Wednesday,4.08,25,3747.75,1258.75
P-0026,Home,2023-11-01 18:18:39.103820764,116.95,213.98,194.95,19,56,0,Autumn,Wednesday,4.68,19,4065.62,1843.57
P-0096,Grocery,2023-11-01 21:48:56.027205440,19.23,36.13,33.06,35,79,0,Autumn,Wednesday,3.99,35,1264.55,591.5
P-0063,Beauty,2023-11-02 01:19:12.950590120,76.1,113.49,126.58,25,79,0,Autumn,Thursday,3.8,25,2837.25,934.75
P-0055,Home,2023-11-02 04:49:29.873974796,111.52,184.51,177.93,12,122,0,Autumn,Thursday,3.61,12,2214.12,875.88
P-0017,Sports,2023-11-02 08:19:46.797359472,82.68,132.58,144.62,44,241,1,Autumn,Thursday,4.08,44,5833.52,2195.6
P-0056,Beauty,2023-11-02 11:50:03.720744148,67.54,96.53,103.73,42,128,1,Autumn,Thursday,3.74,42,4054.26,1217.58
P-0024,Electronics,2023-11-02 15:20:20.644128828,170.73,296.74,272.89,14,259,0,Autumn,Thursday,4.73,14,4154.36,1764.14
P-0043,Sports,2023-11-02 18:50:37.567513504,76.31,123.35,112.66,18,76,0,Autumn,Thursday,3.71,18,2220.3,846.72
P-0093,Home,2023-11-02 22:20:54.490898180,116.95,150.5,167.25,25,74,0,Autumn,Thursday,3.79,25,3762.5,838.75
P-0100,Electronics,2023-11-03 01:51:11.414282856,147.27,229.89,210.96,16,39,0,Autumn,Friday,4.36,16,3678.24,1321.92
P-0041,Beauty,2023-11-03 05:21:28.337667532,59.93,84.18,79.8,20,66,0,Autumn,Friday,4.63,20,1683.6,485.0
P-0033,Electronics,2023-11-03 08:51:45.261052212,227.88,410.15,384.69,28,91,1,Autumn,Friday,4.43,28,11484.2,5103.56
P-0021,Home,2023-11-03 12:22:02.184436888,124.93,171.17,159.97,27,109,1,Autumn,Friday,4.58,27,4621.59,1248.48
P-0021,Grocery,2023-11-03 15:52:19.107821564,17.92,29.1,29.05,34,189,0,Autumn,Friday,4.06,34,989.4,380.12
P-0053,Electronics,2023-11-03 19:22:36.031206240,264.08,504.53,455.66,20,124,1,Autumn,Friday,4.07,20,10090.6,4809.0
P-0097,Grocery,2023-11-03 22:52:52.954590920,21.85,30.9,33.29,33,183,0,Autumn,Friday,5.0,33,1019.7,298.65
P-0086,Sports,2023-11-04 02:23:09.877975596,74.28,95.83,95.72,30,36,0,Autumn,Saturday,4.86,30,2874.9,646.5
P-0029,Beauty,2023-11-04 05:53:26.801360272,44.25,62.88,65.74,31,247,1,Autumn,Saturday,4.42,31,1949.28,577.53
P-0084,Grocery,2023-11-04 09:23:43.724744948,19.82,30.73,28.52,40,51,0,Autumn,Saturday,4.6,40,1229.2,436.4
P-0048,Grocery,2023-11-04 12:54:00.648129628,25.55,41.2,45.79,23,23,0,Autumn,Saturday,4.49,23,947.6,359.95
P-0067,Sports,2023-11-04 16:24:17.571514304,65.76,105.49,107.2,24,119,0,Autumn,Saturday,3.56,24,2531.76,953.52
P-0026,Home,2023-11-04 19:54:34.494898980,106.25,186.45,174.97,18,174,0,Autumn,Saturday,4.08,18,3356.1,1443.6
P-0082,Electronics,2023-11-04 23:24:51.418283656,187.72,274.94,287.91,20,72,0,Autumn,Saturday,4.77,20,5498.8,1744.4
P-0047,Beauty,2023-11-05 02:55:08.341668336,44.33,68.18,72.71,29,54,0,Autumn,Sunday,4.42,29,1977.22,691.65
P-0078,Beauty,2023-11-05 06:25:25.265053012,50.36,78.23,82.96,37,222,0,Autumn,Sunday,4.07,37,2894.51,1031.19
P-0025,Electronics,2023-11-05 09:55:42.188437688,221.31,299.3,284.71,15,217,0,Autumn,Sunday,4.78,15,4489.5,1169.85
P-0097,Beauty,2023-11-05 13:25:59.111822364,52.56,68.45,72.14,26,199,0,Autumn,Sunday,4.27,26,1779.7,413.14
P-0043,Electronics,2023-11-05 16:56:16.035207040,211.15,259.24,265.44,18,69,0,Autumn,Sunday,4.44,18,4666.32,865.62
P-0066,Sports,2023-11-05 20:26:32.958591720,88.91,137.56,136.07,35,146,1,Autumn,Sunday,4.27,35,4814.6,1702.75
P-0054,Home,2023-11-05 23:56:49.881976396,111.45,213.42,193.0,15,183,0,Autumn,Sunday,4.34,15,3201.3,1529.55
P-0060,Electronics,2023-11-06 03:27:06.805361072,199.58,338.74,316.39,13,120,0,Autumn,Monday,4.38,13,4403.62,1809.08
P-0026,Electronics,2023-11-06 06:57:23.728745748,174.91,246.61,266.76,23,58,1,Autumn,Monday,4.68,23,5672.03,1649.1
P-0091,Home,2023-11-06 10:27:40.652130428,96.16,184.72,169.17,32,218,1,Autumn,Monday,4.74,32,5911.04,2833.92
P-0021,Home,2023-11-06 13:57:57.575515104,102.15,148.73,137.36,14,244,0,Autumn,Monday,3.9,14,2082.22,652.12
P-0037,Electronics,2023-11-06 17:28:14.498899780,160.92,219.98,207.75,15,55,0,Autumn,Monday,4.26,15,3299.7,885.9
P-0044,Home,2023-11-06 20:58:31.422284456,81.46,143.5,142.92,24,187,0,Autumn,Monday,4.67,24,3444.0,1488.96
P-0050,Electronics,2023-11-07 00:28:48.345669136,185.84,291.07,324.58,17,232,0,Autumn,Tuesday,4.04,17,4948.19,1788.91
P-0023,Home,2023-11-07 03:59:05.269053812,91.84,156.88,149.3,20,147,0,Autumn,Tuesday,3.51,20,3137.6,1300.8
P-0086,Home,2023-11-07 07:29:22.192438488,83.43,116.08,115.57,18,27,0,Autumn,Tuesday,3.69,18,2089.44,587.7
P-0062,Home,2023-11-07 10:59:39.115823164,105.75,179.98,188.59,22,184,0,Autumn,Tuesday,3.72,22,3959.56,1633.06
P-0098,Home,2023-11-07 14:29:56.039207840,70.6,104.09,117.97,36,241,0,Autumn,Tuesday,3.89,36,3747.24,1205.64
P-0036,Electronics,2023-11-07 18:00:12.962592520,156.92,237.89,254.31,17,79,0,Autumn,Tuesday,3.76,17,4044.13,1376.49
P-0043,Electronics,2023-11-07 21:30:29.885977196,198.78,279.77,272.85,33,49,0,Autumn,Tuesday,4.56,33,9232.41,2672.67
P-0058,Electronics,2023-11-08 01:00:46.809361872,204.1,283.62,312.72,27,76,1,Autumn,Wednesday,3.98,27,7657.74,2147.04
P-0059,Grocery,2023-11-08 04:31:03.732746548,18.41,32.51,31.34,33,213,0,Autumn,Wednesday,4.67,33,1072.83,465.3
P-0018,Sports,2023-11-08 08:01:20.656131228,72.23,134.01,124.46,19,151,0,Autumn,Wednesday,3.59,19,2546.19,1173.82
P-0084,Sports,2023-11-08 11:31:37.579515904,74.87,111.62,116.71,19,19,1,Autumn,Wednesday,3.94,19,2120.78,698.25
P-0100,Beauty,2023-11-08 15:01:54.502900580,51.54,71.29,79.24,32,158,0,Autumn,Wednesday,4.15,32,2281.28,632.0
P-0052,Beauty,2023-11-08 18:32:11.426285256,56.34,84.08,92.04,32,214,0,Autumn,Wednesday,4.46,32,2690.56,887.68
P-0038,Home,2023-11-08 22:02:28.349669936,84.94,126.39,130.85,21,60,0,Autumn,Wednesday,4.61,21,2654.19,870.45
P-0041,Grocery,2023-11-09 01:32:45.273054612,29.67,47.2,43.9,43,158,0,Autumn,Thursday,3.86,43,2029.6,753.79
P-0007,Grocery,2023-11-09 05:03:02.196439288,25.87,34.63,33.55,45,71,0,Autumn,Thursday,4.55,45,1558.35,394.2
P-0007,Grocery,2023-11-09 08:33:19.119823964,20.9,30.0,27.57,19,19,0,Autumn,Thursday,3.34,19,570.0,172.9
P-0038,Sports,2023-11-09 12:03:36.043208644,81.21,151.55,135.47,25,113,0,Autumn,Thursday,4.49,25,3788.75,1758.5
P-0022,Home,2023-11-09 15:33:52.966593320,96.89,113.69,122.43,20,204,0,Autumn,Thursday,3.5,20,2273.8,336.0
P-0030,Grocery,2023-11-09 19:04:09.889977996,28.66,38.36,36.65,43,178,0,Autumn,Thursday,4.3,43,1649.48,417.1
P-0034,Grocery,2023-11-09 22:34:26.813362672,21.69,37.6,37.9,39,39,0,Autumn,Thursday,4.61,39,1466.4,620.49
P-0018,Home,2023-11-10 02:04:43.736747348,106.66,174.35,174.62,26,60,1,Autumn,Friday,4.5,26,4533.1,1759.94
P-0041,Sports,2023-11-10 05:35:00.660132028,80.54,96.64,100.86,19,147,0,Autumn,Friday,3.36,19,1836.16,305.9
P-0004,Electronics,2023-11-10 09:05:17.583516704,260.12,355.81,369.79,14,93,0,Autumn,Friday,3.9,14,4981.34,1339.66
P-0078,Sports,2023-11-10 12:35:34.506901380,96.52,167.99,161.17,18,96,0,Autumn,Friday,4.42,18,3023.82,1286.46
P-0070,Grocery,2023-11-10 16:05:51.430286056,24.76,37.7,36.64,38,121,0,Autumn,Friday,4.41,38,1432.6,491.72
P-0017,Electronics,2023-11-10 19:36:08.353670736,201.19,290.15,303.36,31,200,1,Autumn,Friday,4.22,31,8994.65,2757.76
P-0017,Grocery,2023-11-10 23:06:25.277055412,25.95,35.42,38.99,35,156,0,Autumn,Friday,3.11,35,1239.7,331.45
P-0008,Electronics,2023-11-11 02:36:42.200440088,203.94,282.81,277.6,38,224,1,Autumn,Saturday,4.64,38,10746.78,2997.06
P-0019,Grocery,2023-11-11 06:06:59.123824764,30.45,53.02,50.14,40,40,0,Autumn,Saturday,4.72,40,2120.8,902.8
P-0059,Grocery,2023-11-11 09:37:16.047209444,24.3,32.2,31.75,50,128,0,Autumn,Saturday,4.17,50,1610.0,395.0
P-0008,Beauty,2023-11-11 13:07:32.970594120,51.43,69.27,78.64,36,149,0,Autumn,Saturday,4.2,36,2493.72,642.24
P-0001,Sports,2023-11-11 16:37:49.893978796,74.12,94.38,99.58,52,200,1,Autumn,Saturday,4.33,52,4907.76,1053.52
P-0058,Electronics,2023-11-11 20:08:06.817363472,169.24,230.31,215.88,14,141,0,Autumn,Saturday,4.76,14,3224.34,854.98
P-0094,Home,2023-11-11 23:38:23.740748148,103.46,145.48,137.48,19,239,0,Autumn,Saturday,4.21,19,2764.12,798.38
P-0047,Home,2023-11-12 03:08:40.664132828,82.54,125.88,142.64,43,220,1,Autumn,Sunday,4.01,43,5412.84,1863.62
P-0026,Electronics,2023-11-12 06:38:57.587517504,246.9,330.17,332.54,16,183,0,Autumn,Sunday,4.27,16,5282.72,1332.32
P-0084,Beauty,2023-11-12 10:09:14.510902180,43.62,60.28,61.2,34,112,0,Autumn,Sunday,4.1,34,2049.52,566.44
P-0084,Home,2023-11-12 13:39:31.434286856,96.93,133.22,128.52,25,93,0,Autumn,Sunday,4.1,25,3330.5,907.25
P-0084,Home,2023-11-12 17:09:48.357671536,112.48,169.35,186.1,37,145,1,Autumn,Sunday,3.31,37,6265.95,2104.19
P-0038,Home,2023-11-12 20:40:05.281056212,62.29,95.83,93.12,23,128,0,Autumn,Sunday,4.34,23,2204.09,771.42
P-0005,Sports,2023-11-13 00:10:22.204440888,105.83,207.29,187.21,15,22,0,Autumn,Monday,4.63,15,3109.35,1521.9
P-0100,Home,2023-11-13 03:40:39.127825564,88.54,138.63,143.03,42,71,1,Autumn,Monday,4.56,42,5822.46,2103.78
P-0090,Sports,2023-11-13 07:10:56.051210244,81.81,121.25,126.17,25,219,0,Autumn,Monday,4.53,25,3031.25,986.0
P-0051,Home,2023-11-13 10:41:12.974594920,103.69,148.15,167.06,22,127,0,Autumn,Monday,4.08,22,3259.3,978.12
P-0079,Home,2023-11-13 14:11:29.897979596,106.04,120.58,134.91,25,247,0,Autumn,Monday,4.17,25,3014.5,363.5
P-0097,Beauty,2023-11-13 17:41:46.821364272,57.41,112.32,101.78,31,75,0,Autumn,Monday,4.64,31,3481.92,1702.21
P-0006,Home,2023-11-13 21:12:03.744748952,110.16,217.98,195.65,21,252,0,Autumn,Monday,4.49,21,4577.58,2264.22
P-0047,Home,2023-11-14 00:42:20.668133628,102.89,127.13,144.24,25,212,0,Autumn,Tuesday,4.77,25,3178.25,606.0
P-0087,Beauty,2023-11-14 04:12:37.591518304,70.5,123.31,112.49,23,102,0,Autumn,Tuesday,3.8,23,2836.13,1214.63
P-0072,Electronics,2023-11-14 07:42:54.514902980,227.55,285.48,309.71,35,164,1,Autumn,Tuesday,3.79,35,9991.8,2027.55
P-0012,Home,2023-11-14 11:13:11.438287656,124.86,196.52,193.67,27,257,0,Autumn,Tuesday,3.95,27,5306.04,1934.82
P-0007,Beauty,2023-11-14 14:43:28.361672336,62.93,109.84,105.34,18,170,0,Autumn,Tuesday,3.68,18,1977.12,844.38
P-0033,Home,2023-11-14 18:13:45.285057012,67.55,115.31,119.35,23,243,0,Autumn,Tuesday,3.51,23,2652.13,1098.48
P-0045,Grocery,2023-11-14 21:44:02.208441688,34.03,49.23,48.89,42,42,1,Autumn,Tuesday,4.31,42,2067.66,638.4
P-0013,Home,2023-11-15 01:14:19.131826364,86.27,145.05,140.74,41,55,1,Autumn,Wednesday,4.28,41,5947.05,2409.98
P-0028,Sports,2023-11-15 04:44:36.055211044,99.14,151.02,162.99,15,15,1,Autumn,Wednesday,4.21,15,2265.3,778.2
P-0052,Grocery,2023-11-15 08:14:52.978595720,24.1,36.98,33.06,51,94,1,Autumn,Wednesday,4.26,51,1885.98,656.88
P-0080,Sports,2023-11-15 11:45:09.901980396,93.58,138.74,149.35,29,208,1,Autumn,Wednesday,3.44,29,4023.46,1309.64
P-0057,Grocery,2023-11-15 15:15:26.825365072,21.36,30.36,34.4,42,251,1,Autumn,Wednesday,3.88,42,1275.12,378.0
P-0054,Electronics,2023-11-15 18:45:43.748749752,231.03,427.03,385.88,12,147,0,Autumn,Wednesday,3.97,12,5124.36,2352.0
P-0075,Beauty,2023-11-15 22:16:00.672134428,52.77,93.36,94.98,28,118,0,Autumn,Wednesday,4.12,28,2614.08,1136.52
P-0065,Electronics,2023-11-16 01:46:17.595519104,263.05,326.49,334.63,16,243,0,Autumn,Thursday,3.44,16,5223.84,1015.04
P-0023,Grocery,2023-11-16 05:16:34.518903780,25.68,33.08,34.96,40,159,0,Autumn,Thursday,3.68,40,1323.2,296.0
P-0026,Beauty,2023-11-16 08:46:51.442288460,63.24,74.53,84.1,26,146,0,Autumn,Thursday,3.9,26,1937.78,293.54
P-0012,Home,2023-11-16 12:17:08.365673136,62.11,78.23,82.91,20,35,0,Autumn,Thursday,4.58,20,1564.6,322.4
P-0012,Sports,2023-11-16 15:47:25.289057812,78.9,115.31,118.34,21,67,0,Autumn,Thursday,4.22,21,2421.51,764.61
P-0083,Electronics,2023-11-16 19:17:42.212442488,223.79,389.76,387.87,16,185,0,Autumn,Thursday,4.56,16,6236.16,2655.52
P-0069,Beauty,2023-11-16 22:47:59.135827164,56.97,84.4,85.27,35,186,0,Autumn,Thursday,4.04,35,2954.0,960.05
P-0065,Grocery,2023-11-17 02:18:16.059211844,27.69,48.86,44.79,44,136,0,Autumn,Friday,4.1,44,2149.84,931.48
P-0045,Electronics,2023-11-17 05:48:32.982596520,197.71,316.52,288.08,26,186,1,Autumn,Friday,4.32,26,8229.52,3089.06
P-0010,Beauty,2023-11-17 09:18:49.905981196,55.43,75.56,79.03,23,184,0,Autumn,Friday,4.02,23,1737.88,462.99
P-0042,Grocery,2023-11-17 12:49:06.829365872,28.54,54.15,48.77,23,31,0,Autumn,Friday,3.82,23,1245.45,589.03
P-0016,Electronics,2023-11-17 16:19:23.752750552,133.44,233.73,214.91,9,219,0,Autumn,Friday,3.43,9,2103.57,902.61
P-0097,Beauty,2023-11-17 19:49:40.676135228,60.19,95.76,86.85,30,184,0,Autumn,Friday,3.83,30,2872.8,1067.1
P-0041,Home,2023-11-17 23:19:57.599519904,89.92,165.41,157.61,25,68,1,Autumn,Friday,4.48,25,4135.25,1887.25
P-0012,Grocery,2023-11-18 02:50:14.522904580,20.5,28.99,31.25,42,67,0,Autumn,Saturday,4.67,42,1217.58,356.58
P-0029,Electronics,2023-11-18 06:20:31.446289260,221.31,277.64,299.55,22,249,1,Autumn,Saturday,3.75,22,6108.08,1239.26
P-0065,Sports,2023-11-18 09:50:48.369673936,95.71,159.3,145.07,24,77,0,Autumn,Saturday,3.32,24,3823.2,1526.16
P-0046,Sports,2023-11-18 13:21:05.293058612,93.3,151.51,151.25,22,22,1,Autumn,Saturday,4.52,22,3333.22,1280.62
P-0007,Electronics,2023-11-18 16:51:22.216443288,205.46,326.27,298.31,19,22,0,Autumn,Saturday,4.13,19,6199.13,2295.39
P-0037,Home,2023-11-18 20:21:39.139827964,108.31,195.48,185.65,20,70,0,Autumn,Saturday,3.49,20,3909.6,1743.4
P-0069,Beauty,2023-11-18 23:51:56.063212644,62.64,90.0,96.67,23,168,0,Autumn,Saturday,2.7,23,2070.0,629.28
P-0054,Grocery,2023-11-19 03:22:12.986597320,23.66,34.67,35.66,49,126,0,Autumn,Sunday,3.67,49,1698.83,539.49
P-0056,Beauty,2023-11-19 06:52:29.909981996,48.9,93.68,84.22,41,194,1,Autumn,Sunday,3.89,41,3840.88,1835.98
P-0067,Electronics,2023-11-19 10:22:46.833366672,188.66,251.13,283.86,17,71,0,Autumn,Sunday,3.58,17,4269.21,1061.99
P-0073,Electronics,2023-11-19 13:53:03.756751352,238.15,370.1,351.97,13,71,0,Autumn,Sunday,4.41,13,4811.3,1715.35
P-0043,Sports,2023-11-19 17:23:20.680136028,79.46,115.79,103.86,24,114,1,Autumn,Sunday,3.73,24,2778.96,871.92
P-0076,Beauty,2023-11-19 20:53:37.603520704,45.79,60.06,66.37,36,209,0,Autumn,Sunday,4.11,36,2162.16,513.72
P-0091,Sports,2023-11-20 00:23:54.526905380,58.43,81.1,85.8,42,138,1,Autumn,Monday,5.0,42,3406.2,952.14
P-0014,Beauty,2023-11-20 03:54:11.450290060,62.32,85.04,84.09,27,201,0,Autumn,Monday,4.15,27,2296.08,613.44
P-0073,Sports,2023-11-20 07:24:28.373674736,73.0,124.33,114.85,14,37,0,Autumn,Monday,4.05,14,1740.62,718.62
P-0028,Electronics,2023-11-20 10:54:45.297059412,221.1,294.33,293.87,12,115,0,Autumn,Monday,4.06,12,3531.96,878.76
P-0011,Electronics,2023-11-20 14:25:02.220444088,251.65,309.0,345.52,21,122,0,Autumn,Monday,4.4,21,6489.0,1204.35
P-0026,Sports,2023-11-20 17:55:19.143828768,63.25,89.76,98.58,31,31,1,Autumn,Monday,4.35,31,2782.56,821.81
P-0093,Sports,2023-11-20 21:25:36.067213444,79.42,107.71,111.02,23,91,0,Autumn,Monday,3.65,23,2477.33,650.67
P-0061,Home,2023-11-21 00:55:52.990598120,92.41,141.72,148.02,21,83,0,Autumn,Tuesday,3.91,21,2976.12,1035.51
P-0046,Home,2023-11-21 04:26:09.913982796,100.77,153.18,164.23,31,126,1,Autumn,Tuesday,3.8,31,4748.58,1624.71
P-0026,Beauty,2023-11-21 07:56:26.837367472,65.9,100.92,93.3,24,55,0,Autumn,Tuesday,3.97,24,2422.08,840.48
P-0054,Home,2023-11-21 11:26:43.760752152,74.79,86.06,97.08,33,81,0,Autumn,Tuesday,4.92,33,2839.98,371.91
P-0052,Electronics,2023-11-21 14:57:00.684136828,229.15,375.64,348.12,9,249,0,Autumn,Tuesday,4.38,9,3380.76,1318.41
P-0041,Sports,2023-11-21 18:27:17.607521504,93.2,133.53,121.26,17,50,0,Autumn,Tuesday,4.06,17,2270.01,685.61
P-0045,Home,2023-11-21 21:57:34.530906180,92.17,145.74,141.33,31,215,1,Autumn,Tuesday,4.66,31,4517.94,1660.67
P-0073,Grocery,2023-11-22 01:27:51.454290860,23.47,39.87,38.71,31,148,0,Autumn,Wednesday,4.18,31,1235.97,508.4
P-0059,Electronics,2023-11-22 04:58:08.377675536,224.06,326.49,356.52,7,34,0,Autumn,Wednesday,3.36,7,2285.43,717.01
P-0003,Electronics,2023-11-22 08:28:25.301060212,221.59,337.06,331.62,24,113,0,Autumn,Wednesday,4.85,24,8089.44,2771.28
P-0036,Grocery,2023-11-22 11:58:42.224444888,26.24,45.06,46.45,37,140,0,Autumn,Wednesday,4.03,37,1667.22,696.34
P-0007,Home,2023-11-22 15:28:59.147829568,103.53,126.42,135.21,11,82,0,Autumn,Wednesday,3.08,11,1390.62,251.79
P-0093,Grocery,2023-11-22 18:59:16.071214244,20.23,35.78,35.08,34,80,0,Autumn,Wednesday,3.38,34,1216.52,528.7
P-0033,Electronics,2023-11-22 22:29:32.994598920,243.27,361.92,411.14,35,189,1,Autumn,Wednesday,4.61,35,12667.2,4152.75
P-0097,Sports,2023-11-23 01:59:49.917983596,94.93,133.04,140.58,18,22,0,Autumn,Thursday,3.39,18,2394.72,685.98
P-0025,Grocery,2023-11-23 05:30:06.841368276,24.71,34.2,32.97,52,242,1,Autumn,Thursday,4.71,52,1778.4,493.48
P-0036,Sports,2023-11-23 09:00:23.764752952,60.87,80.43,81.31,18,93,0,Autumn,Thursday,4.14,18,1447.74,352.08
P-0042,Electronics,2023-11-23 12:30:40.688137628,206.14,331.39,362.19,25,108,1,Autumn,Thursday,4.42,25,8284.75,3131.25
P-0092,Home,2023-11-23 16:00:57.611522304,97.95,118.87,135.03,24,46,0,Autumn,Thursday,3.98,24,2852.88,502.08
P-0010,Home,2023-11-23 19:31:14.534906980,77.6,126.91,134.31,41,230,1,Autumn,Thursday,4.34,41,5203.31,2021.71
P-0080,Beauty,2023-11-23 23:01:31.458291660,51.83,80.06,79.13,21,69,0,Autumn,Thursday,4.24,21,1681.26,592.83
P-0066,Home,2023-11-24 02:31:48.381676336,73.58,111.58,110.66,13,211,0,Autumn,Friday,4.08,13,1450.54,494.0
P-0023,Electronics,2023-11-24 06:02:05.305061012,230.41,334.07,366.52,17,95,0,Autumn,Friday,3.62,17,5679.19,1762.22
P-0085,Home,2023-11-24 09:32:22.228445688,97.52,137.07,133.43,22,22,1,Autumn,Friday,4.26,22,3015.54,870.1
P-0057,Home,2023-11-24 13:02:39.151830368,69.98,116.41,103.96,32,115,1,Autumn,Friday,3.28,32,3725.12,1485.76
P-0051,Home,2023-11-24 16:32:56.075215044,100.34,180.83,177.22,24,143,0,Autumn,Friday,4.52,24,4339.92,1931.76
P-0038,Electronics,2023-11-24 20:03:12.998599720,208.1,289.3,287.39,19,129,0,Autumn,Friday,4.19,19,5496.7,1542.8
P-0042,Home,2023-11-24 23:33:29.921984396,102.85,186.01,180.69,27,256,0,Autumn,Friday,4.31,27,5022.27,2245.32
P-0081,Grocery,2023-11-25 03:03:46.845369076,22.5,44.11,40.43,27,142,0,Autumn,Saturday,2.92,27,1190.97,583.47
P-0097,Home,2023-11-25 06:34:03.768753752,82.82,117.22,105.89,15,205,0,Autumn,Saturday,3.59,15,1758.3,516.0
P-0090,Home,2023-11-25 10:04:20.692138428,83.28,114.29,128.44,26,105,0,Autumn,Saturday,3.87,26,2971.54,806.26
P-0034,Beauty,2023-11-25 13:34:37.615523104,50.26,62.79,67.57,41,50,1,Autumn,Saturday,4.4,41,2574.39,513.73
P-0063,Grocery,2023-11-25 17:04:54.538907780,24.07,34.79,38.32,40,137,0,Autumn,Saturday,3.68,40,1391.6,428.8
P-0100,Home,2023-11-25 20:35:11.462292460,97.25,185.9,174.49,34,152,0,Autumn,Saturday,5.0,34,6320.6,3014.1
P-0064,Beauty,2023-11-26 00:05:28.385677136,53.32,82.81,92.95,24,117,0,Autumn,Sunday,3.98,24,1987.44,707.76
P-0001,Sports,2023-11-26 03:35:45.309061812,74.58,143.83,131.16,21,202,0,Autumn,Sunday,3.64,21,3020.43,1454.25
P-0073,Beauty,2023-11-26 07:06:02.232446488,51.91,62.81,70.98,20,251,0,Autumn,Sunday,4.02,20,1256.2,218.0
P-0058,Sports,2023-11-26 10:36:19.155831168,112.1,177.83,173.56,23,34,0,Autumn,Sunday,3.67,23,4090.09,1511.79
P-0050,Grocery,2023-11-26 14:06:36.079215844,21.04,27.46,29.02,31,31,0,Autumn,Sunday,3.57,31,851.26,199.02
P-0004,Electronics,2023-11-26 17:36:53.002600520,191.25,331.31,333.67,17,82,0,Autumn,Sunday,4.55,17,5632.27,2381.02
P-0048,Home,2023-11-26 21:07:09.925985196,145.07,193.85,196.59,15,158,0,Autumn,Sunday,4.33,15,2907.75,731.7
P-0080,Grocery,2023-11-27 00:37:26.849369876,25.62,36.23,34.19,25,25,0,Autumn,Monday,4.33,25,905.75,265.25
P-0057,Sports,2023-11-27 04:07:43.772754552,62.34,78.28,78.34,28,62,0,Autumn,Monday,4.67,28,2191.84,446.32
P-0027,Beauty,2023-11-27 07:38:00.696139228,62.42,82.68,84.27,41,115,1,Autumn,Monday,4.32,41,3389.88,830.66
P-0082,Electronics,2023-11-27 11:08:17.619523904,179.42,256.43,243.0,25,106,1,Autumn,Monday,3.62,25,6410.75,1925.25
P-0045,Beauty,2023-11-27 14:38:34.542908584,63.0,89.76,81.44,23,222,0,Autumn,Monday,4.42,23,2064.48,615.48
P-0065,Electronics,2023-11-27 18:08:51.466293260,202.91,375.2,350.48,9,148,0,Autumn,Monday,3.59,9,3376.8,1550.61
P-0002,Grocery,2023-11-27 21:39:08.389677936,22.31,39.59,37.46,49,228,1,Autumn,Monday,3.88,49,1939.91,846.72
P-0015,Beauty,2023-11-28 01:09:25.313062612,69.16,95.85,96.13,26,201,0,Autumn,Tuesday,4.08,26,2492.1,693.94
P-0021,Grocery,2023-11-28 04:39:42.236447288,26.17,48.22,43.99,41,116,0,Autumn,Tuesday,4.03,41,1977.02,904.05
P-0015,Sports,2023-11-28 08:09:59.159831968,92.45,136.58,137.03,39,254,1,Autumn,Tuesday,3.29,39,5326.62,1721.07
P-0043,Grocery,2023-11-28 11:40:16.083216644,25.67,47.48,43.04,48,221,1,Autumn,Tuesday,3.66,48,2279.04,1046.88
P-0042,Beauty,2023-11-28 15:10:33.006601320,51.09,78.24,72.94,48,135,1,Autumn,Tuesday,4.09,48,3755.52,1303.2
P-0009,Grocery,2023-11-28 18:40:49.929985996,26.35,37.67,41.12,42,223,1,Autumn,Tuesday,3.83,42,1582.14,475.44
P-0066,Grocery,2023-11-28 22:11:06.853370676,28.64,37.26,41.81,43,77,0,Autumn,Tuesday,4.61,43,1602.18,370.66
P-0049,Sports,2023-11-29 01:41:23.776755352,81.72,116.98,110.59,26,66,0,Autumn,Wednesday,4.68,26,3041.48,916.76
P-0040,Electronics,2023-11-29 05:11:40.700140028,270.54,444.29,425.32,25,208,1,Autumn,Wednesday,3.6,25,11107.25,4343.75
P-0025,Beauty,2023-11-29 08:41:57.623524704,62.48,106.45,103.9,31,208,0,Autumn,Wednesday,4.13,31,3299.95,1363.07
P-0039,Electronics,2023-11-29 12:12:14.546909384,217.12,402.63,361.33,13,69,0,Autumn,Wednesday,4.81,13,5234.19,2411.63
P-0017,Sports,2023-11-29 15:42:31.470294060,83.22,121.64,120.33,27,199,0,Autumn,Wednesday,4.04,27,3284.28,1037.34
P-0090,Grocery,2023-11-29 19:12:48.393678736,24.53,36.29,37.66,38,139,0,Autumn,Wednesday,3.92,38,1379.02,446.88
P-0052,Home,2023-11-29 22:43:05.317063412,75.98,128.87,126.89,27,151,0,Autumn,Wednesday,4.49,27,3479.49,1428.03
P-0087,Electronics,2023-11-30 02:13:22.240448088,206.97,234.94,264.92,29,222,1,Autumn,Thursday,3.98,29,6813.26,811.13
P-0086,Home,2023-11-30 05:43:39.163832768,98.36,129.25,126.84,22,54,0,Autumn,Thursday,4.67,22,2843.5,679.58
P-0048,Grocery,2023-11-30 09:13:56.087217444,22.4,35.79,32.64,36,113,0,Autumn,Thursday,3.83,36,1288.44,482.04
P-0040,Electronics,2023-11-30 12:44:13.010602120,221.35,267.74,303.89,15,86,0,Autumn,Thursday,3.89,15,4016.1,695.85
P-0072,Electronics,2023-11-30 16:14:29.933986796,210.72,332.25,306.82,19,151,1,Autumn,Thursday,4.46,19,6312.75,2309.07
P-0039,Sports,2023-11-30 19:44:46.857371476,89.9,125.49,117.01,16,53,0,Autumn,Thursday,4.15,16,2007.84,569.44
P-0046,Grocery,2023-11-30 23:15:03.780756152,26.55,37.88,41.83,38,44,0,Autumn,Thursday,4.15,38,1439.44,430.54
P-0041,Electronics,2023-12-01 02:45:20.704140828,215.62,378.26,349.19,8,185,0,Autumn,Friday,3.24,8,3026.08,1301.12
P-0061,Home,2023-12-01 06:15:37.627525504,74.22,133.01,125.1,17,28,0,Autumn,Friday,3.94,17,2261.17,999.43
P-0006,Sports,2023-12-01 09:45:54.550910184,102.92,165.11,165.47,21,117,0,Autumn,Friday,4.49,21,3467.31,1305.99
P-0028,Grocery,2023-12-01 13:16:11.474294860,23.46,32.33,34.44,54,256,1,Autumn,Friday,3.75,54,1745.82,478.98
P-0069,Beauty,2023-12-01 16:46:28.397679536,54.29,90.91,95.78,25,259,0,Autumn,Friday,4.42,25,2272.75,915.5
P-0050,Home,2023-12-01 20:16:45.321064212,89.79,152.1,148.11,39,58,1,Autumn,Friday,4.22,39,5931.9,2430.09
P-0070,Home,2023-12-01 23:47:02.244448892,87.58,126.68,134.89,26,242,0,Autumn,Friday,4.01,26,3293.68,1016.6
P-0065,Electronics,2023-12-02 03:17:19.167833568,261.88,342.17,357.14,19,97,0,Autumn,Saturday,4.71,19,6501.23,1525.51
P-0034,Grocery,2023-12-02 06:47:36.091218244,29.32,51.99,47.12,26,63,0,Autumn,Saturday,3.95,26,1351.74,589.42
P-0045,Electronics,2023-12-02 10:17:53.014602920,224.93,373.87,354.37,16,138,0,Autumn,Saturday,3.98,16,5981.92,2383.04
P-0007,Electronics,2023-12-02 13:48:09.937987596,206.39,354.57,335.56,14,134,0,Autumn,Saturday,4.0,14,4963.98,2074.52
P-0076,Grocery,2023-12-02 17:18:26.861372276,26.38,49.16,44.31,34,106,0,Autumn,Saturday,4.14,34,1671.44,774.52
P-0045,Sports,2023-12-02 20:48:43.784756952,80.94,125.08,141.91,36,119,0,Autumn,Saturday,4.45,36,4502.88,1589.04
P-0027,Grocery,2023-12-03 00:19:00.708141628,23.27,38.7,41.23,38,38,0,Autumn,Sunday,3.44,38,1470.6,586.34
P-0054,Beauty,2023-12-03 03:49:17.631526304,57.98,96.08,92.57,33,79,0,Autumn,Sunday,4.49,33,3170.64,1257.3
P-0002,Beauty,2023-12-03 07:19:34.554910984,51.12,89.71,91.06,28,63,0,Autumn,Sunday,4.13,28,2511.88,1080.52
P-0042,Home,2023-12-03 10:49:51.478295660,98.83,157.0,173.08,29,243,0,Autumn,Sunday,4.35,29,4553.0,1686.93
P-0092,Home,2023-12-03 14:20:08.401680336,98.1,131.06,122.77,27,135,0,Autumn,Sunday,5.0,27,3538.62,889.92
P-0039,Beauty,2023-12-03 17:50:25.325065012,60.31,86.05,96.54,26,148,0,Autumn,Sunday,3.87,26,2237.3,669.24
P-0037,Home,2023-12-03 21:20:42.248449692,85.59,116.6,115.39,18,122,0,Autumn,Sunday,3.55,18,2098.8,558.18
P-0045,Beauty,2023-12-04 00:50:59.171834368,61.25,87.81,86.51,23,231,0,Autumn,Monday,4.19,23,2019.63,610.88
P-0026,Sports,2023-12-04 04:21:16.095219044,68.4,99.85,96.69,21,210,0,Autumn,Monday,4.26,21,2096.85,660.45
P-0023,Sports,2023-12-04 07:51:33.018603720,72.67,105.28,110.15,27,183,0,Autumn,Monday,4.49,27,2842.56,880.47
P-0048,Electronics,2023-12-04 11:21:49.941988400,192.23,213.83,241.44,15,91,0,Autumn,Monday,3.86,15,3207.45,324.0
P-0067,Home,2023-12-04 14:52:06.865373076,78.7,118.72,108.58,32,90,1,Autumn,Monday,3.73,32,3799.04,1280.64
P-0025,Electronics,2023-12-04 18:22:23.788757752,244.13,340.91,309.07,20,245,1,Autumn,Monday,3.41,20,6818.2,1935.6
P-0022,Home,2023-12-04 21:52:40.712142428,80.27,128.5,129.06,18,242,0,Autumn,Monday,3.48,18,2313.0,868.14
P-0074,Home,2023-12-05 01:22:57.635527104,84.38,129.87,146.75,23,84,0,Autumn,Tuesday,3.91,23,2987.01,1046.27
P-0051,Electronics,2023-12-05 04:53:14.558911784,252.18,462.42,453.62,9,97,0,Autumn,Tuesday,4.05,9,4161.78,1892.16
P-0031,Grocery,2023-12-05 08:23:31.482296460,21.81,31.2,32.64,49,96,0,Autumn,Tuesday,5.0,49,1528.8,460.11
P-0085,Beauty,2023-12-05 11:53:48.405681136,53.34,68.65,74.31,26,207,1,Autumn,Tuesday,3.34,26,1784.9,398.06
P-0100,Sports,2023-12-05 15:24:05.329065812,67.05,106.11,115.27,18,247,0,Autumn,Tuesday,4.25,18,1909.98,703.08
P-0085,Electronics,2023-12-05 18:54:22.252450492,237.99,288.26,312.3,19,232,0,Autumn,Tuesday,3.77,19,5476.94,955.13
P-0028,Electronics,2023-12-05 22:24:39.175835168,238.45,408.54,425.83,40,220,1,Autumn,Tuesday,4.2,40,16341.6,6803.6
P-0098,Home,2023-12-06 01:54:56.099219844,106.23,165.36,174.55,39,100,1,Autumn,Wednesday,3.85,39,6449.04,2306.07
P-0037,Electronics,2023-12-06 05:25:13.022604520,228.06,376.41,348.29,9,92,0,Autumn,Wednesday,4.57,9,3387.69,1335.15
P-0008,Home,2023-12-06 08:55:29.945989200,96.12,125.12,125.26,24,232,0,Autumn,Wednesday,4.56,24,3002.88,696.0
P-0054,Sports,2023-12-06 12:25:46.869373876,73.29,90.75,92.35,31,111,1,Autumn,Wednesday,4.05,31,2813.25,541.26
P-0096,Electronics,2023-12-06 15:56:03.792758552,182.62,258.92,282.97,15,67,0,Autumn,Wednesday,4.75,15,3883.8,1144.5
P-0001,Electronics,2023-12-06 19:26:20.716143228,253.34,408.11,374.34,19,221,0,Autumn,Wednesday,4.44,19,7754.09,2940.63
P-0001,Beauty,2023-12-06 22:56:37.639527904,61.73,94.47,105.77,40,132,1,Autumn,Wednesday,4.73,40,3778.8,1309.6
P-0001,Beauty,2023-12-07 02:26:54.562912584,48.9,73.5,78.4,25,36,0,Autumn,Thursday,4.08,25,1837.5,615.0
P-0085,Beauty,2023-12-07 05:57:11.486297260,55.35,84.74,82.34,21,234,0,Autumn,Thursday,4.53,21,1779.54,617.19
P-0024,Home,2023-12-07 09:27:28.409681936,90.44,130.32,124.29,25,87,0,Autumn,Thursday,3.75,25,3258.0,997.0
P-0050,Grocery,2023-12-07 12:57:45.333066612,19.67,31.93,29.78,35,90,0,Autumn,Thursday,3.71,35,1117.55,429.1
P-0009,Electronics,2023-12-07 16:28:02.256451292,215.97,283.09,289.32,19,145,0,Autumn,Thursday,5.0,19,5378.71,1275.28
P-0095,Home,2023-12-07 19:58:19.179835968,88.68,138.11,143.38,16,81,0,Autumn,Thursday,3.61,16,2209.76,790.88
P-0077,Grocery,2023-12-07 23:28:36.103220644,20.34,30.57,32.2,43,218,0,Autumn,Thursday,3.9,43,1314.51,439.89
P-0057,Sports,2023-12-08 02:58:53.026605320,61.07,105.24,103.55,38,184,1,Autumn,Friday,3.25,38,3999.12,1678.46
P-0088,Home,2023-12-08 06:29:09.949990000,71.23,102.78,106.65,19,153,0,Autumn,Friday,3.72,19,1952.82,599.45
P-0021,Beauty,2023-12-08 09:59:26.873374676,51.73,69.6,72.59,26,64,0,Autumn,Friday,3.65,26,1809.6,464.62
P-0042,Electronics,2023-12-08 13:29:43.796759352,207.14,313.14,354.21,33,134,1,Autumn,Friday,3.8,33,10333.62,3498.0
P-0098,Electronics,2023-12-08 17:00:00.720144028,180.59,326.04,294.37,11,81,0,Autumn,Friday,4.23,11,3586.44,1599.95
P-0052,Electronics,2023-12-08 20:30:17.643528708,231.86,339.88,379.95,31,250,1,Autumn,Friday,4.34,31,10536.28,3348.62
P-0031,Grocery,2023-12-09 00:00:34.566913384,23.75,34.58,36.59,39,209,0,Autumn,Saturday,3.65,39,1348.62,422.37
P-0062,Home,2023-12-09 03:30:51.490298060,103.77,197.89,179.71,17,43,0,Autumn,Saturday,3.74,17,3364.13,1600.04
P-0094,Grocery,2023-12-09 07:01:08.413682736,23.3,33.85,32.04,55,144,0,Autumn,Saturday,4.59,55,1861.75,580.25
P-0010,Electronics,2023-12-09 10:31:25.337067412,183.55,275.05,269.99,16,206,0,Autumn,Saturday,4.87,16,4400.8,1464.0
P-0100,Sports,2023-12-09 14:01:42.260452092,81.46,142.81,137.5,21,143,0,Autumn,Saturday,4.67,21,2999.01,1288.35
P-0047,Grocery,2023-12-09 17:31:59.183836768,19.15,22.89,25.34,34,46,0,Autumn,Saturday,3.36,34,778.26,127.16
P-0009,Electronics,2023-12-09 21:02:16.107221444,228.13,415.19,386.56,12,49,0,Autumn,Saturday,4.64,12,4982.28,2244.72
P-0096,Electronics,2023-12-10 00:32:33.030606120,178.51,242.3,257.76,22,194,0,Autumn,Sunday,4.93,22,5330.6,1403.38
P-0058,Electronics,2023-12-10 04:02:49.953990800,240.85,352.47,317.69,8,143,0,Autumn,Sunday,3.34,8,2819.76,892.96
P-0021,Sports,2023-12-10 07:33:06.877375476,75.67,91.57,97.88,35,148,0,Autumn,Sunday,4.59,35,3204.95,556.5
P-0019,Home,2023-12-10 11:03:23.800760152,111.15,196.2,190.47,30,81,0,Autumn,Sunday,4.2,30,5886.0,2551.5
P-0009,Beauty,2023-12-10 14:33:40.724144828,45.12,76.54,75.72,14,79,0,Autumn,Sunday,3.95,14,1071.56,439.88
P-0053,Home,2023-12-10 18:03:57.647529508,84.7,109.07,119.29,29,114,0,Autumn,Sunday,4.15,29,3163.03,706.73
P-0029,Grocery,2023-12-10 21:34:14.570914184,25.46,32.35,33.45,75,148,1,Autumn,Sunday,4.3,75,2426.25,516.75
P-0032,Beauty,2023-12-11 01:04:31.494298860,65.3,96.61,90.5,32,129,1,Autumn,Monday,4.62,32,3091.52,1001.92
P-0055,Beauty,2023-12-11 04:34:48.417683536,69.67,88.68,95.25,38,230,0,Autumn,Monday,4.6,38,3369.84,722.38
P-0096,Sports,2023-12-11 08:05:05.341068216,80.53,147.92,133.13,16,61,0,Autumn,Monday,3.42,16,2366.72,1078.24
P-0087,Electronics,2023-12-11 11:35:22.264452892,271.75,353.66,371.91,15,130,0,Autumn,Monday,3.81,15,5304.9,1228.65
P-0011,Grocery,2023-12-11 15:05:39.187837568,22.89,32.28,31.33,64,72,1,Autumn,Monday,4.14,64,2065.92,600.96
P-0036,Electronics,2023-12-11 18:35:56.111222244,246.92,321.96,313.03,14,16,0,Autumn,Monday,4.81,14,4507.44,1050.56
P-0023,Beauty,2023-12-11 22:06:13.034606920,46.71,73.2,73.72,18,116,0,Autumn,Monday,2.87,18,1317.6,476.82
P-0035,Sports,2023-12-12 01:36:29.957991600,85.38,144.27,139.08,28,28,1,Autumn,Tuesday,3.83,28,4039.56,1648.92
P-0091,Grocery,2023-12-12 05:06:46.881376276,15.01,25.57,24.16,29,106,0,Autumn,Tuesday,3.41,29,741.53,306.24
P-0035,Grocery,2023-12-12 08:37:03.804760952,19.69,31.65,30.77,30,169,0,Autumn,Tuesday,3.48,30,949.5,358.8
P-0065,Home,2023-12-12 12:07:20.728145628,102.09,184.48,181.86,19,107,0,Autumn,Tuesday,4.54,19,3505.12,1565.41
P-0085,Home,2023-12-12 15:37:37.651530308,75.05,116.23,113.33,37,181,1,Autumn,Tuesday,3.86,37,4300.51,1523.66
P-0028,Home,2023-12-12 19:07:54.574914984,101.49,170.76,174.87,22,87,0,Autumn,Tuesday,3.05,22,3756.72,1523.94
P-0047,Beauty,2023-12-12 22:38:11.498299660,62.98,90.69,101.1,26,113,0,Autumn,Tuesday,4.03,26,2357.94,720.46
P-0082,Beauty,2023-12-13 02:08:28.421684336,50.59,60.22,65.58,38,229,0,Autumn,Wednesday,5.0,38,2288.36,365.94
P-0034,Home,2023-12-13 05:38:45.345069016,80.27,139.59,136.1,20,74,0,Autumn,Wednesday,3.29,20,2791.8,1186.4
P-0067,Home,2023-12-13 09:09:02.268453692,87.79,152.09,137.95,41,137,1,Autumn,Wednesday,4.34,41,6235.69,2636.3
P-0018,Home,2023-12-13 12:39:19.191838368,80.32,114.56,129.27,37,190,0,Autumn,Wednesday,4.81,37,4238.72,1266.88
P-0092,Home,2023-12-13 16:09:36.115223044,93.46,127.42,126.09,21,103,0,Autumn,Wednesday,4.08,21,2675.82,713.16
P-0013,Electronics,2023-12-13 19:39:53.038607720,213.43,299.21,318.14,23,89,1,Autumn,Wednesday,4.97,23,6881.83,1972.94
P-0069,Sports,2023-12-13 23:10:09.961992400,76.08,133.91,131.95,17,185,0,Autumn,Wednesday,3.8,17,2276.47,983.11
P-0098,Beauty,2023-12-14 02:40:26.885377076,69.73,101.14,95.42,20,33,0,Autumn,Thursday,4.75,20,2022.8,628.2
P-0015,Electronics,2023-12-14 06:10:43.808761752,185.83,245.43,232.3,27,80,1,Autumn,Thursday,4.64,27,6626.61,1609.2
P-0049,Grocery,2023-12-14 09:41:00.732146428,29.34,43.03,40.83,38,115,0,Autumn,Thursday,4.09,38,1635.14,520.22
P-0095,Grocery,2023-12-14 13:11:17.655531108,20.0,32.39,30.36,37,68,0,Autumn,Thursday,3.43,37,1198.43,458.43
P-0008,Home,2023-12-14 16:41:34.578915784,96.11,146.77,163.55,22,147,0,Autumn,Thursday,3.65,22,3228.94,1114.52
P-0031,Electronics,2023-12-14 20:11:51.502300460,249.75,401.47,400.55,9,166,0,Autumn,Thursday,3.05,9,3613.23,1365.48
P-0091,Electronics,2023-12-14 23:42:08.425685136,248.01,410.49,435.38,8,251,0,Autumn,Thursday,4.37,8,3283.92,1299.84
P-0014,Electronics,2023-12-15 03:12:25.349069816,195.88,323.65,293.93,18,162,0,Autumn,Friday,4.31,18,5825.7,2299.86
P-0096,Grocery,2023-12-15 06:42:42.272454492,26.13,40.88,38.28,30,160,0,Autumn,Friday,4.14,30,1226.4,442.5
P-0075,Sports,2023-12-15 10:12:59.195839168,85.39,106.53,117.61,30,192,0,Autumn,Friday,4.04,30,3195.9,634.2
P-0024,Electronics,2023-12-15 13:43:16.119223844,191.86,246.64,262.84,25,66,0,Autumn,Friday,4.71,25,6166.0,1369.5
P-0021,Grocery,2023-12-15 17:13:33.042608524,26.37,43.17,43.64,43,130,1,Autumn,Friday,4.23,43,1856.31,722.4
P-0032,Electronics,2023-12-15 20:43:49.965993200,272.58,391.96,352.77,23,218,1,Autumn,Friday,3.85,23,9015.08,2745.74
P-0053,Beauty,2023-12-16 00:14:06.889377876,59.15,74.16,81.83,41,58,1,Autumn,Saturday,4.17,41,3040.56,615.41
P-0097,Grocery,2023-12-16 03:44:23.812762552,26.17,46.2,45.46,50,86,0,Autumn,Saturday,5.0,50,2310.0,1001.5
P-0080,Home,2023-12-16 07:14:40.736147228,105.22,158.63,164.91,21,68,0,Autumn,Saturday,4.38,21,3331.23,1121.61
P-0002,Electronics,2023-12-16 10:44:57.659531908,160.91,212.47,205.26,9,250,0,Autumn,Saturday,3.92,9,1912.23,464.04
P-0059,Beauty,2023-12-16 14:15:14.582916584,59.05,100.13,96.68,24,101,0,Autumn,Saturday,4.08,24,2403.12,985.92
P-0033,Sports,2023-12-16 17:45:31.506301260,66.99,96.03,102.41,41,94,1,Autumn,Saturday,4.31,41,3937.23,1190.64
P-0054,Home,2023-12-16 21:15:48.429685936,86.03,158.12,147.97,24,214,0,Autumn,Saturday,3.91,24,3794.88,1730.16
P-0044,Electronics,2023-12-17 00:46:05.353070616,282.64,414.33,459.39,16,237,0,Autumn,Sunday,3.87,16,6629.28,2107.04
P-0059,Electronics,2023-12-17 04:16:22.276455292,201.49,271.63,252.36,9,16,0,Autumn,Sunday,4.09,9,2444.67,631.26
P-0078,Beauty,2023-12-17 07:46:39.199839968,48.49,61.53,66.1,28,230,0,Autumn,Sunday,4.78,28,1722.84,365.12
P-0024,Beauty,2023-12-17 11:16:56.123224644,65.14,92.62,90.67,36,188,1,Autumn,Sunday,4.46,36,3334.32,989.28
P-0037,Grocery,2023-12-17 14:47:13.046609324,20.36,32.09,33.31,48,226,0,Autumn,Sunday,3.92,48,1540.32,563.04
P-0005,Grocery,2023-12-17 18:17:29.969994000,22.28,34.99,34.09,36,36,0,Autumn,Sunday,4.49,36,1259.64,457.56
P-0034,Sports,2023-12-17 21:47:46.893378676,95.99,150.55,159.45,17,24,0,Autumn,Sunday,4.1,17,2559.35,927.52
P-0099,Grocery,2023-12-18 01:18:03.816763352,24.16,37.62,37.01,39,97,0,Autumn,Monday,4.26,39,1467.18,524.94
P-0073,Home,2023-12-18 04:48:20.740148028,71.26,89.88,101.91,33,223,0,Autumn,Monday,4.21,33,2966.04,614.46
P-0068,Beauty,2023-12-18 08:18:37.663532708,59.79,75.8,78.15,15,137,0,Autumn,Monday,3.15,15,1137.0,240.15
P-0085,Home,2023-12-18 11:48:54.586917384,88.97,130.62,121.13,25,191,1,Autumn,Monday,2.73,25,3265.5,1041.25
P-0057,Home,2023-12-18 15:19:11.510302060,118.41,172.56,174.11,33,75,1,Autumn,Monday,4.2,33,5694.48,1786.95
P-0010,Sports,2023-12-18 18:49:28.433686736,72.24,112.19,112.21,15,96,0,Autumn,Monday,3.72,15,1682.85,599.25
P-0066,Grocery,2023-12-18 22:19:45.357071416,28.04,50.98,49.53,42,230,1,Autumn,Monday,3.36,42,2141.16,963.48
P-0015,Sports,2023-12-19 01:50:02.280456092,102.73,139.72,141.96,34,135,0,Autumn,Tuesday,3.73,34,4750.48,1257.66
P-0020,Home,2023-12-19 05:20:19.203840768,82.07,144.34,132.65,22,206,0,Autumn,Tuesday,4.52,22,3175.48,1369.94
P-0066,Beauty,2023-12-19 08:50:36.127225444,53.3,69.45,71.1,24,171,0,Autumn,Tuesday,4.26,24,1666.8,387.6
P-0093,Beauty,2023-12-19 12:20:53.050610124,58.42,106.15,95.96,30,58,1,Autumn,Tuesday,4.45,30,3184.5,1431.9
P-0032,Electronics,2023-12-19 15:51:09.973994800,181.19,248.21,227.62,23,246,1,Autumn,Tuesday,4.3,23,5708.83,1541.46
P-0031,Home,2023-12-19 19:21:26.897379476,99.11,156.62,159.64,19,246,0,Autumn,Tuesday,3.69,19,2975.78,1092.69
P-0067,Beauty,2023-12-19 22:51:43.820764152,53.02,68.74,71.03,21,206,0,Autumn,Tuesday,4.45,21,1443.54,330.12
P-0032,Electronics,2023-12-20 02:22:00.744148832,201.77,283.76,272.22,22,130,1,Autumn,Wednesday,4.36,22,6242.72,1803.78
P-0018,Sports,2023-12-20 05:52:17.667533508,80.63,133.26,125.57,33,119,0,Autumn,Wednesday,4.05,33,4397.58,1736.79
P-0024,Electronics,2023-12-20 09:22:34.590918184,212.39,286.02,309.34,21,87,0,Autumn,Wednesday,4.13,21,6006.42,1546.23
P-0081,Electronics,2023-12-20 12:52:51.514302860,215.51,305.04,325.25,17,173,0,Autumn,Wednesday,4.46,17,5185.68,1522.01
P-0062,Grocery,2023-12-20 16:23:08.437687536,21.7,28.19,30.81,31,90,0,Autumn,Wednesday,3.76,31,873.89,201.19
P-0033,Electronics,2023-12-20 19:53:25.361072216,191.35,360.77,339.53,20,60,0,Autumn,Wednesday,4.59,20,7215.4,3388.4
P-0100,Sports,2023-12-20 23:23:42.284456892,78.48,116.34,110.65,26,29,0,Autumn,Wednesday,4.35,26,3024.84,984.36
P-0034,Grocery,2023-12-21 02:53:59.207841568,23.83,34.14,36.89,58,118,1,Autumn,Thursday,4.1,58,1980.12,597.98
P-0069,Electronics,2023-12-21 06:24:16.131226244,195.25,338.78,335.81,20,214,0,Autumn,Thursday,4.79,20,6775.6,2870.6
P-0018,Grocery,2023-12-21 09:54:33.054610924,25.24,43.36,40.77,29,208,0,Autumn,Thursday,3.52,29,1257.44,525.48
P-0094,Grocery,2023-12-21 13:24:49.977995600,17.03,26.92,24.31,28,223,0,Autumn,Thursday,3.89,28,753.76,276.92
P-0022,Grocery,2023-12-21 16:55:06.901380276,21.2,30.4,32.94,35,163,0,Autumn,Thursday,3.79,35,1064.0,322.0
P-0044,Grocery,2023-12-21 20:25:23.824764952,22.93,28.31,29.71,50,227,0,Autumn,Thursday,4.26,50,1415.5,269.0
P-0060,Grocery,2023-12-21 23:55:40.748149632,20.71,30.93,32.1,39,206,0,Autumn,Thursday,4.63,39,1206.27,398.58
P-0053,Beauty,2023-12-22 03:25:57.671534308,69.34,106.22,103.13,27,212,0,Autumn,Friday,3.66,27,2867.94,995.76
P-0059,Home,2023-12-22 06:56:14.594918984,95.29,144.98,158.84,54,139,1,Autumn,Friday,5.0,54,7828.92,2683.26
P-0078,Grocery,2023-12-22 10:26:31.518303660,24.68,39.24,42.36,35,35,0,Autumn,Friday,3.8,35,1373.4,509.6
P-0083,Sports,2023-12-22 13:56:48.441688340,73.81,107.13,100.37,20,108,0,Autumn,Friday,4.26,20,2142.6,666.4
P-0034,Beauty,2023-12-22 17:27:05.365073016,54.86,71.76,71.04,37,222,1,Autumn,Friday,4.1,37,2655.12,625.3
P-0064,Grocery,2023-12-22 20:57:22.288457692,19.33,26.0,28.31,44,196,0,Autumn,Friday,4.12,44,1144.0,293.48
P-0057,Home,2023-12-23 00:27:39.211842368,92.42,138.86,142.68,18,18,0,Autumn,Saturday,3.74,18,2499.48,835.92
P-0043,Grocery,2023-12-23 03:57:56.135227044,20.4,27.12,29.73,37,37,1,Autumn,Saturday,4.58,37,1003.44,248.64
P-0051,Sports,2023-12-23 07:28:13.058611724,76.45,117.97,121.99,27,176,0,Autumn,Saturday,3.72,27,3185.19,1121.04
P-0081,Electronics,2023-12-23 10:58:29.981996400,123.99,184.93,189.47,13,254,0,Autumn,Saturday,3.3,13,2404.09,792.22
P-0068,Electronics,2023-12-23 14:28:46.905381076,172.1,275.5,303.78,13,194,0,Autumn,Saturday,3.6,13,3581.5,1344.2
P-0002,Beauty,2023-12-23 17:59:03.828765752,67.88,89.55,100.13,32,247,1,Autumn,Saturday,4.75,32,2865.6,693.44
P-0007,Beauty,2023-12-23 21:29:20.752150432,62.31,88.1,80.71,29,31,0,Autumn,Saturday,4.66,29,2554.9,747.91
P-0071,Beauty,2023-12-24 00:59:37.675535108,66.61,103.1,94.32,34,230,1,Autumn,Sunday,3.2,34,3505.4,1240.66
P-0054,Electronics,2023-12-24 04:29:54.598919784,256.63,357.8,406.31,27,46,0,Autumn,Sunday,4.47,27,9660.6,2731.59
P-0055,Home,2023-12-24 08:00:11.522304460,105.23,151.32,146.36,17,231,0,Autumn,Sunday,3.21,17,2572.44,783.53
P-0085,Beauty,2023-12-24 11:30:28.445689140,51.01,64.36,71.31,43,253,1,Autumn,Sunday,4.09,43,2767.48,574.05
P-0023,Beauty,2023-12-24 15:00:45.369073816,45.87,70.81,65.9,44,140,1,Autumn,Sunday,3.56,44,3115.64,1097.36
P-0026,Grocery,2023-12-24 18:31:02.292458492,28.4,51.45,47.15,54,145,0,Autumn,Sunday,4.5,54,2778.3,1244.7
P-0064,Grocery,2023-12-24 22:01:19.215843168,24.25,44.05,42.85,44,136,0,Autumn,Sunday,4.35,44,1938.2,871.2
P-0079,Grocery,2023-12-25 01:31:36.139227844,33.58,49.77,48.45,50,150,0,Autumn,Monday,4.54,50,2488.5,809.5
P-0099,Grocery,2023-12-25 05:01:53.062612524,22.6,29.73,30.68,35,215,0,Autumn,Monday,3.97,35,1040.55,249.55
P-0093,Grocery,2023-12-25 08:32:09.985997200,31.58,43.97,46.78,39,83,0,Autumn,Monday,4.01,39,1714.83,483.21
P-0035,Beauty,2023-12-25 12:02:26.909381876,53.62,77.39,77.4,17,84,0,Autumn,Monday,3.43,17,1315.63,404.09
P-0018,Beauty,2023-12-25 15:32:43.832766552,66.76,109.27,119.8,33,252,1,Autumn,Monday,3.64,33,3605.91,1402.83
P-0064,Electronics,2023-12-25 19:03:00.756151232,267.01,418.49,401.88,26,223,0,Autumn,Monday,4.53,26,10880.74,3938.48
P-0019,Home,2023-12-25 22:33:17.679535908,79.45,128.07,129.0,26,147,0,Autumn,Monday,4.27,26,3329.82,1264.12
P-0044,Beauty,2023-12-26 02:03:34.602920584,50.73,82.03,88.91,29,64,0,Autumn,Tuesday,4.15,29,2378.87,907.7
P-0031,Sports,2023-12-26 05:33:51.526305260,66.78,108.84,106.58,16,249,0,Autumn,Tuesday,4.67,16,1741.44,672.96
P-0040,Grocery,2023-12-26 09:04:08.449689940,19.28,28.64,26.74,38,230,0,Autumn,Tuesday,3.51,38,1088.32,355.68
P-0089,Electronics,2023-12-26 12:34:25.373074616,232.41,376.0,368.15,18,95,0,Autumn,Tuesday,4.42,18,6768.0,2584.62
P-0031,Beauty,2023-12-26 16:04:42.296459292,53.27,78.92,78.36,27,147,0,Autumn,Tuesday,3.57,27,2130.84,692.55
P-0086,Home,2023-12-26 19:34:59.219843968,95.8,153.85,142.0,29,117,0,Autumn,Tuesday,4.77,29,4461.65,1683.45
P-0023,Grocery,2023-12-26 23:05:16.143228648,26.14,41.26,46.75,48,221,0,Autumn,Tuesday,4.35,48,1980.48,725.76
P-0030,Grocery,2023-12-27 02:35:33.066613324,16.87,24.33,23.67,47,183,1,Autumn,Wednesday,4.53,47,1143.51,350.62
P-0024,Beauty,2023-12-27 06:05:49.989998000,66.32,97.83,100.0,24,135,0,Autumn,Wednesday,3.78,24,2347.92,756.24
P-0075,Beauty,2023-12-27 09:36:06.913382676,51.93,64.37,69.48,33,252,0,Autumn,Wednesday,5.0,33,2124.21,410.52
P-0078,Home,2023-12-27 13:06:23.836767352,103.09,154.99,138.99,31,164,0,Autumn,Wednesday,5.0,31,4804.69,1608.9
P-0004,Beauty,2023-12-27 16:36:40.760152032,60.46,93.43,95.64,26,133,0,Autumn,Wednesday,4.29,26,2429.18,857.22
P-0033,Sports,2023-12-27 20:06:57.683536708,97.55,155.82,162.23,44,242,1,Autumn,Wednesday,4.63,44,6856.08,2563.88
P-0094,Grocery,2023-12-27 23:37:14.606921384,23.6,34.76,37.76,39,125,0,Autumn,Wednesday,3.96,39,1355.64,435.24
P-0053,Beauty,2023-12-28 03:07:31.530306060,36.31,58.17,51.96,23,117,1,Autumn,Thursday,3.53,23,1337.91,502.78
P-0018,Home,2023-12-28 06:37:48.453690740,95.87,133.49,122.98,20,110,0,Autumn,Thursday,4.46,20,2669.8,752.4
P-0022,Electronics,2023-12-28 10:08:05.377075416,216.74,293.23,326.98,28,68,1,Autumn,Thursday,3.69,28,8210.44,2141.72
P-0047,Electronics,2023-12-28 13:38:22.300460092,175.25,271.89,267.67,15,83,0,Autumn,Thursday,4.69,15,4078.35,1449.6
P-0022,Electronics,2023-12-28 17:08:39.223844768,214.96,329.36,359.81,18,37,0,Autumn,Thursday,4.57,18,5928.48,2059.2
P-0044,Home,2023-12-28 20:38:56.147229448,89.51,150.84,143.41,14,193,0,Autumn,Thursday,4.21,14,2111.76,858.62
P-0059,Sports,2023-12-29 00:09:13.070614124,62.81,108.2,108.61,27,159,0,Autumn,Friday,4.18,27,2921.4,1225.53
P-0047,Beauty,2023-12-29 03:39:29.993998800,60.91,92.8,102.37,28,243,0,Autumn,Friday,4.55,28,2598.4,892.92
P-0059,Home,2023-12-29 07:09:46.917383476,86.43,127.15,125.43,23,164,0,Autumn,Friday,4.22,23,2924.45,936.56
P-0006,Electronics,2023-12-29 10:40:03.840768156,196.35,344.63,313.71,10,34,0,Autumn,Friday,3.92,10,3446.3,1482.8
P-0051,Home,2023-12-29 14:10:20.764152832,87.97,140.55,146.12,32,167,1,Autumn,Friday,3.42,32,4497.6,1682.56
P-0006,Grocery,2023-12-29 17:40:37.687537508,28.74,45.55,51.05,38,57,0,Autumn,Friday,4.53,38,1730.9,638.78
P-0070,Home,2023-12-29 21:10:54.610922184,94.38,154.85,139.9,19,24,0,Autumn,Friday,4.26,19,2942.15,1148.93
P-0053,Grocery,2023-12-30 00:41:11.534306860,24.3,35.68,39.04,39,177,0,Autumn,Saturday,5.0,39,1391.52,443.82
P-0064,Grocery,2023-12-30 04:11:28.457691540,22.31,32.51,32.71,21,21,1,Autumn,Saturday,4.06,21,682.71,214.2
P-0034,Electronics,2023-12-30 07:41:45.381076216,225.55,377.47,373.47,14,115,0,Autumn,Saturday,4.24,14,5284.58,2126.88
P-0021,Beauty,2023-12-30 11:12:02.304460892,66.87,109.74,117.13,40,234,0,Autumn,Saturday,4.25,40,4389.6,1714.8
P-0068,Sports,2023-12-30 14:42:19.227845568,88.29,143.0,155.0,36,77,0,Autumn,Saturday,4.39,36,5148.0,1969.56
P-0006,Home,2023-12-30 18:12:36.151230248,105.44,127.83,140.91,29,185,0,Autumn,Saturday,3.66,29,3707.07,649.31
P-0049,Electronics,2023-12-30 21:42:53.074614924,230.37,281.43,313.82,13,107,0,Autumn,Saturday,4.07,13,3658.59,663.78
P-0027,Sports,2023-12-31 01:13:09.997999600,62.33,103.99,103.79,27,42,0,Autumn,Sunday,4.47,27,2807.73,1124.82
P-0036,Sports,2023-12-31 04:43:26.921384276,68.79,118.88,109.86,34,63,1,Autumn,Sunday,3.95,34,4041.92,1703.06
P-0044,Beauty,2023-12-31 08:13:43.844768956,53.2,84.65,92.98,33,33,1,Autumn,Sunday,4.46,33,2793.45,1037.85
P-0046,Beauty,2023-12-31 11:44:00.768153632,48.61,72.48,69.15,36,51,0,Autumn,Sunday,4.14,36,2609.28,859.32
P-0021,Electronics,2023-12-31 15:14:17.691538308,174.23,292.78,299.05,17,54,0,Autumn,Sunday,4.28,17,4977.26,2015.35
P-0013,Grocery,2023-12-31 18:44:34.614922984,16.81,24.28,27.33,46,231,1,Autumn,Sunday,4.62,46,1116.88,343.62
P-0049,Beauty,2023-12-31 22:14:51.538307660,43.15,59.09,58.58,22,212,0,Autumn,Sunday,4.0,22,1299.98,350.68
P-0029,Electronics,2024-01-01 01:45:08.461692340,201.38,249.92,265.74,16,101,0,Winter,Monday,3.45,16,3998.72,776.64
P-0004,Grocery,2024-01-01 05:15:25.385077016,23.73,39.81,38.83,39,192,0,Winter,Monday,3.98,39,1552.59,627.12
P-0086,Sports,2024-01-01 08:45:42.308461692,69.85,90.02,93.4,23,65,0,Winter,Monday,3.73,23,2070.46,463.91
P-0048,Grocery,2024-01-01 12:15:59.231846368,24.3,42.63,40.99,33,171,0,Winter,Monday,3.14,33,1406.79,604.89
P-0009,Home,2024-01-01 15:46:16.155231048,88.41,151.42,137.6,18,64,0,Winter,Monday,4.05,18,2725.56,1134.18
P-0036,Electronics,2024-01-01 19:16:33.078615724,246.64,350.12,372.99,21,171,0,Winter,Monday,4.19,21,7352.52,2173.08
P-0012,Sports,2024-01-01 22:46:50.002000400,77.93,120.75,109.22,17,102,0,Winter,Monday,4.56,17,2052.75,727.94
P-0096,Sports,2024-01-02 02:17:06.925385076,88.91,147.95,159.25,28,225,0,Winter,Tuesday,3.59,28,4142.6,1653.12
P-0049,Beauty,2024-01-02 05:47:23.848769756,56.79,83.9,93.54,30,219,0,Winter,Tuesday,4.14,30,2517.0,813.3
P-0088,Grocery,2024-01-02 09:17:40.772154432,18.62,28.94,31.24,53,96,1,Winter,Tuesday,4.61,53,1533.82,546.96
P-0035,Beauty,2024-01-02 12:47:57.695539108,54.2,97.52,90.67,25,25,1,Winter,Tuesday,3.84,25,2438.0,1083.0
P-0096,Home,2024-01-02 16:18:14.618923784,76.22,124.86,119.76,36,93,1,Winter,Tuesday,4.34,36,4494.96,1751.04
P-0094,Electronics,2024-01-02 19:48:31.542308464,206.37,405.82,364.62,31,84,1,Winter,Tuesday,4.82,31,12580.42,6182.95
P-0066,Electronics,2024-01-02 23:18:48.465693140,184.96,305.22,290.59,10,119,0,Winter,Tuesday,3.26,10,3052.2,1202.6
P-0042,Home,2024-01-03 02:49:05.389077816,100.81,151.6,154.85,18,155,0,Winter,Wednesday,4.22,18,2728.8,914.22
P-0098,Grocery,2024-01-03 06:19:22.312462492,18.85,28.89,26.4,38,257,0,Winter,Wednesday,4.62,38,1097.82,381.52
P-0058,Electronics,2024-01-03 09:49:39.235847168,210.49,328.25,295.73,4,30,0,Winter,Wednesday,3.94,4,1313.0,471.04
P-0019,Home,2024-01-03 13:19:56.159231848,103.7,183.67,171.65,21,150,0,Winter,Wednesday,4.72,21,3857.07,1679.37
P-0008,Beauty,2024-01-03 16:50:13.082616524,62.99,91.57,90.34,25,57,0,Winter,Wednesday,4.39,25,2289.25,714.5
P-0054,Electronics,2024-01-03 20:20:30.006001200,184.32,328.06,304.27,29,148,1,Winter,Wednesday,4.9,29,9513.74,4168.46
P-0025,Electronics,2024-01-03 23:50:46.929385876,210.6,344.82,373.6,24,171,0,Winter,Wednesday,4.36,24,8275.68,3221.28
P-0075,Beauty,2024-01-04 03:21:03.852770556,56.62,92.58,84.46,28,213,0,Winter,Thursday,4.93,28,2592.24,1006.88
P-0055,Home,2024-01-04 06:51:20.776155232,118.52,173.01,154.49,36,152,1,Winter,Thursday,4.24,36,6228.36,1961.64
P-0049,Grocery,2024-01-04 10:21:37.699539908,18.31,30.77,29.6,31,58,0,Winter,Thursday,3.48,31,953.87,386.26
P-0029,Sports,2024-01-04 13:51:54.622924584,68.34,79.52,85.78,39,238,1,Winter,Thursday,3.82,39,3101.28,436.02
P-0022,Electronics,2024-01-04 17:22:11.546309264,304.23,468.28,511.97,26,114,0,Winter,Thursday,4.56,26,12175.28,4265.3
P-0021,Sports,2024-01-04 20:52:28.469693940,76.5,130.72,117.74,36,132,1,Winter,Thursday,4.55,36,4705.92,1951.92
P-0066,Sports,2024-01-05 00:22:45.393078616,55.8,92.34,84.78,32,172,1,Winter,Friday,3.96,32,2954.88,1169.28
P-0079,Grocery,2024-01-05 03:53:02.316463292,21.76,36.05,34.02,37,79,0,Winter,Friday,4.91,37,1333.85,528.73
P-0098,Grocery,2024-01-05 07:23:19.239847968,13.37,22.72,20.51,25,257,0,Winter,Friday,3.94,25,568.0,233.75
P-0068,Grocery,2024-01-05 10:53:36.163232648,24.93,35.63,35.6,25,25,1,Winter,Friday,4.31,25,890.75,267.5
P-0053,Grocery,2024-01-05 14:23:53.086617324,27.11,41.62,38.08,35,52,0,Winter,Friday,4.3,35,1456.7,507.85
P-0069,Grocery,2024-01-05 17:54:10.010002000,20.5,27.86,30.31,47,257,0,Winter,Friday,3.5,47,1309.42,345.92
P-0025,Electronics,2024-01-05 21:24:26.933386676,194.18,312.55,338.3,20,125,0,Winter,Friday,4.05,20,6251.0,2367.4
P-0088,Sports,2024-01-06 00:54:43.856771356,91.82,121.97,121.61,31,233,0,Winter,Saturday,5.0,31,3781.07,934.65
P-0005,Beauty,2024-01-06 04:25:00.780156032,39.6,54.3,56.57,25,236,0,Winter,Saturday,3.68,25,1357.5,367.5
P-0091,Grocery,2024-01-06 07:55:17.703540708,18.93,25.24,25.66,40,257,1,Winter,Saturday,4.38,40,1009.6,252.4
P-0011,Home,2024-01-06 11:25:34.626925384,91.53,145.65,135.92,28,192,0,Winter,Saturday,3.58,28,4078.2,1515.36
P-0095,Electronics,2024-01-06 14:55:51.550310064,184.72,218.26,244.46,21,182,0,Winter,Saturday,3.68,21,4583.46,704.34
P-0078,Beauty,2024-01-06 18:26:08.473694740,52.41,92.07,87.44,22,165,0,Winter,Saturday,3.46,22,2025.54,872.52
P-0042,Beauty,2024-01-06 21:56:25.397079416,43.88,51.68,57.35,32,182,0,Winter,Saturday,4.52,32,1653.76,249.6
P-0049,Home,2024-01-07 01:26:42.320464092,98.26,172.02,158.78,20,77,0,Winter,Sunday,3.71,20,3440.4,1475.2
P-0030,Home,2024-01-07 04:56:59.243848772,92.73,120.3,129.57,32,214,0,Winter,Sunday,4.67,32,3849.6,882.24
P-0021,Home,2024-01-07 08:27:16.167233448,103.35,164.83,156.03,25,60,0,Winter,Sunday,3.86,25,4120.75,1537.0
P-0032,Beauty,2024-01-07 11:57:33.090618124,56.76,78.89,77.19,38,132,0,Winter,Sunday,4.16,38,2997.82,840.94
P-0087,Home,2024-01-07 15:27:50.014002800,98.14,157.64,162.09,30,106,0,Winter,Sunday,4.29,30,4729.2,1785.0
P-0026,Sports,2024-01-07 18:58:06.937387476,61.49,102.85,108.93,24,201,0,Winter,Sunday,3.37,24,2468.4,992.64
P-0044,Electronics,2024-01-07 22:28:23.860772156,226.55,277.81,310.82,36,77,1,Winter,Sunday,4.19,36,10001.16,1845.36
P-0069,Home,2024-01-08 01:58:40.784156832,89.97,154.01,159.63,23,65,1,Winter,Monday,4.26,23,3542.23,1472.92
P-0080,Home,2024-01-08 05:28:57.707541508,92.47,122.63,132.13,43,213,1,Winter,Monday,4.61,43,5273.09,1296.88
P-0031,Beauty,2024-01-08 08:59:14.630926184,64.22,91.24,99.98,38,134,1,Winter,Monday,3.67,38,3467.12,1026.76
P-0082,Beauty,2024-01-08 12:29:31.554310864,48.67,84.18,79.62,27,191,0,Winter,Monday,3.73,27,2272.86,958.77
P-0018,Grocery,2024-01-08 15:59:48.477695540,29.19,36.95,39.69,47,230,1,Winter,Monday,4.4,47,1736.65,364.72
P-0072,Sports,2024-01-08 19:30:05.401080216,98.49,137.43,147.21,33,219,0,Winter,Monday,4.74,33,4535.19,1285.02
P-0011,Home,2024-01-08 23:00:22.324464892,106.44,131.77,137.02,23,112,1,Winter,Monday,3.83,23,3030.71,582.59
P-0098,Grocery,2024-01-09 02:30:39.247849572,20.23,32.74,33.04,38,56,0,Winter,Tuesday,3.54,38,1244.12,475.38
P-0010,Electronics,2024-01-09 06:00:56.171234248,136.54,202.62,201.96,17,250,0,Winter,Tuesday,3.96,17,3444.54,1123.36
P-0090,Home,2024-01-09 09:31:13.094618924,111.4,201.54,193.88,20,90,0,Winter,Tuesday,3.64,20,4030.8,1802.8
P-0077,Beauty,2024-01-09 13:01:30.018003600,55.98,80.08,78.41,33,203,0,Winter,Tuesday,4.28,33,2642.64,795.3
P-0013,Electronics,2024-01-09 16:31:46.941388280,184.96,323.73,325.16,8,203,0,Winter,Tuesday,3.61,8,2589.84,1110.16
P-0078,Beauty,2024-01-09 20:02:03.864772956,65.33,84.52,86.73,23,123,0,Winter,Tuesday,4.54,23,1943.96,441.37
P-0035,Grocery,2024-01-09 23:32:20.788157632,20.69,30.93,32.77,55,55,1,Winter,Tuesday,4.2,55,1701.15,563.2
P-0099,Grocery,2024-01-10 03:02:37.711542308,22.37,33.35,31.75,38,130,0,Winter,Wednesday,4.55,38,1267.3,417.24
P-0096,Beauty,2024-01-10 06:32:54.634926984,59.62,76.96,80.49,22,50,0,Winter,Wednesday,3.01,22,1693.12,381.48
P-0093,Beauty,2024-01-10 10:03:11.558311664,45.2,63.78,58.84,13,101,0,Winter,Wednesday,3.31,13,829.14,241.54
P-0066,Home,2024-01-10 13:33:28.481696340,93.34,153.44,150.33,22,108,0,Winter,Wednesday,4.68,22,3375.68,1322.2
P-0090,Electronics,2024-01-10 17:03:45.405081016,246.6,350.8,339.87,13,141,0,Winter,Wednesday,3.78,13,4560.4,1354.6
P-0045,Electronics,2024-01-10 20:34:02.328465692,217.09,340.48,339.76,13,60,0,Winter,Wednesday,3.44,13,4426.24,1604.07
P-0006,Grocery,2024-01-11 00:04:19.251850372,28.79,56.8,51.5,45,222,0,Winter,Thursday,4.01,45,2556.0,1260.45
P-0087,Sports,2024-01-11 03:34:36.175235048,94.51,132.03,134.56,21,34,0,Winter,Thursday,4.21,21,2772.63,787.92
P-0005,Electronics,2024-01-11 07:04:53.098619724,210.26,262.19,266.87,18,256,0,Winter,Thursday,4.03,18,4719.42,934.74
P-0064,Beauty,2024-01-11 10:35:10.022004400,34.44,50.08,45.76,22,91,0,Winter,Thursday,4.31,22,1101.76,344.08
P-0055,Grocery,2024-01-11 14:05:26.945389080,19.75,26.63,25.98,54,134,1,Winter,Thursday,4.25,54,1438.02,371.52
P-0038,Grocery,2024-01-11 17:35:43.868773756,26.93,40.03,40.52,55,229,1,Winter,Thursday,4.23,55,2201.65,720.5
P-0074,Beauty,2024-01-11 21:06:00.792158432,41.36,64.72,68.64,28,175,0,Winter,Thursday,4.71,28,1812.16,654.08
P-0028,Beauty,2024-01-12 00:36:17.715543108,52.13,69.15,73.66,28,28,0,Winter,Friday,4.09,28,1936.2,476.56
P-0094,Grocery,2024-01-12 04:06:34.638927784,25.3,36.08,33.65,41,163,1,Winter,Friday,4.08,41,1479.28,441.98
P-0086,Sports,2024-01-12 07:36:51.562312464,98.81,149.96,158.34,23,153,0,Winter,Friday,4.46,23,3449.08,1176.45
P-0092,Electronics,2024-01-12 11:07:08.485697140,190.68,237.92,269.94,27,243,0,Winter,Friday,4.35,27,6423.84,1275.48
P-0085,Sports,2024-01-12 14:37:25.409081816,71.76,99.44,112.4,25,152,0,Winter,Friday,3.69,25,2486.0,692.0
P-0083,Electronics,2024-01-12 18:07:42.332466492,208.24,409.42,367.25,9,258,0,Winter,Friday,4.06,9,3684.78,1810.62
P-0092,Grocery,2024-01-12 21:37:59.255851172,25.35,36.26,35.75,63,145,1,Winter,Friday,4.3,63,2284.38,687.33
P-0092,Electronics,2024-01-13 01:08:16.179235848,204.82,312.93,313.76,35,62,1,Winter,Saturday,3.84,35,10952.55,3783.85
P-0079,Electronics,2024-01-13 04:38:33.102620524,245.26,457.07,415.41,11,138,0,Winter,Saturday,3.86,11,5027.77,2329.91
P-0080,Electronics,2024-01-13 08:08:50.026005200,183.15,287.99,298.62,21,239,0,Winter,Saturday,3.47,21,6047.79,2201.64
P-0019,Beauty,2024-01-13 11:39:06.949389880,56.06,99.85,93.25,19,19,1,Winter,Saturday,2.8,19,1897.15,832.01
P-0018,Home,2024-01-13 15:09:23.872774556,101.77,179.53,170.46,18,112,0,Winter,Saturday,3.93,18,3231.54,1399.68
P-0039,Electronics,2024-01-13 18:39:40.796159232,196.55,302.38,304.05,19,26,0,Winter,Saturday,4.16,19,5745.22,2010.77
P-0037,Beauty,2024-01-13 22:09:57.719543908,62.39,102.73,96.38,23,221,0,Winter,Saturday,3.61,23,2362.79,927.82
P-0033,Home,2024-01-14 01:40:14.642928588,97.26,177.92,160.03,28,140,1,Winter,Sunday,4.72,28,4981.76,2258.48
P-0030,Grocery,2024-01-14 05:10:31.566313264,27.03,40.99,44.16,43,190,0,Winter,Sunday,3.63,43,1762.57,600.28
P-0026,Sports,2024-01-14 08:40:48.489697940,82.48,118.04,133.5,35,252,0,Winter,Sunday,4.51,35,4131.4,1244.6
P-0057,Grocery,2024-01-14 12:11:05.413082616,25.45,40.03,37.16,46,218,0,Winter,Sunday,4.29,46,1841.38,670.68
P-0080,Electronics,2024-01-14 15:41:22.336467292,188.75,314.5,321.95,24,114,0,Winter,Sunday,5.0,24,7548.0,3018.0
P-0082,Home,2024-01-14 19:11:39.259851972,85.41,119.12,117.86,24,244,0,Winter,Sunday,4.34,24,2858.88,809.04
P-0013,Sports,2024-01-14 22:41:56.183236648,95.67,119.27,127.78,46,130,1,Winter,Sunday,3.45,46,5486.42,1085.6
P-0055,Electronics,2024-01-15 02:12:13.106621324,231.35,360.43,333.11,25,254,1,Winter,Monday,4.57,25,9010.75,3227.0
P-0048,Home,2024-01-15 05:42:30.030006000,79.45,116.26,110.4,18,255,0,Winter,Monday,4.86,18,2092.68,662.58
P-0080,Sports,2024-01-15 09:12:46.953390680,82.32,147.39,132.93,19,69,0,Winter,Monday,3.3,19,2800.41,1236.33
P-0087,Sports,2024-01-15 12:43:03.876775356,49.62,67.92,68.33,33,205,1,Winter,Monday,4.39,33,2241.36,603.9
P-0034,Home,2024-01-15 16:13:20.800160032,86.28,154.9,139.0,25,185,0,Winter,Monday,4.49,25,3872.5,1715.5
P-0079,Grocery,2024-01-15 19:43:37.723544708,27.69,42.54,42.43,34,203,0,Winter,Monday,4.0,34,1446.36,504.9
P-0060,Beauty,2024-01-15 23:13:54.646929388,53.9,73.98,71.89,18,56,0,Winter,Monday,3.01,18,1331.64,361.44
P-0027,Grocery,2024-01-16 02:44:11.570314064,24.45,35.46,34.04,37,138,0,Winter,Tuesday,3.97,37,1312.02,407.37
P-0057,Electronics,2024-01-16 06:14:28.493698740,108.65,166.58,166.99,17,52,0,Winter,Tuesday,3.84,17,2831.86,984.81
P-0004,Electronics,2024-01-16 09:44:45.417083416,196.82,330.28,325.38,17,234,0,Winter,Tuesday,4.79,17,5614.76,2268.82
P-0006,Beauty,2024-01-16 13:15:02.340468096,57.98,79.51,85.17,31,228,0,Winter,Tuesday,4.06,31,2464.81,667.43
P-0042,Home,2024-01-16 16:45:19.263852772,102.07,136.01,140.66,15,157,0,Winter,Tuesday,3.91,15,2040.15,509.1
P-0096,Grocery,2024-01-16 20:15:36.187237448,27.7,41.02,39.12,33,46,0,Winter,Tuesday,3.84,33,1353.66,439.56
P-0060,Home,2024-01-16 23:45:53.110622124,91.8,106.32,119.55,24,175,0,Winter,Tuesday,4.25,24,2551.68,348.48
P-0068,Sports,2024-01-17 03:16:10.034006800,77.88,103.16,98.43,18,122,0,Winter,Wednesday,4.13,18,1856.88,455.04
P-0086,Grocery,2024-01-17 06:46:26.957391480,18.88,32.11,33.7,34,207,0,Winter,Wednesday,3.74,34,1091.74,449.82
P-0045,Beauty,2024-01-17 10:16:43.880776156,53.2,65.52,69.32,39,39,1,Winter,Wednesday,4.22,39,2555.28,480.48
P-0053,Grocery,2024-01-17 13:47:00.804160832,19.16,26.44,25.27,57,114,1,Winter,Wednesday,3.85,57,1507.08,414.96
P-0028,Home,2024-01-17 17:17:17.727545508,66.91,107.78,115.69,12,103,0,Winter,Wednesday,2.93,12,1293.36,490.44
P-0027,Beauty,2024-01-17 20:47:34.650930188,45.45,81.53,73.4,34,248,0,Winter,Wednesday,4.4,34,2772.02,1226.72
P-0092,Electronics,2024-01-18 00:17:51.574314864,260.69,434.13,388.39,25,88,1,Winter,Thursday,4.36,25,10853.25,4336.0
P-0070,Sports,2024-01-18 03:48:08.497699540,76.54,121.76,123.0,22,257,0,Winter,Thursday,4.19,22,2678.72,994.84
P-0014,Grocery,2024-01-18 07:18:25.421084216,24.84,42.78,43.82,49,240,1,Winter,Thursday,3.9,49,2096.22,879.06
P-0041,Sports,2024-01-18 10:48:42.344468896,73.43,86.12,95.8,26,158,0,Winter,Thursday,4.07,26,2239.12,329.94
P-0078,Sports,2024-01-18 14:18:59.267853572,57.08,84.28,79.0,19,57,0,Winter,Thursday,4.47,19,1601.32,516.8
P-0083,Sports,2024-01-18 17:49:16.191238248,91.98,145.67,158.5,22,69,0,Winter,Thursday,3.82,22,3204.74,1181.18
P-0066,Home,2024-01-18 21:19:33.114622924,61.98,114.91,104.09,19,19,0,Winter,Thursday,4.49,19,2183.29,1005.67
P-0003,Sports,2024-01-19 00:49:50.038007600,72.9,146.41,130.99,33,204,1,Winter,Friday,3.44,33,4831.53,2425.83
P-0038,Beauty,2024-01-19 04:20:06.961392280,54.52,70.53,77.56,33,192,0,Winter,Friday,4.18,33,2327.49,528.33
P-0042,Home,2024-01-19 07:50:23.884776956,98.5,181.97,174.31,23,93,0,Winter,Friday,4.11,23,4185.31,1919.81
P-0019,Beauty,2024-01-19 11:20:40.808161632,48.61,69.38,69.95,22,194,0,Winter,Friday,4.55,22,1526.36,456.94
P-0043,Home,2024-01-19 14:50:57.731546308,67.06,111.29,110.2,33,156,1,Winter,Friday,3.69,33,3672.57,1459.59
P-0037,Home,2024-01-19 18:21:14.654930988,82.82,132.68,143.73,25,215,1,Winter,Friday,3.74,25,3317.0,1246.5
P-0059,Home,2024-01-19 21:51:31.578315664,83.62,118.41,112.38,19,36,0,Winter,Friday,3.47,19,2249.79,661.01
P-0032,Electronics,2024-01-20 01:21:48.501700340,184.02,230.77,250.84,26,63,0,Winter,Saturday,3.84,26,6000.02,1215.5
P-0036,Beauty,2024-01-20 04:52:05.425085016,63.54,108.95,99.73,27,212,0,Winter,Saturday,4.21,27,2941.65,1226.07
P-0087,Sports,2024-01-20 08:22:22.348469696,64.47,109.29,110.51,21,105,0,Winter,Saturday,3.29,21,2295.09,941.22
P-0041,Grocery,2024-01-20 11:52:39.271854372,25.16,33.59,32.54,49,249,1,Winter,Saturday,3.9,49,1645.91,413.07
P-0020,Beauty,2024-01-20 15:22:56.195239048,56.39,106.69,96.88,40,230,1,Winter,Saturday,4.37,40,4267.6,2012.0
P-0074,Home,2024-01-20 18:53:13.118623724,109.6,166.68,157.68,23,38,1,Winter,Saturday,4.05,23,3833.64,1312.84
P-0027,Beauty,2024-01-20 22:23:30.042008404,53.83,80.09,79.31,30,113,0,Winter,Saturday,4.13,30,2402.7,787.8
P-0018,Electronics,2024-01-21 01:53:46.965393080,236.58,332.01,339.95,27,194,1,Winter,Sunday,3.42,27,8964.27,2576.61
P-0077,Grocery,2024-01-21 05:24:03.888777756,23.34,40.51,40.88,48,48,1,Winter,Sunday,4.05,48,1944.48,824.16
P-0024,Electronics,2024-01-21 08:54:20.812162432,224.6,285.63,296.91,20,225,0,Winter,Sunday,4.11,20,5712.6,1220.6
P-0001,Grocery,2024-01-21 12:24:37.735547108,18.23,31.61,28.55,37,39,1,Winter,Sunday,4.03,37,1169.57,495.06
P-0011,Grocery,2024-01-21 15:54:54.658931788,13.87,17.37,18.47,41,41,0,Winter,Sunday,4.17,41,712.17,143.5
P-0075,Beauty,2024-01-21 19:25:11.582316464,58.32,100.46,102.69,29,148,0,Winter,Sunday,3.96,29,2913.34,1222.06
P-0026,Sports,2024-01-21 22:55:28.505701140,85.52,154.07,144.43,24,75,0,Winter,Sunday,3.89,24,3697.68,1645.2
P-0040,Home,2024-01-22 02:25:45.429085816,102.23,136.34,140.93,32,171,0,Winter,Monday,3.63,32,4362.88,1091.52
P-0051,Sports,2024-01-22 05:56:02.352470496,73.28,113.21,103.6,32,111,0,Winter,Monday,4.54,32,3622.72,1277.76
P-0028,Grocery,2024-01-22 09:26:19.275855172,29.72,40.71,43.39,42,81,0,Winter,Monday,3.55,42,1709.82,461.58
P-0019,Grocery,2024-01-22 12:56:36.199239848,22.23,29.06,32.74,36,220,0,Winter,Monday,4.17,36,1046.16,245.88
P-0008,Grocery,2024-01-22 16:26:53.122624524,25.62,44.89,43.54,25,54,0,Winter,Monday,4.92,25,1122.25,481.75
P-0008,Grocery,2024-01-22 19:57:10.046009204,26.28,41.09,41.01,30,135,0,Winter,Monday,4.6,30,1232.7,444.3
P-0092,Sports,2024-01-22 23:27:26.969393880,102.0,167.26,151.51,23,56,0,Winter,Monday,4.33,23,3846.98,1500.98
P-0100,Home,2024-01-23 02:57:43.892778556,90.18,145.67,148.41,41,48,1,Winter,Tuesday,4.21,41,5972.47,2275.09
P-0065,Grocery,2024-01-23 06:28:00.816163232,21.49,29.45,32.27,39,65,0,Winter,Tuesday,4.04,39,1148.55,310.44
P-0046,Grocery,2024-01-23 09:58:17.739547912,18.25,23.12,24.1,51,77,1,Winter,Tuesday,3.69,51,1179.12,248.37
P-0082,Beauty,2024-01-23 13:28:34.662932588,68.66,87.58,89.88,42,115,1,Winter,Tuesday,3.99,42,3678.36,794.64
P-0084,Sports,2024-01-23 16:58:51.586317264,85.39,124.49,122.05,21,129,0,Winter,Tuesday,4.36,21,2614.29,821.1
P-0045,Home,2024-01-23 20:29:08.509701940,101.89,152.43,161.15,25,48,0,Winter,Tuesday,4.28,25,3810.75,1263.5
P-0074,Beauty,2024-01-23 23:59:25.433086616,82.43,110.47,109.15,24,24,0,Winter,Tuesday,4.45,24,2651.28,672.96
P-0010,Electronics,2024-01-24 03:29:42.356471296,220.92,376.58,342.99,26,38,1,Winter,Wednesday,4.65,26,9791.08,4047.16
P-0017,Home,2024-01-24 06:59:59.279855972,75.2,103.23,105.15,19,169,0,Winter,Wednesday,4.03,19,1961.37,532.57
P-0085,Grocery,2024-01-24 10:30:16.203240648,23.25,39.34,37.96,52,253,1,Winter,Wednesday,4.19,52,2045.68,836.68
P-0052,Home,2024-01-24 14:00:33.126625324,80.18,94.87,101.47,14,21,0,Winter,Wednesday,3.25,14,1328.18,205.66
P-0082,Home,2024-01-24 17:30:50.050010004,88.98,143.88,134.18,23,23,0,Winter,Wednesday,5.0,23,3309.24,1262.7
P-0057,Home,2024-01-24 21:01:06.973394680,88.88,107.37,113.65,23,206,0,Winter,Wednesday,3.91,23,2469.51,425.27
P-0012,Beauty,2024-01-25 00:31:23.896779356,49.83,72.72,71.35,41,192,1,Winter,Thursday,4.39,41,2981.52,938.49
P-0016,Grocery,2024-01-25 04:01:40.820164032,18.65,22.34,23.47,57,194,1,Winter,Thursday,3.91,57,1273.38,210.33
P-0054,Sports,2024-01-25 07:31:57.743548712,100.38,135.65,151.37,34,57,1,Winter,Thursday,3.9,34,4612.1,1199.18
P-0012,Electronics,2024-01-25 11:02:14.666933388,220.04,351.96,367.88,24,227,0,Winter,Thursday,3.99,24,8447.04,3166.08
P-0085,Beauty,2024-01-25 14:32:31.590318064,53.02,64.42,69.2,21,167,0,Winter,Thursday,3.54,21,1352.82,239.4
P-0027,Beauty,2024-01-25 18:02:48.513702740,61.67,111.65,102.03,35,53,1,Winter,Thursday,2.98,35,3907.75,1749.3
P-0070,Beauty,2024-01-25 21:33:05.437087416,59.15,87.72,92.94,37,43,0,Winter,Thursday,4.62,37,3245.64,1057.09
P-0027,Beauty,2024-01-26 01:03:22.360472096,57.43,97.72,87.73,19,162,0,Winter,Friday,4.35,19,1856.68,765.51
P-0078,Home,2024-01-26 04:33:39.283856772,105.41,166.21,166.52,20,205,0,Winter,Friday,3.69,20,3324.2,1216.0
P-0028,Beauty,2024-01-26 08:03:56.207241448,56.18,75.2,80.6,28,206,0,Winter,Friday,4.3,28,2105.6,532.56
P-0052,Beauty,2024-01-26 11:34:13.130626124,60.9,97.31,99.92,24,158,0,Winter,Friday,4.47,24,2335.44,873.84
P-0026,Beauty,2024-01-26 15:04:30.054010804,61.63,95.61,103.47,40,141,1,Winter,Friday,3.79,40,3824.4,1359.2
P-0088,Beauty,2024-01-26 18:34:46.977395480,56.43,102.27,94.69,29,185,0,Winter,Friday,4.29,29,2965.83,1329.36
P-0055,Grocery,2024-01-26 22:05:03.900780156,23.15,29.42,32.37,47,47,1,Winter,Friday,4.55,47,1382.74,294.69
P-0053,Grocery,2024-01-27 01:35:20.824164832,29.88,52.41,48.1,34,104,0,Winter,Saturday,3.45,34,1781.94,766.02
P-0030,Home,2024-01-27 05:05:37.747549512,87.74,104.09,116.82,31,39,1,Winter,Saturday,4.34,31,3226.79,506.85
P-0019,Grocery,2024-01-27 08:35:54.670934188,25.5,36.95,38.82,38,220,0,Winter,Saturday,4.26,38,1404.1,435.1
P-0078,Sports,2024-01-27 12:06:11.594318864,85.3,97.52,106.75,34,163,0,Winter,Saturday,4.95,34,3315.68,415.48
P-0006,Electronics,2024-01-27 15:36:28.517703540,189.52,268.51,257.08,20,205,1,Winter,Saturday,4.35,20,5370.2,1579.8
P-0006,Beauty,2024-01-27 19:06:45.441088220,47.89,76.73,76.5,26,136,0,Winter,Saturday,3.92,26,1994.98,749.84
P-0066,Home,2024-01-27 22:37:02.364472896,89.62,171.48,155.12,23,242,0,Winter,Saturday,3.97,23,3944.04,1882.78
P-0063,Grocery,2024-01-28 02:07:19.287857572,22.11,27.32,28.23,59,242,0,Winter,Sunday,5.0,59,1611.88,307.39
P-0033,Home,2024-01-28 05:37:36.211242248,72.84,100.93,113.43,26,166,0,Winter,Sunday,3.94,26,2624.18,730.34
P-0078,Grocery,2024-01-28 09:07:53.134626924,21.5,36.56,34.4,38,219,0,Winter,Sunday,4.36,38,1389.28,572.28
P-0006,Home,2024-01-28 12:38:10.058011604,99.05,177.94,174.61,20,176,0,Winter,Sunday,3.99,20,3558.8,1577.8
P-0044,Beauty,2024-01-28 16:08:26.981396280,66.14,114.88,106.51,28,192,0,Winter,Sunday,4.59,28,3216.64,1364.72
P-0091,Sports,2024-01-28 19:38:43.904780956,87.1,111.79,113.81,34,75,0,Winter,Sunday,4.61,34,3800.86,839.46
P-0032,Home,2024-01-28 23:09:00.828165632,55.49,78.06,73.84,22,255,0,Winter,Sunday,4.09,22,1717.32,496.54
P-0079,Sports,2024-01-29 02:39:17.751550312,88.21,129.97,141.11,21,60,0,Winter,Monday,3.92,21,2729.37,876.96
P-0031,Sports,2024-01-29 06:09:34.674934988,72.86,111.68,99.72,32,185,1,Winter,Monday,3.91,32,3573.76,1242.24
P-0024,Sports,2024-01-29 09:39:51.598319664,85.8,139.23,151.06,36,163,1,Winter,Monday,3.32,36,5012.28,1923.48
P-0033,Electronics,2024-01-29 13:10:08.521704340,209.53,397.14,368.01,13,37,0,Winter,Monday,4.15,13,5162.82,2438.93
P-0030,Grocery,2024-01-29 16:40:25.445089020,23.26,38.37,41.21,39,204,0,Winter,Monday,4.14,39,1496.43,589.29
P-0012,Electronics,2024-01-29 20:10:42.368473696,206.56,311.24,291.48,16,34,1,Winter,Monday,3.73,16,4979.84,1674.88
P-0091,Home,2024-01-29 23:40:59.291858372,94.66,169.14,155.65,23,139,1,Winter,Monday,3.27,23,3890.22,1713.04
P-0059,Sports,2024-01-30 03:11:16.215243048,97.21,171.15,156.96,27,214,0,Winter,Tuesday,4.19,27,4621.05,1996.38
P-0097,Grocery,2024-01-30 06:41:33.138627724,23.92,30.19,30.37,40,45,0,Winter,Tuesday,4.25,40,1207.6,250.8
P-0063,Beauty,2024-01-30 10:11:50.062012404,64.55,88.58,90.12,25,103,0,Winter,Tuesday,4.28,25,2214.5,600.75
P-0090,Home,2024-01-30 13:42:06.985397080,109.29,160.98,149.04,16,139,0,Winter,Tuesday,3.65,16,2575.68,827.04
P-0039,Grocery,2024-01-30 17:12:23.908781756,26.56,39.36,38.62,42,241,0,Winter,Tuesday,4.28,42,1653.12,537.6
P-0019,Grocery,2024-01-30 20:42:40.832166432,17.14,31.3,30.41,48,108,0,Winter,Tuesday,4.02,48,1502.4,679.68
P-0096,Beauty,2024-01-31 00:12:57.755551112,64.83,104.15,111.19,38,43,0,Winter,Wednesday,4.49,38,3957.7,1494.16
P-0083,Sports,2024-01-31 03:43:14.678935788,74.14,103.29,104.64,34,47,1,Winter,Wednesday,3.66,34,3511.86,991.1
P-0092,Home,2024-01-31 07:13:31.602320464,105.88,158.11,163.22,25,63,0,Winter,Wednesday,4.62,25,3952.75,1305.75
P-0093,Electronics,2024-01-31 10:43:48.525705140,177.32,249.94,240.4,18,227,1,Winter,Wednesday,4.78,18,4498.92,1307.16
P-0030,Grocery,2024-01-31 14:14:05.449089820,19.45,25.29,27.28,46,204,1,Winter,Wednesday,4.15,46,1163.34,268.64
P-0055,Sports,2024-01-31 17:44:22.372474496,105.3,132.33,135.39,27,117,0,Winter,Wednesday,4.28,27,3572.91,729.81
P-0074,Home,2024-01-31 21:14:39.295859172,80.45,139.8,129.0,16,222,0,Winter,Wednesday,4.45,16,2236.8,949.6
P-0088,Home,2024-02-01 00:44:56.219243848,112.42,183.16,181.14,29,240,1,Winter,Thursday,3.64,29,5311.64,2051.46
P-0012,Electronics,2024-02-01 04:15:13.142628528,213.98,400.96,366.16,17,227,0,Winter,Thursday,3.88,17,6816.32,3178.66
P-0094,Sports,2024-02-01 07:45:30.066013204,74.62,120.76,129.04,16,16,0,Winter,Thursday,4.18,16,1932.16,738.24
P-0076,Home,2024-02-01 11:15:46.989397880,94.32,124.38,126.2,25,39,0,Winter,Thursday,5.0,25,3109.5,751.5
P-0048,Beauty,2024-02-01 14:46:03.912782556,43.55,72.25,72.24,28,192,0,Winter,Thursday,3.56,28,2023.0,803.6
P-0074,Sports,2024-02-01 18:16:20.836167232,79.82,103.17,105.69,27,108,0,Winter,Thursday,4.84,27,2785.59,630.45
P-0029,Electronics,2024-02-01 21:46:37.759551912,173.62,263.9,252.71,23,53,1,Winter,Thursday,4.01,23,6069.7,2076.44
P-0036,Beauty,2024-02-02 01:16:54.682936588,51.52,72.35,79.01,35,173,0,Winter,Friday,4.08,35,2532.25,729.05
P-0020,Beauty,2024-02-02 04:47:11.606321264,63.14,81.02,80.64,41,102,1,Winter,Friday,4.65,41,3321.82,733.08
P-0039,Grocery,2024-02-02 08:17:28.529705940,24.98,30.49,33.38,40,240,0,Winter,Friday,5.0,40,1219.6,220.4
P-0031,Home,2024-02-02 11:47:45.453090620,72.47,104.53,101.39,39,156,1,Winter,Friday,4.29,39,4076.67,1250.34
P-0059,Home,2024-02-02 15:18:02.376475296,107.94,153.79,142.5,29,73,1,Winter,Friday,4.62,29,4459.91,1329.65
P-0044,Electronics,2024-02-02 18:48:19.299859972,209.76,327.34,369.96,20,243,0,Winter,Friday,3.69,20,6546.8,2351.6
P-0029,Grocery,2024-02-02 22:18:36.223244648,21.92,30.56,30.88,52,162,1,Winter,Friday,3.86,52,1589.12,449.28
P-0039,Grocery,2024-02-03 01:48:53.146629328,26.87,40.92,40.99,57,87,1,Winter,Saturday,3.49,57,2332.44,800.85
P-0058,Electronics,2024-02-03 05:19:10.070014004,204.38,386.92,367.49,17,50,0,Winter,Saturday,3.87,17,6577.64,3103.18
P-0080,Home,2024-02-03 08:49:26.993398680,77.28,108.36,120.68,46,150,1,Winter,Saturday,4.35,46,4984.56,1429.68
P-0089,Sports,2024-02-03 12:19:43.916783356,103.65,149.57,153.02,35,198,0,Winter,Saturday,4.2,35,5234.95,1607.2
P-0027,Electronics,2024-02-03 15:50:00.840168036,209.42,394.14,368.87,14,219,0,Winter,Saturday,4.88,14,5517.96,2586.08
P-0045,Home,2024-02-03 19:20:17.763552712,93.76,129.66,128.67,22,46,0,Winter,Saturday,5.0,22,2852.52,789.8
P-0072,Beauty,2024-02-03 22:50:34.686937388,51.44,73.54,69.38,24,120,0,Winter,Saturday,4.04,24,1764.96,530.4
P-0021,Home,2024-02-04 02:20:51.610322064,112.94,168.74,174.43,24,259,0,Winter,Sunday,3.79,24,4049.76,1339.2
P-0074,Home,2024-02-04 05:51:08.533706740,87.02,142.26,129.23,28,176,0,Winter,Sunday,4.62,28,3983.28,1546.72
P-0056,Beauty,2024-02-04 09:21:25.457091420,41.4,62.81,69.9,37,37,1,Winter,Sunday,4.67,37,2323.97,792.17
P-0014,Electronics,2024-02-04 12:51:42.380476096,187.2,214.94,238.33,23,239,0,Winter,Sunday,4.3,23,4943.62,638.02
P-0066,Beauty,2024-02-04 16:21:59.303860772,66.68,106.72,106.0,37,182,1,Winter,Sunday,4.42,37,3948.64,1481.48
P-0017,Grocery,2024-02-04 19:52:16.227245448,27.2,44.32,44.63,48,127,0,Winter,Sunday,4.35,48,2127.36,821.76
P-0053,Beauty,2024-02-04 23:22:33.150630128,52.76,97.28,94.15,32,205,0,Winter,Sunday,3.66,32,3112.96,1424.64
P-0032,Electronics,2024-02-05 02:52:50.074014804,256.14,318.55,340.71,31,173,1,Winter,Monday,3.55,31,9875.05,1934.71
P-0003,Grocery,2024-02-05 06:23:06.997399480,26.87,34.78,37.23,46,78,0,Winter,Monday,4.08,46,1599.88,363.86
P-0068,Electronics,2024-02-05 09:53:23.920784156,201.04,375.59,354.4,12,210,0,Winter,Monday,4.01,12,4507.08,2094.6
P-0067,Grocery,2024-02-05 13:23:40.844168836,23.36,35.44,37.3,62,77,1,Winter,Monday,4.22,62,2197.28,748.96
P-0028,Home,2024-02-05 16:53:57.767553512,100.01,134.04,127.11,16,71,0,Winter,Monday,4.04,16,2144.64,544.48
P-0004,Grocery,2024-02-05 20:24:14.690938188,20.81,27.81,26.9,38,161,0,Winter,Monday,3.33,38,1056.78,266.0
P-0089,Electronics,2024-02-05 23:54:31.614322864,210.15,318.12,353.47,15,19,0,Winter,Monday,3.15,15,4771.8,1619.55
P-0042,Electronics,2024-02-06 03:24:48.537707540,220.37,361.68,344.24,12,169,0,Winter,Tuesday,4.43,12,4340.16,1695.72
P-0086,Beauty,2024-02-06 06:55:05.461092220,40.15,68.38,62.67,22,149,0,Winter,Tuesday,3.8,22,1504.36,621.06
P-0042,Electronics,2024-02-06 10:25:22.384476896,203.64,379.93,353.1,13,191,0,Winter,Tuesday,4.0,13,4939.09,2291.77
P-0075,Home,2024-02-06 13:55:39.307861572,90.39,110.24,124.97,16,54,0,Winter,Tuesday,3.85,16,1763.84,317.6
P-0085,Grocery,2024-02-06 17:25:56.231246248,27.95,37.76,37.4,32,157,0,Winter,Tuesday,3.69,32,1208.32,313.92
P-0069,Grocery,2024-02-06 20:56:13.154630928,16.92,29.52,26.86,37,123,0,Winter,Tuesday,3.68,37,1092.24,466.2
P-0087,Electronics,2024-02-07 00:26:30.078015604,197.18,350.28,342.17,19,57,0,Winter,Wednesday,4.56,19,6655.32,2908.9
P-0007,Sports,2024-02-07 03:56:47.001400280,73.83,97.87,103.06,31,125,1,Winter,Wednesday,3.99,31,3033.97,745.24
P-0078,Grocery,2024-02-07 07:27:03.924784956,27.69,41.69,44.99,53,241,1,Winter,Wednesday,4.39,53,2209.57,742.0
P-0072,Sports,2024-02-07 10:57:20.848169636,79.44,110.66,105.96,19,216,0,Winter,Wednesday,4.45,19,2102.54,593.18
P-0082,Grocery,2024-02-07 14:27:37.771554312,30.9,44.25,41.55,48,55,1,Winter,Wednesday,4.24,48,2124.0,640.8
P-0064,Grocery,2024-02-07 17:57:54.694938988,26.54,50.92,46.33,46,222,1,Winter,Wednesday,4.46,46,2342.32,1121.48
P-0022,Beauty,2024-02-07 21:28:11.618323664,51.39,74.15,67.57,27,153,0,Winter,Wednesday,4.11,27,2002.05,614.52
P-0061,Grocery,2024-02-08 00:58:28.541708344,24.92,30.27,31.48,26,26,0,Winter,Thursday,4.71,26,787.02,139.1
P-0072,Sports,2024-02-08 04:28:45.465093020,75.47,129.65,126.5,30,240,0,Winter,Thursday,4.47,30,3889.5,1625.4
P-0100,Electronics,2024-02-08 07:59:02.388477696,238.88,313.12,346.23,19,143,0,Winter,Thursday,4.53,19,5949.28,1410.56
P-0075,Home,2024-02-08 11:29:19.311862372,74.75,99.07,109.75,24,238,0,Winter,Thursday,3.68,24,2377.68,583.68
P-0085,Electronics,2024-02-08 14:59:36.235247048,182.32,276.42,308.11,19,39,0,Winter,Thursday,4.22,19,5251.98,1787.9
P-0078,Sports,2024-02-08 18:29:53.158631728,85.83,127.65,115.78,24,56,1,Winter,Thursday,3.27,24,3063.6,1003.68
P-0011,Beauty,2024-02-08 22:00:10.082016404,65.79,96.95,105.77,49,235,0,Winter,Thursday,4.73,49,4750.55,1526.84
P-0080,Grocery,2024-02-09 01:30:27.005401080,15.54,22.01,22.1,34,73,0,Winter,Friday,3.82,34,748.34,219.98
P-0071,Grocery,2024-02-09 05:00:43.928785756,29.28,37.67,38.28,47,149,1,Winter,Friday,3.88,47,1770.49,394.33
P-0017,Sports,2024-02-09 08:31:00.852170436,78.21,121.98,127.34,34,162,0,Winter,Friday,3.48,34,4147.32,1488.18
P-0019,Electronics,2024-02-09 12:01:17.775555112,146.7,210.98,209.09,19,247,0,Winter,Friday,4.08,19,4008.62,1221.32
P-0026,Grocery,2024-02-09 15:31:34.698939788,12.47,18.96,21.53,47,97,0,Winter,Friday,3.98,47,891.12,305.03
P-0059,Sports,2024-02-09 19:01:51.622324464,60.42,103.02,106.07,17,199,0,Winter,Friday,4.92,17,1751.34,724.2
P-0079,Electronics,2024-02-09 22:32:08.545709144,209.34,357.65,359.43,25,194,0,Winter,Friday,4.49,25,8941.25,3707.75
P-0089,Grocery,2024-02-10 02:02:25.469093820,23.75,36.37,33.9,36,186,0,Winter,Saturday,3.87,36,1309.32,454.32
P-0015,Home,2024-02-10 05:32:42.392478496,104.62,151.35,144.39,34,142,1,Winter,Saturday,3.35,34,5145.9,1588.82
P-0099,Grocery,2024-02-10 09:02:59.315863172,21.89,41.31,38.11,29,32,0,Winter,Saturday,3.07,29,1197.99,563.18
P-0013,Beauty,2024-02-10 12:33:16.239247852,45.25,65.83,67.84,45,80,1,Winter,Saturday,3.64,45,2962.35,926.1
P-0059,Home,2024-02-10 16:03:33.162632528,88.72,132.9,145.43,25,152,0,Winter,Saturday,3.5,25,3322.5,1104.5
P-0098,Electronics,2024-02-10 19:33:50.086017204,211.13,351.41,359.96,15,115,0,Winter,Saturday,4.26,15,5271.15,2104.2
P-0042,Electronics,2024-02-10 23:04:07.009401880,217.75,339.38,305.44,13,60,0,Winter,Saturday,4.03,13,4411.94,1581.19
P-0097,Electronics,2024-02-11 02:34:23.932786556,183.48,224.82,241.37,24,184,0,Winter,Sunday,4.11,24,5395.68,992.16
P-0064,Grocery,2024-02-11 06:04:40.856171236,27.46,40.34,43.76,38,127,0,Winter,Sunday,3.67,38,1532.92,489.44
P-0034,Home,2024-02-11 09:34:57.779555912,85.55,149.08,134.71,24,207,0,Winter,Sunday,4.17,24,3577.92,1524.72
P-0088,Electronics,2024-02-11 13:05:14.702940588,180.78,280.14,252.84,16,149,0,Winter,Sunday,3.46,16,4482.24,1589.76
P-0001,Grocery,2024-02-11 16:35:31.626325264,21.92,31.55,34.45,45,105,0,Winter,Sunday,4.06,45,1419.75,433.35
P-0077,Grocery,2024-02-11 20:05:48.549709944,28.13,50.45,47.39,41,41,0,Winter,Sunday,4.47,41,2068.45,915.12
P-0040,Beauty,2024-02-11 23:36:05.473094620,53.83,76.34,77.65,34,40,0,Winter,Sunday,3.94,34,2595.56,765.34
P-0072,Sports,2024-02-12 03:06:22.396479296,71.11,98.18,98.36,24,139,0,Winter,Monday,4.3,24,2356.32,649.68
P-0003,Home,2024-02-12 06:36:39.319863972,109.08,179.79,179.85,27,101,1,Winter,Monday,3.21,27,4854.33,1909.17
P-0091,Grocery,2024-02-12 10:06:56.243248652,32.23,60.31,54.22,33,190,0,Winter,Monday,3.17,33,1990.23,926.64
P-0015,Electronics,2024-02-12 13:37:13.166633328,217.05,356.08,385.23,18,169,0,Winter,Monday,4.25,18,6409.44,2502.54
P-0061,Grocery,2024-02-12 17:07:30.090018004,28.74,40.77,38.26,39,84,0,Winter,Monday,4.57,39,1590.03,469.17
P-0023,Sports,2024-02-12 20:37:47.013402680,93.26,142.95,162.19,23,201,0,Winter,Monday,3.99,23,3287.85,1142.87
P-0093,Grocery,2024-02-13 00:08:03.936787356,21.67,37.33,36.21,66,153,1,Winter,Tuesday,5.0,66,2463.78,1033.56
P-0084,Beauty,2024-02-13 03:38:20.860172036,55.23,93.67,90.36,33,230,1,Winter,Tuesday,3.45,33,3091.11,1268.52
P-0084,Grocery,2024-02-13 07:08:37.783556712,19.08,28.79,27.14,47,248,1,Winter,Tuesday,3.79,47,1353.13,456.37
P-0038,Home,2024-02-13 10:38:54.706941388,91.88,127.83,115.97,42,250,1,Winter,Tuesday,4.16,42,5368.86,1509.9
P-0019,Grocery,2024-02-13 14:09:11.630326064,21.6,35.04,33.03,43,46,0,Winter,Tuesday,4.31,43,1506.72,577.92
P-0001,Grocery,2024-02-13 17:39:28.553710744,22.45,33.35,31.59,54,144,1,Winter,Tuesday,3.84,54,1800.9,588.6
P-0021,Sports,2024-02-13 21:09:45.477095420,70.4,93.36,99.22,22,22,1,Winter,Tuesday,3.62,22,2053.92,505.12
P-0064,Beauty,2024-02-14 00:40:02.400480096,52.47,103.26,92.34,52,230,1,Winter,Wednesday,4.38,52,5369.52,2641.08
P-0035,Electronics,2024-02-14 04:10:19.323864772,227.88,301.71,304.02,30,187,1,Winter,Wednesday,4.16,30,9051.3,2214.9
P-0008,Beauty,2024-02-14 07:40:36.247249452,53.95,93.27,95.16,26,79,0,Winter,Wednesday,3.94,26,2425.02,1022.32
P-0100,Electronics,2024-02-14 11:10:53.170634128,147.36,225.13,225.03,21,163,0,Winter,Wednesday,4.32,21,4727.73,1633.17
P-0090,Home,2024-02-14 14:41:10.094018804,83.66,139.51,143.15,21,152,0,Winter,Wednesday,4.04,21,2929.71,1172.85
P-0044,Home,2024-02-14 18:11:27.017403480,71.91,103.37,101.1,18,148,0,Winter,Wednesday,4.04,18,1860.66,566.28
P-0025,Grocery,2024-02-14 21:41:43.940788160,24.94,38.43,39.87,35,147,0,Winter,Wednesday,4.02,35,1345.05,472.15
P-0045,Electronics,2024-02-15 01:12:00.864172836,226.91,331.06,353.1,15,256,0,Winter,Thursday,3.73,15,4965.9,1562.25
P-0024,Electronics,2024-02-15 04:42:17.787557512,218.62,423.89,384.4,10,203,0,Winter,Thursday,3.68,10,4238.9,2052.7
P-0008,Electronics,2024-02-15 08:12:34.710942188,183.54,272.94,247.52,10,113,0,Winter,Thursday,3.86,10,2729.4,894.0
P-0040,Sports,2024-02-15 11:42:51.634326864,83.16,113.21,113.31,22,204,0,Winter,Thursday,4.11,22,2490.62,661.1
P-0017,Grocery,2024-02-15 15:13:08.557711544,22.19,43.68,39.32,25,49,0,Winter,Thursday,3.26,25,1092.0,537.25
P-0011,Electronics,2024-02-15 18:43:25.481096220,171.76,219.42,223.95,20,84,0,Winter,Thursday,4.53,20,4388.4,953.2
P-0099,Electronics,2024-02-15 22:13:42.404480896,234.93,365.52,375.67,12,43,0,Winter,Thursday,4.11,12,4386.24,1567.08
P-0003,Beauty,2024-02-16 01:43:59.327865572,62.2,87.81,79.82,24,232,0,Winter,Friday,3.62,24,2107.44,614.64
P-0083,Home,2024-02-16 05:14:16.251250252,109.42,145.92,141.41,20,20,0,Winter,Friday,4.83,20,2918.4,730.0
P-0092,Beauty,2024-02-16 08:44:33.174634928,49.65,83.31,78.37,35,233,0,Winter,Friday,4.12,35,2915.85,1178.1
P-0044,Home,2024-02-16 12:14:50.098019604,112.93,171.74,175.41,26,218,0,Winter,Friday,3.5,26,4465.24,1529.06
P-0087,Sports,2024-02-16 15:45:07.021404280,73.68,112.75,115.32,23,247,0,Winter,Friday,4.81,23,2593.25,898.61
P-0051,Home,2024-02-16 19:15:23.944788960,104.93,142.65,158.5,35,202,0,Winter,Friday,4.71,35,4992.75,1320.2
P-0092,Grocery,2024-02-16 22:45:40.868173636,22.04,40.64,36.55,34,127,0,Winter,Friday,3.69,34,1381.76,632.4
P-0083,Electronics,2024-02-17 02:15:57.791558312,202.47,339.84,363.58,24,213,0,Winter,Saturday,3.95,24,8156.16,3296.88
P-0068,Sports,2024-02-17 05:46:14.714942988,49.01,68.61,68.7,34,256,1,Winter,Saturday,3.89,34,2332.74,666.4
P-0058,Sports,2024-02-17 09:16:31.638327664,76.14,98.66,108.72,19,233,0,Winter,Saturday,3.25,19,1874.54,427.88
P-0002,Grocery,2024-02-17 12:46:48.561712344,24.35,35.99,34.76,46,207,0,Winter,Saturday,4.25,46,1655.54,535.44
P-0029,Beauty,2024-02-17 16:17:05.485097020,51.39,83.56,85.81,29,202,0,Winter,Saturday,4.48,29,2423.24,932.93
P-0098,Electronics,2024-02-17 19:47:22.408481696,269.01,412.66,387.75,19,175,0,Winter,Saturday,4.4,19,7840.54,2729.35
P-0093,Grocery,2024-02-17 23:17:39.331866372,19.54,31.92,31.7,48,233,0,Winter,Saturday,4.11,48,1532.16,594.24
P-0071,Grocery,2024-02-18 02:47:56.255251052,21.84,29.76,32.66,44,120,0,Winter,Sunday,4.52,44,1309.44,348.48
P-0050,Home,2024-02-18 06:18:13.178635728,81.25,113.61,128.72,21,137,0,Winter,Sunday,3.59,21,2385.81,679.56
P-0042,Beauty,2024-02-18 09:48:30.102020404,50.04,79.48,85.37,40,221,0,Winter,Sunday,4.92,40,3179.2,1177.6
P-0042,Beauty,2024-02-18 13:18:47.025405080,64.08,103.51,98.22,26,79,0,Winter,Sunday,3.75,26,2691.26,1025.18
P-0074,Grocery,2024-02-18 16:49:03.948789760,29.68,48.4,44.86,34,202,0,Winter,Sunday,3.8,34,1645.6,636.48
P-0027,Grocery,2024-02-18 20:19:20.872174436,21.31,28.64,29.77,42,42,1,Winter,Sunday,3.84,42,1202.88,307.86
P-0057,Grocery,2024-02-18 23:49:37.795559112,21.22,32.83,32.55,27,158,0,Winter,Sunday,3.81,27,886.41,313.47
P-0063,Grocery,2024-02-19 03:19:54.718943788,19.56,25.57,27.27,23,23,0,Winter,Monday,4.01,23,588.11,138.23
P-0068,Home,2024-02-19 06:50:11.642328468,114.86,214.85,196.87,25,259,0,Winter,Monday,4.0,25,5371.25,2499.75
P-0017,Home,2024-02-19 10:20:28.565713144,112.04,182.32,164.01,29,221,0,Winter,Monday,4.16,29,5287.28,2038.12
P-0083,Electronics,2024-02-19 13:50:45.489097820,206.44,289.27,272.71,11,76,0,Winter,Monday,3.73,11,3181.97,911.13
P-0044,Grocery,2024-02-19 17:21:02.412482496,18.64,23.22,25.76,38,51,0,Winter,Monday,4.17,38,882.36,174.04
P-0094,Home,2024-02-19 20:51:19.335867172,75.14,114.27,116.02,19,172,0,Winter,Monday,3.61,19,2171.13,743.47
P-0045,Home,2024-02-20 00:21:36.259251852,97.59,191.32,171.17,25,235,0,Winter,Tuesday,4.43,25,4783.0,2343.25
P-0080,Home,2024-02-20 03:51:53.182636528,103.35,136.77,146.27,34,93,0,Winter,Tuesday,4.42,34,4650.18,1136.28
P-0012,Electronics,2024-02-20 07:22:10.106021204,140.58,204.2,196.17,25,250,1,Winter,Tuesday,4.1,25,5105.0,1590.5
P-0090,Beauty,2024-02-20 10:52:27.029405880,52.17,84.97,76.88,15,127,0,Winter,Tuesday,3.81,15,1274.55,492.0
P-0003,Home,2024-02-20 14:22:43.952790560,119.6,227.14,213.16,22,123,0,Winter,Tuesday,4.24,22,4997.08,2365.88
P-0057,Electronics,2024-02-20 17:53:00.876175236,202.69,356.67,347.59,23,98,1,Winter,Tuesday,3.7,23,8203.41,3541.54
P-0075,Grocery,2024-02-20 21:23:17.799559912,29.72,39.66,39.6,31,81,0,Winter,Tuesday,4.12,31,1229.46,308.14
P-0034,Home,2024-02-21 00:53:34.722944588,104.87,183.62,166.49,25,96,0,Winter,Wednesday,4.03,25,4590.5,1968.75
P-0096,Home,2024-02-21 04:23:51.646329268,78.52,129.01,132.35,26,57,0,Winter,Wednesday,5.0,26,3354.26,1312.74
P-0067,Home,2024-02-21 07:54:08.569713944,90.55,166.02,151.44,21,107,1,Winter,Wednesday,3.55,21,3486.42,1584.87
P-0091,Grocery,2024-02-21 11:24:25.493098620,23.51,35.12,35.71,37,85,0,Winter,Wednesday,2.9,37,1299.44,429.57
P-0056,Home,2024-02-21 14:54:42.416483296,80.52,141.25,133.06,10,28,0,Winter,Wednesday,3.81,10,1412.5,607.3
P-0071,Grocery,2024-02-21 18:24:59.339867976,20.28,35.04,31.86,54,103,1,Winter,Wednesday,3.33,54,1892.16,797.04
P-0006,Sports,2024-02-21 21:55:16.263252652,99.29,136.75,135.11,24,24,0,Winter,Wednesday,3.77,24,3282.0,899.04
P-0007,Grocery,2024-02-22 01:25:33.186637328,20.25,24.76,25.94,30,59,0,Winter,Thursday,3.52,30,742.8,135.3
P-0058,Home,2024-02-22 04:55:50.110022008,111.39,144.43,161.87,38,192,1,Winter,Thursday,3.69,38,5488.34,1255.52
P-0038,Grocery,2024-02-22 08:26:07.033406680,22.32,30.79,28.66,21,21,1,Winter,Thursday,3.62,21,646.59,177.87
P-0042,Beauty,2024-02-22 11:56:23.956791360,54.77,82.71,80.36,30,91,0,Winter,Thursday,4.53,30,2481.3,838.2
P-0062,Home,2024-02-22 15:26:40.880176032,103.54,166.59,176.63,25,182,0,Winter,Thursday,4.08,25,4164.75,1576.25
P-0037,Beauty,2024-02-22 18:56:57.803560712,49.73,92.98,85.26,20,20,0,Winter,Thursday,4.58,20,1859.6,865.0
P-0100,Home,2024-02-22 22:27:14.726945392,103.63,144.74,131.48,25,195,1,Winter,Thursday,4.12,25,3618.5,1027.75
P-0073,Electronics,2024-02-23 01:57:31.650330064,141.24,198.86,181.95,13,34,0,Winter,Friday,4.52,13,2585.18,749.06
P-0061,Home,2024-02-23 05:27:48.573714744,101.68,168.57,164.56,17,28,0,Winter,Friday,3.96,17,2865.69,1137.13
P-0089,Electronics,2024-02-23 08:58:05.497099424,127.06,215.93,193.77,20,62,0,Winter,Friday,4.82,20,4318.6,1777.4
P-0003,Home,2024-02-23 12:28:22.420484096,91.55,132.93,121.96,26,225,0,Winter,Friday,4.31,26,3456.18,1075.88
P-0020,Beauty,2024-02-23 15:58:39.343868776,62.52,95.8,105.85,24,26,0,Winter,Friday,3.75,24,2299.2,798.72
P-0083,Sports,2024-02-23 19:28:56.267253448,87.97,134.35,120.44,22,39,0,Winter,Friday,4.38,22,2955.7,1020.36
P-0080,Electronics,2024-02-23 22:59:13.190638128,166.37,217.63,215.11,22,246,0,Winter,Friday,4.11,22,4787.86,1127.72
P-0059,Grocery,2024-02-24 02:29:30.114022808,19.51,35.7,32.43,38,164,0,Winter,Saturday,4.01,38,1356.6,615.22
P-0017,Beauty,2024-02-24 05:59:47.037407480,48.94,82.38,77.54,18,154,0,Winter,Saturday,4.14,18,1482.84,601.92
P-0030,Electronics,2024-02-24 09:30:03.960792160,216.26,328.48,317.24,19,24,0,Winter,Saturday,4.44,19,6241.12,2132.18
P-0058,Home,2024-02-24 13:00:20.884176832,64.11,100.21,104.56,17,111,0,Winter,Saturday,3.15,17,1703.57,613.7
P-0009,Electronics,2024-02-24 16:30:37.807561512,209.56,325.33,366.99,22,156,0,Winter,Saturday,3.94,22,7157.26,2546.94
P-0085,Electronics,2024-02-24 20:00:54.730946192,220.46,264.73,279.72,23,145,0,Winter,Saturday,4.41,23,6088.79,1018.21
P-0034,Home,2024-02-24 23:31:11.654330864,90.7,151.14,144.69,26,142,0,Winter,Saturday,4.21,26,3929.64,1571.44
P-0091,Home,2024-02-25 03:01:28.577715544,102.98,153.37,141.08,19,42,0,Winter,Sunday,3.59,19,2914.03,957.41
P-0054,Beauty,2024-02-25 06:31:45.501100224,56.97,75.79,86.07,21,257,0,Winter,Sunday,3.03,21,1591.59,395.22
P-0031,Electronics,2024-02-25 10:02:02.424484896,191.8,264.54,284.48,31,186,0,Winter,Sunday,4.87,31,8200.74,2254.94
P-0005,Electronics,2024-02-25 13:32:19.347869576,144.94,221.08,212.26,29,74,1,Winter,Sunday,4.02,29,6411.32,2208.06
P-0082,Electronics,2024-02-25 17:02:36.271254248,214.48,275.47,290.56,30,252,0,Winter,Sunday,4.78,30,8264.1,1829.7
P-0067,Beauty,2024-02-25 20:32:53.194638928,46.61,72.06,78.84,36,88,0,Winter,Sunday,4.46,36,2594.16,916.2
P-0088,Home,2024-02-26 00:03:10.118023608,86.21,113.14,125.76,17,47,0,Winter,Monday,3.74,17,1923.38,457.81
P-0022,Beauty,2024-02-26 03:33:27.041408280,59.22,106.33,102.92,18,233,0,Winter,Monday,2.97,18,1913.94,847.98
P-0018,Home,2024-02-26 07:03:43.964792960,116.54,172.24,168.41,31,52,1,Winter,Monday,3.89,31,5339.44,1726.7
P-0024,Electronics,2024-02-26 10:34:00.888177632,208.72,388.05,357.3,8,29,0,Winter,Monday,4.08,8,3104.4,1434.64
P-0039,Sports,2024-02-26 14:04:17.811562312,87.09,128.94,134.94,45,169,1,Winter,Monday,4.3,45,5802.3,1883.25
P-0038,Electronics,2024-02-26 17:34:34.734946992,161.47,215.5,236.08,27,79,1,Winter,Monday,3.6,27,5818.5,1458.81
P-0078,Electronics,2024-02-26 21:04:51.658331664,218.25,382.97,357.32,19,52,1,Winter,Monday,4.18,19,7276.43,3129.68
P-0096,Electronics,2024-02-27 00:35:08.581716344,207.99,390.99,349.98,8,40,0,Winter,Tuesday,4.18,8,3127.92,1464.0
P-0002,Sports,2024-02-27 04:05:25.505101024,95.73,140.22,145.08,41,45,1,Winter,Tuesday,4.54,41,5749.02,1824.09
P-0054,Beauty,2024-02-27 07:35:42.428485696,50.24,81.1,74.56,32,250,0,Winter,Tuesday,3.96,32,2595.2,987.52
P-0063,Beauty,2024-02-27 11:05:59.351870376,52.87,88.1,82.88,29,179,0,Winter,Tuesday,4.3,29,2554.9,1021.67
P-0024,Sports,2024-02-27 14:36:16.275255048,93.55,161.58,147.05,27,221,0,Winter,Tuesday,4.23,27,4362.66,1836.81
P-0042,Electronics,2024-02-27 18:06:33.198639728,206.91,301.49,307.06,24,166,1,Winter,Tuesday,4.49,24,7235.76,2269.92
P-0074,Sports,2024-02-27 21:36:50.122024408,65.81,99.19,109.69,34,148,1,Winter,Tuesday,3.73,34,3372.46,1134.92
P-0052,Electronics,2024-02-28 01:07:07.045409080,295.73,394.87,434.68,6,68,0,Winter,Wednesday,2.72,6,2369.22,594.84
P-0007,Grocery,2024-02-28 04:37:23.968793760,19.86,31.65,29.77,48,251,1,Winter,Wednesday,3.99,48,1519.2,565.92
P-0042,Home,2024-02-28 08:07:40.892178440,94.02,161.81,148.83,9,216,0,Winter,Wednesday,4.0,9,1456.29,610.11
P-0033,Home,2024-02-28 11:37:57.815563112,100.27,177.91,179.76,17,144,0,Winter,Wednesday,3.58,17,3024.47,1319.88
P-0020,Sports,2024-02-28 15:08:14.738947792,83.43,103.96,116.25,19,40,0,Winter,Wednesday,3.42,19,1975.24,390.07
P-0011,Electronics,2024-02-28 18:38:31.662332464,203.62,251.33,280.5,13,201,0,Winter,Wednesday,3.84,13,3267.29,620.23
P-0035,Sports,2024-02-28 22:08:48.585717144,77.64,107.08,104.6,27,96,0,Winter,Wednesday,4.05,27,2891.16,794.88
P-0087,Home,2024-02-29 01:39:05.509101824,91.43,163.93,148.96,27,66,1,Winter,Thursday,4.14,27,4426.11,1957.5
P-0087,Grocery,2024-02-29 05:09:22.432486496,19.71,28.8,29.51,51,196,1,Winter,Thursday,3.07,51,1468.8,463.59
P-0016,Sports,2024-02-29 08:39:39.355871176,107.52,163.07,157.38,13,220,0,Winter,Thursday,3.31,13,2119.91,722.15
P-0062,Electronics,2024-02-29 12:09:56.279255848,202.61,278.79,276.01,22,165,0,Winter,Thursday,4.61,22,6133.38,1675.96
P-0074,Sports,2024-02-29 15:40:13.202640528,87.64,166.77,152.5,18,33,0,Winter,Thursday,4.01,18,3001.86,1424.34
P-0048,Beauty,2024-02-29 19:10:30.126025208,52.06,83.96,77.76,30,162,1,Winter,Thursday,4.1,30,2518.8,957.0
P-0004,Grocery,2024-02-29 22:40:47.049409880,22.64,33.28,35.87,37,240,0,Winter,Thursday,3.5,37,1231.36,393.68
P-0071,Electronics,2024-03-01 02:11:03.972794560,194.7,266.31,255.43,13,183,0,Spring,Friday,4.1,13,3462.03,930.93
P-0017,Beauty,2024-03-01 05:41:20.896179240,41.36,58.68,54.16,28,80,0,Spring,Friday,3.93,28,1643.04,484.96
P-0019,Grocery,2024-03-01 09:11:37.819563912,23.38,33.2,30.09,33,173,0,Spring,Friday,3.82,33,1095.6,324.06
P-0029,Beauty,2024-03-01 12:41:54.742948592,51.42,76.27,74.66,35,76,1,Spring,Friday,3.44,35,2669.45,869.75
P-0009,Electronics,2024-03-01 16:12:11.666333264,249.36,347.27,376.56,16,229,0,Spring,Friday,3.71,16,5556.32,1566.56
P-0094,Home,2024-03-01 19:42:28.589717944,76.81,107.83,106.34,25,222,0,Spring,Friday,4.99,25,2695.75,775.5
P-0055,Sports,2024-03-01 23:12:45.513102624,72.61,108.9,104.73,22,154,0,Spring,Friday,3.94,22,2395.8,798.38
P-0082,Electronics,2024-03-02 02:43:02.436487296,179.81,213.07,225.38,15,48,0,Spring,Saturday,4.46,15,3196.05,498.9
P-0002,Grocery,2024-03-02 06:13:19.359871976,29.54,47.47,42.63,30,113,0,Spring,Saturday,4.01,30,1424.1,537.9
P-0019,Sports,2024-03-02 09:43:36.283256648,68.87,84.71,90.6,32,44,0,Spring,Saturday,3.96,32,2710.72,506.88
P-0015,Electronics,2024-03-02 13:13:53.206641328,228.89,332.11,302.27,10,202,0,Spring,Saturday,3.81,10,3321.1,1032.2
P-0008,Electronics,2024-03-02 16:44:10.130026008,242.6,298.39,303.85,17,181,0,Spring,Saturday,4.71,17,5072.63,948.43
P-0072,Grocery,2024-03-02 20:14:27.053410680,23.44,33.69,38.28,34,78,0,Spring,Saturday,4.27,34,1145.46,348.5
P-0017,Electronics,2024-03-02 23:44:43.976795360,163.74,291.54,288.54,12,224,0,Spring,Saturday,3.74,12,3498.48,1533.6
P-0091,Beauty,2024-03-03 03:15:00.900180040,43.0,70.56,68.45,26,201,0,Spring,Sunday,3.92,26,1834.56,716.56
P-0075,Grocery,2024-03-03 06:45:17.823564712,27.3,38.72,35.57,35,244,0,Spring,Sunday,4.58,35,1355.2,399.7
P-0029,Beauty,2024-03-03 10:15:34.746949392,43.91,79.56,78.79,37,83,1,Spring,Sunday,2.82,37,2943.72,1319.05
P-0027,Home,2024-03-03 13:45:51.670334064,100.96,162.8,180.37,31,57,0,Spring,Sunday,4.24,31,5046.8,1917.04
P-0039,Grocery,2024-03-03 17:16:08.593718744,24.44,40.61,36.84,49,132,1,Spring,Sunday,4.34,49,1989.89,792.33
P-0054,Beauty,2024-03-03 20:46:25.517103424,58.32,77.56,76.36,25,79,0,Spring,Sunday,3.76,25,1939.0,481.0
P-0069,Electronics,2024-03-04 00:16:42.440488096,225.85,351.45,371.84,16,196,0,Spring,Monday,4.17,16,5623.2,2009.6
P-0045,Beauty,2024-03-04 03:46:59.363872776,46.78,91.18,83.21,20,119,0,Spring,Monday,4.33,20,1823.6,888.0
P-0081,Sports,2024-03-04 07:17:16.287257448,67.51,102.99,113.3,32,168,0,Spring,Monday,3.55,32,3295.68,1135.36
P-0077,Grocery,2024-03-04 10:47:33.210642128,26.75,38.5,42.62,41,57,0,Spring,Monday,4.48,41,1578.5,481.75
P-0027,Beauty,2024-03-04 14:17:50.134026808,49.46,79.1,78.44,28,35,1,Spring,Monday,4.23,28,2214.8,829.92
P-0040,Home,2024-03-04 17:48:07.057411480,53.2,97.96,95.11,21,244,0,Spring,Monday,4.03,21,2057.16,939.96
P-0083,Electronics,2024-03-04 21:18:23.980796160,231.8,299.86,299.07,16,124,0,Spring,Monday,4.15,16,4797.76,1088.96
P-0073,Home,2024-03-05 00:48:40.904180840,79.25,116.45,105.58,16,49,0,Spring,Tuesday,4.42,16,1863.2,595.2
P-0098,Electronics,2024-03-05 04:18:57.827565512,225.7,363.33,385.26,19,213,0,Spring,Tuesday,5.0,19,6903.27,2614.97
P-0010,Sports,2024-03-05 07:49:14.750950192,97.83,145.41,130.1,19,47,0,Spring,Tuesday,4.37,19,2762.79,904.02
P-0009,Home,2024-03-05 11:19:31.674334864,95.25,123.09,139.14,25,259,0,Spring,Tuesday,4.46,25,3077.25,696.0
P-0051,Grocery,2024-03-05 14:49:48.597719544,27.82,35.5,39.08,48,109,0,Spring,Tuesday,4.19,48,1704.0,368.64
P-0023,Electronics,2024-03-05 18:20:05.521104224,215.17,275.31,297.77,21,129,0,Spring,Tuesday,4.96,21,5781.51,1262.94
P-0075,Home,2024-03-05 21:50:22.444488896,119.13,135.4,150.6,17,78,0,Spring,Tuesday,3.44,17,2301.8,276.59
P-0073,Home,2024-03-06 01:20:39.367873576,78.86,121.31,123.14,16,36,0,Spring,Wednesday,3.32,16,1940.96,679.2
P-0045,Home,2024-03-06 04:50:56.291258256,94.88,151.78,139.54,18,115,0,Spring,Wednesday,4.17,18,2732.04,1024.2
P-0004,Grocery,2024-03-06 08:21:13.214642928,26.58,44.47,41.29,38,104,0,Spring,Wednesday,4.4,38,1689.86,679.82
P-0036,Sports,2024-03-06 11:51:30.138027608,77.56,116.4,109.94,18,124,0,Spring,Wednesday,2.94,18,2095.2,699.12
P-0029,Sports,2024-03-06 15:21:47.061412280,94.75,147.7,167.5,26,135,0,Spring,Wednesday,4.1,26,3840.2,1376.7
P-0040,Electronics,2024-03-06 18:52:03.984796960,195.48,334.96,307.93,13,169,0,Spring,Wednesday,4.02,13,4354.48,1813.24
P-0085,Grocery,2024-03-06 22:22:20.908181640,31.95,55.42,56.83,32,32,0,Spring,Wednesday,4.43,32,1773.44,751.04
P-0074,Electronics,2024-03-07 01:52:37.831566312,281.31,428.35,405.79,13,103,0,Spring,Thursday,4.29,13,5568.55,1911.52
P-0069,Sports,2024-03-07 05:22:54.754950992,83.61,110.32,104.62,11,226,0,Spring,Thursday,3.29,11,1213.52,293.81
P-0002,Beauty,2024-03-07 08:53:11.678335664,59.86,92.77,100.55,28,248,0,Spring,Thursday,3.61,28,2597.56,921.48
P-0065,Home,2024-03-07 12:23:28.601720344,113.11,193.57,192.86,27,147,0,Spring,Thursday,3.74,27,5226.39,2172.42
P-0053,Electronics,2024-03-07 15:53:45.525105024,170.11,240.44,218.13,10,104,0,Spring,Thursday,4.43,10,2404.4,703.3
P-0062,Electronics,2024-03-07 19:24:02.448489696,165.92,249.43,264.47,11,116,0,Spring,Thursday,4.27,11,2743.73,918.61
P-0041,Home,2024-03-07 22:54:19.371874376,114.1,193.61,184.11,29,206,1,Spring,Thursday,3.82,29,5614.69,2305.79
P-0051,Sports,2024-03-08 02:24:36.295259056,83.51,123.29,111.08,16,112,0,Spring,Friday,4.17,16,1972.64,636.48
P-0034,Grocery,2024-03-08 05:54:53.218643728,23.13,34.74,35.94,32,246,0,Spring,Friday,3.62,32,1111.68,371.52
P-0077,Sports,2024-03-08 09:25:10.142028408,80.14,107.9,110.89,21,21,1,Spring,Friday,5.0,21,2265.9,582.96
P-0041,Electronics,2024-03-08 12:55:27.065413080,129.83,161.6,163.46,12,163,0,Spring,Friday,4.36,12,1939.2,381.24
P-0087,Beauty,2024-03-08 16:25:43.988797760,53.32,98.9,92.07,34,142,0,Spring,Friday,4.45,34,3362.6,1549.72
P-0093,Home,2024-03-08 19:56:00.912182440,83.55,125.18,127.03,39,125,1,Spring,Friday,4.72,39,4882.02,1623.57
P-0080,Beauty,2024-03-08 23:26:17.835567112,63.08,105.62,105.97,23,131,0,Spring,Friday,4.56,23,2429.26,978.42
P-0053,Home,2024-03-09 02:56:34.758951792,110.12,169.34,181.43,41,53,1,Spring,Saturday,4.11,41,6942.94,2428.02
P-0049,Home,2024-03-09 06:26:51.682336464,103.77,208.28,186.43,17,99,1,Spring,Saturday,4.02,17,3540.76,1776.67
P-0053,Beauty,2024-03-09 09:57:08.605721144,58.48,95.4,87.19,16,101,0,Spring,Saturday,4.68,16,1526.4,590.72
P-0078,Electronics,2024-03-09 13:27:25.529105824,159.69,242.87,237.16,16,176,0,Spring,Saturday,4.11,16,3885.92,1330.88
P-0087,Beauty,2024-03-09 16:57:42.452490496,60.2,93.93,84.58,24,161,0,Spring,Saturday,3.76,24,2254.32,809.52
P-0076,Grocery,2024-03-09 20:27:59.375875176,26.42,44.0,42.11,48,115,0,Spring,Saturday,4.98,48,2112.0,843.84
P-0072,Electronics,2024-03-09 23:58:16.299259856,251.84,424.24,382.13,11,141,0,Spring,Saturday,3.68,11,4666.64,1896.4
P-0046,Sports,2024-03-10 03:28:33.222644528,107.11,162.46,176.82,31,155,1,Spring,Sunday,3.32,31,5036.26,1715.85
P-0026,Beauty,2024-03-10 06:58:50.146029208,40.11,54.18,58.0,21,26,0,Spring,Sunday,4.55,21,1137.78,295.47
P-0034,Grocery,2024-03-10 10:29:07.069413880,22.51,32.51,29.76,46,231,1,Spring,Sunday,3.77,46,1495.46,460.0
P-0100,Grocery,2024-03-10 13:59:23.992798560,21.15,35.77,36.47,40,233,0,Spring,Sunday,4.3,40,1430.8,584.8
P-0042,Grocery,2024-03-10 17:29:40.916183240,24.66,40.76,42.06,50,104,0,Spring,Sunday,4.92,50,2038.0,805.0
P-0049,Grocery,2024-03-10 20:59:57.839567912,24.05,36.83,34.71,45,201,1,Spring,Sunday,3.48,45,1657.35,575.1
P-0050,Sports,2024-03-11 00:30:14.762952592,77.0,129.42,125.49,22,112,0,Spring,Monday,4.08,22,2847.24,1153.24
P-0036,Beauty,2024-03-11 04:00:31.686337264,64.04,93.75,97.39,21,31,0,Spring,Monday,4.77,21,1968.75,623.91
P-0015,Home,2024-03-11 07:30:48.609721944,78.26,127.38,130.58,19,227,0,Spring,Monday,4.41,19,2420.22,933.28
P-0022,Electronics,2024-03-11 11:01:05.533106624,175.02,250.69,256.33,15,80,0,Spring,Monday,4.02,15,3760.35,1135.05
P-0022,Beauty,2024-03-11 14:31:22.456491296,45.99,64.67,71.04,29,102,0,Spring,Monday,5.0,29,1875.43,541.72
P-0020,Electronics,2024-03-11 18:01:39.379875976,197.89,237.2,253.66,21,156,0,Spring,Monday,4.06,21,4981.2,825.51
P-0011,Home,2024-03-11 21:31:56.303260656,76.33,103.69,102.76,35,122,1,Spring,Monday,4.28,35,3629.15,957.6
P-0094,Electronics,2024-03-12 01:02:13.226645328,208.37,373.74,350.06,16,80,0,Spring,Tuesday,4.84,16,5979.84,2645.92
P-0008,Beauty,2024-03-12 04:32:30.150030008,53.54,76.64,78.16,36,211,1,Spring,Tuesday,4.54,36,2759.04,831.6
P-0012,Electronics,2024-03-12 08:02:47.073414680,183.57,226.49,233.01,27,102,1,Spring,Tuesday,4.69,27,6115.23,1158.84
P-0057,Beauty,2024-03-12 11:33:03.996799360,62.69,87.18,84.14,17,160,0,Spring,Tuesday,3.7,17,1482.06,416.33
P-0092,Grocery,2024-03-12 15:03:20.920184040,23.77,32.2,35.09,50,178,1,Spring,Tuesday,4.65,50,1610.0,421.5
P-0070,Grocery,2024-03-12 18:33:37.843568712,28.08,44.87,46.19,50,243,1,Spring,Tuesday,4.18,50,2243.5,839.5
P-0014,Home,2024-03-12 22:03:54.766953392,92.04,124.1,133.45,20,132,0,Spring,Tuesday,3.76,20,2482.0,641.2
P-0062,Beauty,2024-03-13 01:34:11.690338072,54.79,94.25,90.94,25,130,0,Spring,Wednesday,4.2,25,2356.25,986.5
P-0060,Beauty,2024-03-13 05:04:28.613722744,50.05,78.16,86.18,20,238,0,Spring,Wednesday,4.19,20,1563.2,562.2
P-0073,Beauty,2024-03-13 08:34:45.537107424,54.94,77.99,78.98,58,132,1,Spring,Wednesday,4.94,58,4523.42,1336.9
P-0030,Grocery,2024-03-13 12:05:02.460492096,26.73,46.22,45.18,44,87,1,Spring,Wednesday,4.27,44,2033.68,857.56
P-0041,Electronics,2024-03-13 15:35:19.383876776,196.18,279.65,258.92,12,25,0,Spring,Wednesday,3.75,12,3355.8,1001.64
P-0097,Sports,2024-03-13 19:05:36.307261456,86.64,134.99,128.09,23,94,1,Spring,Wednesday,3.64,23,3104.77,1112.05
P-0080,Electronics,2024-03-13 22:35:53.230646128,182.69,263.48,238.17,7,63,0,Spring,Wednesday,4.08,7,1844.36,565.53
P-0026,Grocery,2024-03-14 02:06:10.154030808,26.91,35.9,34.41,48,89,1,Spring,Thursday,3.49,48,1723.2,431.52
P-0075,Beauty,2024-03-14 05:36:27.077415480,49.9,61.83,64.15,26,147,0,Spring,Thursday,3.78,26,1607.58,310.18
P-0086,Home,2024-03-14 09:06:44.000800160,107.95,132.07,141.16,35,143,1,Spring,Thursday,3.99,35,4622.45,844.2
P-0072,Grocery,2024-03-14 12:37:00.924184840,24.23,37.01,41.42,45,60,1,Spring,Thursday,3.91,45,1665.45,575.1
P-0063,Electronics,2024-03-14 16:07:17.847569512,261.1,382.86,404.45,17,128,0,Spring,Thursday,4.43,17,6508.62,2069.92
P-0077,Grocery,2024-03-14 19:37:34.770954192,19.57,31.64,34.66,50,126,1,Spring,Thursday,3.77,50,1582.0,603.5
P-0054,Beauty,2024-03-14 23:07:51.694338872,42.01,62.9,64.94,17,25,0,Spring,Thursday,2.99,17,1069.3,355.13
P-0024,Electronics,2024-03-15 02:38:08.617723544,189.3,316.77,302.08,9,84,0,Spring,Friday,3.34,9,2850.93,1147.23
P-0049,Electronics,2024-03-15 06:08:25.541108224,163.48,231.12,220.94,10,192,0,Spring,Friday,4.09,10,2311.2,676.4
P-0057,Grocery,2024-03-15 09:38:42.464492896,18.69,27.66,28.92,20,20,0,Spring,Friday,3.84,20,553.2,179.4
P-0077,Home,2024-03-15 13:08:59.387877576,104.45,153.01,152.7,16,88,0,Spring,Friday,3.54,16,2448.16,776.96
P-0078,Sports,2024-03-15 16:39:16.311262256,79.95,131.32,140.9,39,131,0,Spring,Friday,4.98,39,5121.48,2003.43
P-0014,Grocery,2024-03-15 20:09:33.234646928,22.16,39.11,39.08,44,55,0,Spring,Friday,4.47,44,1720.84,745.8
P-0010,Grocery,2024-03-15 23:39:50.158031608,22.51,30.67,30.6,35,173,0,Spring,Friday,4.07,35,1073.45,285.6
P-0016,Home,2024-03-16 03:10:07.081416280,85.92,130.18,136.7,36,190,0,Spring,Saturday,4.2,36,4686.48,1593.36
P-0025,Grocery,2024-03-16 06:40:24.004800960,30.34,45.77,48.57,48,97,1,Spring,Saturday,3.98,48,2196.96,740.64
P-0028,Sports,2024-03-16 10:10:40.928185640,70.59,122.75,110.08,20,71,0,Spring,Saturday,3.54,20,2455.0,1043.2
P-0050,Electronics,2024-03-16 13:40:57.851570312,165.58,220.24,218.3,14,205,0,Spring,Saturday,4.56,14,3083.36,765.24
P-0072,Home,2024-03-16 17:11:14.774954992,107.1,174.97,172.4,27,67,0,Spring,Saturday,4.48,27,4724.19,1832.49
P-0042,Home,2024-03-16 20:41:31.698339672,91.72,136.65,154.96,38,50,1,Spring,Saturday,3.21,38,5192.7,1707.34
P-0046,Home,2024-03-17 00:11:48.621724344,125.99,167.56,181.41,15,23,0,Spring,Sunday,4.2,15,2513.4,623.55
P-0092,Grocery,2024-03-17 03:42:05.545109024,21.98,32.54,33.7,37,37,1,Spring,Sunday,4.25,37,1203.98,390.72
P-0076,Beauty,2024-03-17 07:12:22.468493696,62.44,91.21,82.04,29,228,0,Spring,Sunday,3.96,29,2645.09,834.33
P-0076,Beauty,2024-03-17 10:42:39.391878376,64.52,104.82,113.68,50,244,1,Spring,Sunday,5.0,50,5241.0,2015.0
P-0076,Home,2024-03-17 14:12:56.315263056,87.08,108.71,114.1,38,148,0,Spring,Sunday,4.99,38,4130.98,821.94
P-0005,Electronics,2024-03-17 17:43:13.238647728,185.04,282.21,252.51,13,240,0,Spring,Sunday,3.93,13,3668.73,1263.21
P-0074,Home,2024-03-17 21:13:30.162032408,106.27,149.6,150.28,19,188,0,Spring,Sunday,4.0,19,2842.4,823.27
P-0047,Sports,2024-03-18 00:43:47.085417080,87.36,142.39,148.88,19,114,0,Spring,Monday,3.95,19,2705.41,1045.57
P-0064,Beauty,2024-03-18 04:14:04.008801760,42.59,71.9,69.65,17,189,0,Spring,Monday,3.82,17,1222.3,498.27
P-0077,Home,2024-03-18 07:44:20.932186440,77.85,97.52,97.61,26,117,0,Spring,Monday,3.69,26,2535.52,511.42
P-0006,Grocery,2024-03-18 11:14:37.855571112,14.26,21.37,19.26,38,250,0,Spring,Monday,4.33,38,812.06,270.18
P-0067,Electronics,2024-03-18 14:44:54.778955792,230.0,344.14,382.39,27,223,0,Spring,Monday,4.98,27,9291.78,3081.78
P-0089,Home,2024-03-18 18:15:11.702340472,91.02,143.33,133.99,24,221,0,Spring,Monday,4.8,24,3439.92,1255.44
P-0054,Home,2024-03-18 21:45:28.625725144,92.54,110.81,117.01,26,144,0,Spring,Monday,4.46,26,2881.06,475.02
P-0066,Sports,2024-03-19 01:15:45.549109824,58.35,111.51,103.87,18,141,0,Spring,Tuesday,3.02,18,2007.18,956.88
P-0009,Grocery,2024-03-19 04:46:02.472494496,19.78,28.57,26.37,27,43,0,Spring,Tuesday,3.26,27,771.39,237.33
P-0076,Beauty,2024-03-19 08:16:19.395879176,50.79,84.27,77.75,28,174,0,Spring,Tuesday,4.58,28,2359.56,937.44
P-0092,Electronics,2024-03-19 11:46:36.319263856,187.41,282.73,259.86,17,43,0,Spring,Tuesday,4.83,17,4806.41,1620.44
P-0036,Electronics,2024-03-19 15:16:53.242648528,213.96,372.77,354.23,23,147,1,Spring,Tuesday,4.35,23,8573.71,3652.63
P-0042,Grocery,2024-03-19 18:47:10.166033208,26.24,40.23,44.01,47,47,1,Spring,Tuesday,3.96,47,1890.81,657.53
P-0052,Home,2024-03-19 22:17:27.089417888,129.5,169.72,190.17,29,131,0,Spring,Tuesday,4.71,29,4921.88,1166.38
P-0015,Sports,2024-03-20 01:47:44.012802560,79.74,123.64,128.55,33,206,0,Spring,Wednesday,4.44,33,4080.12,1448.7
P-0010,Grocery,2024-03-20 05:18:00.936187240,28.28,49.43,49.49,30,90,0,Spring,Wednesday,4.61,30,1482.9,634.5
P-0009,Beauty,2024-03-20 08:48:17.859571912,47.7,77.16,81.0,28,162,1,Spring,Wednesday,3.26,28,2160.48,824.88
P-0016,Grocery,2024-03-20 12:18:34.782956592,17.57,27.48,25.97,42,78,0,Spring,Wednesday,4.25,42,1154.16,416.22
P-0079,Sports,2024-03-20 15:48:51.706341272,75.49,118.71,112.69,17,88,0,Spring,Wednesday,4.9,17,2018.07,734.74
P-0063,Beauty,2024-03-20 19:19:08.629725944,40.94,79.2,71.14,15,59,0,Spring,Wednesday,4.34,15,1188.0,573.9
P-0062,Grocery,2024-03-20 22:49:25.553110624,24.06,29.8,30.53,54,54,1,Spring,Wednesday,4.53,54,1609.2,309.96
P-0008,Sports,2024-03-21 02:19:42.476495296,70.01,94.45,88.39,14,106,0,Spring,Thursday,4.12,14,1322.3,342.16
P-0026,Home,2024-03-21 05:49:59.399879976,65.3,94.17,89.02,31,45,1,Spring,Thursday,4.15,31,2919.27,894.97
P-0094,Sports,2024-03-21 09:20:16.323264656,102.22,194.75,174.3,24,233,0,Spring,Thursday,4.73,24,4674.0,2220.72
P-0054,Electronics,2024-03-21 12:50:33.246649328,191.94,272.92,256.1,14,196,1,Spring,Thursday,3.8,14,3820.88,1133.72
P-0009,Grocery,2024-03-21 16:20:50.170034008,17.71,23.63,24.92,51,69,1,Spring,Thursday,3.75,51,1205.13,301.92
P-0095,Grocery,2024-03-21 19:51:07.093418688,27.45,38.71,43.81,37,232,0,Spring,Thursday,3.88,37,1432.27,416.62
P-0057,Beauty,2024-03-21 23:21:24.016803360,48.59,73.04,65.66,16,104,0,Spring,Thursday,4.11,16,1168.64,391.2
P-0050,Beauty,2024-03-22 02:51:40.940188040,64.59,96.26,91.51,23,145,0,Spring,Friday,3.38,23,2213.98,728.41
P-0060,Beauty,2024-03-22 06:21:57.863572712,48.55,78.65,73.16,32,186,1,Spring,Friday,4.43,32,2516.8,963.2
P-0040,Electronics,2024-03-22 09:52:14.786957392,191.83,282.42,263.85,10,204,0,Spring,Friday,4.03,10,2824.2,905.9
P-0069,Electronics,2024-03-22 13:22:31.710342072,221.59,420.46,397.94,15,16,0,Spring,Friday,4.48,15,6306.9,2983.05
P-0031,Home,2024-03-22 16:52:48.633726744,104.02,147.79,139.38,21,84,1,Spring,Friday,3.15,21,3103.59,919.17
P-0036,Beauty,2024-03-22 20:23:05.557111424,61.76,117.0,106.07,25,97,0,Spring,Friday,4.49,25,2925.0,1381.0
P-0019,Beauty,2024-03-22 23:53:22.480496096,54.21,89.91,81.78,25,158,1,Spring,Friday,4.7,25,2247.75,892.5
P-0020,Home,2024-03-23 03:23:39.403880776,103.03,132.16,136.1,17,228,0,Spring,Saturday,4.3,17,2246.72,495.21
P-0092,Sports,2024-03-23 06:53:56.327265456,89.54,104.5,117.76,24,122,0,Spring,Saturday,4.11,24,2508.0,359.04
P-0021,Home,2024-03-23 10:24:13.250650128,98.05,132.98,149.54,34,128,1,Spring,Saturday,4.49,34,4521.32,1187.62
P-0018,Beauty,2024-03-23 13:54:30.174034808,53.74,76.63,77.62,23,36,0,Spring,Saturday,4.67,23,1762.49,526.47
P-0048,Home,2024-03-23 17:24:47.097419488,73.03,108.81,100.71,18,143,0,Spring,Saturday,4.34,18,1958.58,644.04
P-0006,Electronics,2024-03-23 20:55:04.020804160,230.13,443.16,409.04,22,134,0,Spring,Saturday,4.37,22,9749.52,4686.66
P-0042,Grocery,2024-03-24 00:25:20.944188840,24.16,35.53,36.36,36,170,0,Spring,Sunday,4.85,36,1279.08,409.32
P-0015,Beauty,2024-03-24 03:55:37.867573512,51.36,86.13,90.44,31,222,0,Spring,Sunday,4.44,31,2670.03,1077.87
P-0026,Electronics,2024-03-24 07:25:54.790958192,252.93,339.52,338.98,19,153,0,Spring,Sunday,3.74,19,6450.88,1645.21
P-0019,Sports,2024-03-24 10:56:11.714342872,61.72,90.03,83.38,21,27,0,Spring,Sunday,4.67,21,1890.63,594.51
P-0087,Grocery,2024-03-24 14:26:28.637727544,30.31,49.39,47.82,40,215,0,Spring,Sunday,4.04,40,1975.6,763.2
P-0043,Grocery,2024-03-24 17:56:45.561112224,23.91,30.55,33.44,43,131,0,Spring,Sunday,4.11,43,1313.65,285.52
P-0001,Sports,2024-03-24 21:27:02.484496896,84.06,109.87,113.63,46,134,1,Spring,Sunday,4.15,46,5054.02,1187.26
P-0091,Sports,2024-03-25 00:57:19.407881576,74.94,98.88,97.58,31,228,1,Spring,Monday,4.54,31,3065.28,742.14
P-0100,Home,2024-03-25 04:27:36.331266256,69.66,90.83,90.0,27,159,0,Spring,Monday,4.89,27,2452.41,571.59
P-0014,Beauty,2024-03-25 07:57:53.254650928,53.77,96.59,89.49,37,208,1,Spring,Monday,4.11,37,3573.83,1584.34
P-0010,Beauty,2024-03-25 11:28:10.178035608,57.95,89.88,81.43,20,230,0,Spring,Monday,4.88,20,1797.6,638.6
P-0015,Home,2024-03-25 14:58:27.101420288,105.28,170.2,188.25,22,135,0,Spring,Monday,4.17,22,3744.4,1428.24
P-0028,Home,2024-03-25 18:28:44.024804960,91.99,116.03,124.25,19,255,0,Spring,Monday,4.73,19,2204.57,456.76
P-0044,Electronics,2024-03-25 21:59:00.948189640,136.33,191.89,196.99,29,56,1,Spring,Monday,4.19,29,5564.81,1611.24
P-0080,Grocery,2024-03-26 01:29:17.871574312,18.08,25.04,26.33,37,228,0,Spring,Tuesday,3.88,37,926.48,257.52
P-0091,Grocery,2024-03-26 04:59:34.794958992,31.88,47.55,48.62,43,222,0,Spring,Tuesday,4.96,43,2044.65,673.81
P-0086,Grocery,2024-03-26 08:29:51.718343672,19.8,30.46,34.23,39,39,1,Spring,Tuesday,3.84,39,1187.94,415.74
P-0093,Home,2024-03-26 12:00:08.641728344,116.69,178.67,199.44,27,52,0,Spring,Tuesday,3.81,27,4824.09,1673.46
P-0006,Electronics,2024-03-26 15:30:25.565113024,178.61,242.45,224.24,17,24,1,Spring,Tuesday,3.53,17,4121.65,1085.28
P-0096,Beauty,2024-03-26 19:00:42.488497704,53.39,71.25,78.76,24,82,0,Spring,Tuesday,4.67,24,1710.0,428.64
P-0066,Beauty,2024-03-26 22:30:59.411882376,60.5,111.19,103.17,33,257,0,Spring,Tuesday,4.78,33,3669.27,1672.77
P-0013,Sports,2024-03-27 02:01:16.335267056,69.5,82.85,86.88,23,45,0,Spring,Wednesday,4.27,23,1905.55,307.05
P-0100,Sports,2024-03-27 05:31:33.258651728,100.38,147.85,154.94,23,23,1,Spring,Wednesday,3.66,23,3400.55,1091.81
P-0071,Sports,2024-03-27 09:01:50.182036408,80.97,101.96,112.77,19,127,0,Spring,Wednesday,4.1,19,1937.24,398.81
P-0076,Sports,2024-03-27 12:32:07.105421088,85.9,112.06,126.88,28,101,0,Spring,Wednesday,3.96,28,3137.68,732.48
P-0065,Sports,2024-03-27 16:02:24.028805760,76.57,109.47,113.41,22,169,1,Spring,Wednesday,3.64,22,2408.34,723.8
P-0079,Beauty,2024-03-27 19:32:40.952190440,60.8,96.27,89.1,28,163,0,Spring,Wednesday,3.88,28,2695.56,993.16
P-0004,Electronics,2024-03-27 23:02:57.875575112,263.05,504.01,457.86,16,217,0,Spring,Wednesday,4.33,16,8064.16,3855.36
P-0056,Electronics,2024-03-28 02:33:14.798959792,205.59,284.23,317.65,16,116,0,Spring,Thursday,3.83,16,4547.68,1258.24
P-0068,Home,2024-03-28 06:03:31.722344472,121.29,188.04,211.9,32,128,1,Spring,Thursday,4.23,32,6017.28,2136.0
P-0087,Home,2024-03-28 09:33:48.645729144,85.7,129.8,141.38,20,20,1,Spring,Thursday,3.3,20,2596.0,882.0
P-0070,Electronics,2024-03-28 13:04:05.569113824,235.67,361.84,340.1,14,252,0,Spring,Thursday,4.86,14,5065.76,1766.38
P-0025,Sports,2024-03-28 16:34:22.492498504,86.26,121.94,131.24,17,67,0,Spring,Thursday,3.92,17,2072.98,606.56
P-0066,Electronics,2024-03-28 20:04:39.415883176,174.1,238.49,254.96,23,160,0,Spring,Thursday,4.49,23,5485.27,1480.97
P-0025,Sports,2024-03-28 23:34:56.339267856,82.74,154.3,141.13,17,230,0,Spring,Thursday,4.18,17,2623.1,1216.52
P-0022,Grocery,2024-03-29 03:05:13.262652528,24.03,35.45,32.52,31,163,0,Spring,Friday,4.28,31,1098.95,354.02
P-0062,Grocery,2024-03-29 06:35:30.186037208,20.72,38.06,36.57,26,168,0,Spring,Friday,3.59,26,989.56,450.84
P-0034,Grocery,2024-03-29 10:05:47.109421888,25.37,36.6,39.81,42,57,0,Spring,Friday,3.76,42,1537.2,471.66
P-0034,Home,2024-03-29 13:36:04.032806560,97.22,149.84,154.24,20,188,0,Spring,Friday,3.77,20,2996.8,1052.4
P-0056,Grocery,2024-03-29 17:06:20.956191240,23.72,34.09,36.39,53,61,1,Spring,Friday,4.11,53,1806.77,549.61
P-0020,Electronics,2024-03-29 20:36:37.879575912,207.7,336.29,322.97,18,184,0,Spring,Friday,4.7,18,6053.22,2314.62
P-0014,Sports,2024-03-30 00:06:54.802960592,78.85,136.09,127.52,34,156,1,Spring,Saturday,4.29,34,4627.06,1946.16
P-0044,Home,2024-03-30 03:37:11.726345272,89.41,131.6,143.97,33,134,0,Spring,Saturday,3.69,33,4342.8,1392.27
P-0016,Home,2024-03-30 07:07:28.649729944,97.13,145.54,132.85,22,191,0,Spring,Saturday,4.14,22,3201.88,1065.02
P-0074,Grocery,2024-03-30 10:37:45.573114624,21.53,33.51,33.81,45,191,1,Spring,Saturday,4.06,45,1507.95,539.1
P-0070,Grocery,2024-03-30 14:08:02.496499304,34.2,52.92,49.42,38,65,0,Spring,Saturday,3.94,38,2010.96,711.36
P-0095,Beauty,2024-03-30 17:38:19.419883976,42.6,60.84,68.18,29,107,0,Spring,Saturday,4.09,29,1764.36,528.96
P-0017,Grocery,2024-03-30 21:08:36.343268656,21.75,32.61,33.74,43,133,0,Spring,Saturday,4.44,43,1402.23,466.98
P-0075,Electronics,2024-03-31 00:38:53.266653328,193.01,230.02,260.34,36,52,1,Spring,Sunday,3.78,36,8280.72,1332.36
P-0002,Grocery,2024-03-31 04:09:10.190038008,31.84,55.43,52.67,47,102,1,Spring,Sunday,3.94,47,2605.21,1108.73
P-0062,Home,2024-03-31 07:39:27.113422688,74.93,101.15,112.5,25,25,0,Spring,Sunday,4.54,25,2528.75,655.5
P-0019,Home,2024-03-31 11:09:44.036807360,101.47,151.49,157.61,27,122,1,Spring,Sunday,4.31,27,4090.23,1350.54
P-0073,Electronics,2024-03-31 14:40:00.960192040,218.35,377.64,353.72,14,65,0,Spring,Sunday,4.68,14,5286.96,2230.06
P-0008,Home,2024-03-31 18:10:17.883576712,100.07,170.64,161.02,26,69,0,Spring,Sunday,4.75,26,4436.64,1834.82
P-0005,Home,2024-03-31 21:40:34.806961392,113.79,195.48,189.11,19,215,0,Spring,Sunday,3.49,19,3714.12,1552.11
P-0029,Beauty,2024-04-01 01:10:51.730346072,65.7,93.77,89.6,37,49,1,Spring,Monday,4.23,37,3469.49,1038.59
P-0036,Electronics,2024-04-01 04:41:08.653730744,194.85,264.66,255.39,14,44,0,Spring,Monday,3.87,14,3705.24,977.34
P-0077,Electronics,2024-04-01 08:11:25.577115424,216.52,362.22,350.34,11,93,0,Spring,Monday,3.56,11,3984.42,1602.7
P-0020,Beauty,2024-04-01 11:41:42.500500104,38.6,51.34,53.26,20,20,0,Spring,Monday,3.74,20,1026.8,254.8
P-0079,Electronics,2024-04-01 15:11:59.423884776,213.33,248.39,280.11,13,227,0,Spring,Monday,3.96,13,3229.07,455.78
P-0050,Grocery,2024-04-01 18:42:16.347269456,20.95,27.31,27.7,43,256,0,Spring,Monday,3.97,43,1174.33,273.48
P-0008,Sports,2024-04-01 22:12:33.270654128,77.61,98.32,110.36,21,212,0,Spring,Monday,3.83,21,2064.72,434.91
P-0096,Home,2024-04-02 01:42:50.194038808,69.38,123.64,124.57,21,210,0,Spring,Tuesday,4.09,21,2596.44,1139.46
P-0058,Sports,2024-04-02 05:13:07.117423488,85.18,112.86,113.84,29,39,0,Spring,Tuesday,5.0,29,3272.94,802.72
P-0086,Electronics,2024-04-02 08:43:24.040808160,153.0,199.69,216.37,12,150,0,Spring,Tuesday,3.32,12,2396.28,560.28
P-0009,Electronics,2024-04-02 12:13:40.964192840,214.98,403.35,377.59,24,36,1,Spring,Tuesday,4.61,24,9680.4,4520.88
P-0046,Grocery,2024-04-02 15:43:57.887577520,19.29,36.01,34.33,48,88,1,Spring,Tuesday,4.09,48,1728.48,802.56
P-0019,Grocery,2024-04-02 19:14:14.810962192,20.74,28.95,28.54,44,135,1,Spring,Tuesday,3.9,44,1273.8,361.24
P-0052,Grocery,2024-04-02 22:44:31.734346872,28.43,54.34,49.3,20,181,0,Spring,Tuesday,3.19,20,1086.8,518.2
P-0079,Electronics,2024-04-03 02:14:48.657731544,229.75,289.18,304.74,14,82,0,Spring,Wednesday,4.44,14,4048.52,832.02
P-0085,Grocery,2024-04-03 05:45:05.581116224,28.41,44.7,47.41,41,77,0,Spring,Wednesday,3.45,41,1832.7,667.89
P-0098,Home,2024-04-03 09:15:22.504500904,118.71,137.9,149.24,24,216,0,Spring,Wednesday,4.47,24,3309.6,460.56
P-0027,Home,2024-04-03 12:45:39.427885576,83.25,123.99,122.68,24,69,0,Spring,Wednesday,4.88,24,2975.76,977.76
P-0028,Electronics,2024-04-03 16:15:56.351270256,260.37,335.36,360.88,17,134,0,Spring,Wednesday,3.52,17,5701.12,1274.83
P-0077,Sports,2024-04-03 19:46:13.274654928,61.24,109.14,100.26,19,85,0,Spring,Wednesday,4.63,19,2073.66,910.1
P-0078,Electronics,2024-04-03 23:16:30.198039608,235.07,282.01,295.91,26,223,1,Spring,Wednesday,4.11,26,7332.26,1220.44
P-0033,Grocery,2024-04-04 02:46:47.121424288,22.11,33.22,33.29,26,146,0,Spring,Thursday,3.16,26,863.72,288.86
P-0035,Grocery,2024-04-04 06:17:04.044808960,20.43,33.61,33.37,41,41,1,Spring,Thursday,3.56,41,1378.01,540.38
P-0020,Grocery,2024-04-04 09:47:20.968193640,26.36,32.08,33.63,38,51,0,Spring,Thursday,4.18,38,1219.04,217.36
P-0079,Grocery,2024-04-04 13:17:37.891578320,27.63,50.93,48.17,49,252,1,Spring,Thursday,4.28,49,2495.57,1141.7
P-0012,Sports,2024-04-04 16:47:54.814962992,91.72,138.99,132.87,22,245,0,Spring,Thursday,3.39,22,3057.78,1039.94
P-0058,Electronics,2024-04-04 20:18:11.738347672,217.22,309.5,291.27,16,202,0,Spring,Thursday,4.11,16,4952.0,1476.48
P-0039,Electronics,2024-04-04 23:48:28.661732344,214.43,302.12,294.63,13,33,0,Spring,Thursday,4.47,13,3927.56,1139.97
P-0055,Beauty,2024-04-05 03:18:45.585117024,59.64,84.85,85.67,26,194,0,Spring,Friday,4.55,26,2206.1,655.46
P-0093,Home,2024-04-05 06:49:02.508501704,99.62,133.73,135.39,24,176,1,Spring,Friday,3.91,24,3209.52,818.64
P-0081,Electronics,2024-04-05 10:19:19.431886376,228.19,367.47,349.32,23,245,0,Spring,Friday,4.3,23,8451.81,3203.44
P-0091,Electronics,2024-04-05 13:49:36.355271056,216.85,336.32,346.55,24,134,1,Spring,Friday,4.58,24,8071.68,2867.28
P-0070,Home,2024-04-05 17:19:53.278655728,107.81,158.04,160.46,33,130,0,Spring,Friday,4.48,33,5215.32,1657.59
P-0043,Electronics,2024-04-05 20:50:10.202040408,155.33,212.02,230.64,40,169,1,Spring,Friday,4.5,40,8480.8,2267.6
P-0098,Electronics,2024-04-06 00:20:27.125425088,205.59,360.27,345.38,8,51,0,Spring,Saturday,4.15,8,2882.16,1237.44
P-0057,Sports,2024-04-06 03:50:44.048809760,62.29,79.23,88.18,28,197,0,Spring,Saturday,4.06,28,2218.44,474.32
P-0037,Home,2024-04-06 07:21:00.972194440,99.21,176.59,157.99,33,136,1,Spring,Saturday,4.22,33,5827.47,2553.54
P-0086,Sports,2024-04-06 10:51:17.895579120,101.02,160.85,175.89,22,61,0,Spring,Saturday,3.76,22,3538.7,1316.26
P-0096,Sports,2024-04-06 14:21:34.818963792,73.93,98.57,101.42,32,214,0,Spring,Saturday,4.6,32,3154.24,788.48
P-0048,Electronics,2024-04-06 17:51:51.742348472,214.28,319.46,340.91,10,79,0,Spring,Saturday,3.41,10,3194.6,1051.8
P-0083,Grocery,2024-04-06 21:22:08.665733144,26.9,45.26,47.65,45,225,0,Spring,Saturday,3.87,45,2036.7,826.2
P-0050,Beauty,2024-04-07 00:52:25.589117824,36.8,54.3,56.72,45,81,1,Spring,Sunday,4.08,45,2443.5,787.5
P-0050,Grocery,2024-04-07 04:22:42.512502504,22.0,41.38,39.32,40,134,0,Spring,Sunday,4.31,40,1655.2,775.2
P-0053,Electronics,2024-04-07 07:52:59.435887176,222.25,291.22,315.71,43,122,1,Spring,Sunday,4.4,43,12522.46,2965.71
P-0051,Electronics,2024-04-07 11:23:16.359271856,112.66,165.83,175.79,22,194,1,Spring,Sunday,4.77,22,3648.26,1169.74
P-0090,Electronics,2024-04-07 14:53:33.282656528,177.18,227.69,251.79,29,60,1,Spring,Sunday,4.13,29,6603.01,1464.79
P-0091,Beauty,2024-04-07 18:23:50.206041208,64.69,77.71,80.99,27,75,0,Spring,Sunday,3.78,27,2098.17,351.54
P-0080,Sports,2024-04-07 21:54:07.129425888,92.84,184.65,166.97,18,62,0,Spring,Sunday,4.03,18,3323.7,1652.58
P-0059,Grocery,2024-04-08 01:24:24.052810560,25.44,34.15,35.16,57,71,1,Spring,Monday,3.96,57,1946.55,496.47
P-0012,Grocery,2024-04-08 04:54:40.976195240,27.39,52.15,48.9,31,125,0,Spring,Monday,4.33,31,1616.65,767.56
P-0034,Sports,2024-04-08 08:24:57.899579920,82.75,131.94,133.16,23,158,0,Spring,Monday,3.62,23,3034.62,1131.37
P-0015,Grocery,2024-04-08 11:55:14.822964592,26.13,45.1,45.65,43,226,1,Spring,Monday,4.02,43,1939.3,815.71
P-0005,Electronics,2024-04-08 15:25:31.746349272,199.39,382.94,355.31,13,118,0,Spring,Monday,4.83,13,4978.22,2386.15
P-0064,Sports,2024-04-08 18:55:48.669733944,81.48,112.84,127.3,28,115,1,Spring,Monday,4.18,28,3159.52,878.08
P-0030,Home,2024-04-08 22:26:05.593118624,85.39,167.15,153.69,15,54,0,Spring,Monday,3.63,15,2507.25,1226.4
P-0008,Electronics,2024-04-09 01:56:22.516503304,252.45,420.6,422.1,26,39,1,Spring,Tuesday,3.95,26,10935.6,4371.9
P-0022,Beauty,2024-04-09 05:26:39.439887976,68.39,101.43,105.19,27,201,1,Spring,Tuesday,3.1,27,2738.61,892.08
P-0007,Sports,2024-04-09 08:56:56.363272656,97.66,172.6,157.25,15,170,0,Spring,Tuesday,4.07,15,2589.0,1124.1
P-0013,Home,2024-04-09 12:27:13.286657328,88.8,115.86,120.49,32,145,0,Spring,Tuesday,4.84,32,3707.52,865.92
P-0050,Beauty,2024-04-09 15:57:30.210042008,46.61,65.26,58.55,33,123,1,Spring,Tuesday,3.57,33,2153.58,615.45
P-0068,Electronics,2024-04-09 19:27:47.133426688,252.91,388.71,351.86,22,142,1,Spring,Tuesday,3.44,22,8551.62,2987.6
P-0079,Electronics,2024-04-09 22:58:04.056811360,228.28,321.02,339.96,13,222,0,Spring,Tuesday,3.81,13,4173.26,1205.62
P-0040,Electronics,2024-04-10 02:28:20.980196040,221.04,292.39,304.02,25,61,1,Spring,Wednesday,4.51,25,7309.75,1783.75
P-0075,Grocery,2024-04-10 05:58:37.903580720,21.57,35.54,33.06,32,137,0,Spring,Wednesday,4.87,32,1137.28,447.04
P-0010,Sports,2024-04-10 09:28:54.826965392,85.45,127.67,137.73,14,74,0,Spring,Wednesday,4.3,14,1787.38,591.08
P-0013,Electronics,2024-04-10 12:59:11.750350072,173.53,295.06,279.5,15,40,1,Spring,Wednesday,3.52,15,4425.9,1822.95
P-0033,Home,2024-04-10 16:29:28.673734744,104.64,166.02,182.24,20,184,0,Spring,Wednesday,4.09,20,3320.4,1227.6
P-0064,Electronics,2024-04-10 19:59:45.597119424,256.33,424.39,456.65,35,187,1,Spring,Wednesday,4.91,35,14853.65,5882.1
P-0015,Electronics,2024-04-10 23:30:02.520504104,264.8,460.78,460.72,32,223,1,Spring,Wednesday,3.96,32,14744.96,6271.36
P-0001,Beauty,2024-04-11 03:00:19.443888776,61.24,103.19,97.44,20,20,0,Spring,Thursday,4.16,20,2063.8,839.0
P-0060,Grocery,2024-04-11 06:30:36.367273456,18.69,26.94,25.48,32,58,0,Spring,Thursday,4.21,32,862.08,264.0
P-0041,Grocery,2024-04-11 10:00:53.290658136,24.76,44.94,43.8,53,155,1,Spring,Thursday,3.4,53,2381.82,1069.54
P-0043,Home,2024-04-11 13:31:10.214042808,127.52,162.27,171.66,33,214,0,Spring,Thursday,4.55,33,5354.91,1146.75
P-0043,Beauty,2024-04-11 17:01:27.137427488,47.36,61.86,63.14,26,245,0,Spring,Thursday,4.48,26,1608.36,377.0
P-0094,Electronics,2024-04-11 20:31:44.060812160,208.01,278.29,296.34,9,208,0,Spring,Thursday,3.2,9,2504.61,632.52
P-0012,Electronics,2024-04-12 00:02:00.984196840,257.49,381.53,403.1,11,236,0,Spring,Friday,3.5,11,4196.83,1364.44
P-0061,Sports,2024-04-12 03:32:17.907581520,87.9,136.76,142.82,18,214,0,Spring,Friday,3.66,18,2461.68,879.48
P-0077,Grocery,2024-04-12 07:02:34.830966192,33.52,43.15,42.15,40,92,0,Spring,Friday,4.44,40,1726.0,385.2
P-0077,Sports,2024-04-12 10:32:51.754350872,70.62,110.17,118.49,40,157,1,Spring,Friday,3.76,40,4406.8,1582.0
P-0009,Sports,2024-04-12 14:03:08.677735544,67.33,80.69,90.64,29,170,0,Spring,Friday,4.28,29,2340.01,387.44
P-0034,Grocery,2024-04-12 17:33:25.601120224,28.7,42.43,40.56,36,101,0,Spring,Friday,4.02,36,1527.48,494.28
P-0097,Sports,2024-04-12 21:03:42.524504904,64.69,81.72,92.32,29,231,0,Spring,Friday,4.13,29,2369.88,493.87
P-0076,Home,2024-04-13 00:33:59.447889576,92.01,146.74,131.84,35,203,1,Spring,Saturday,4.32,35,5135.9,1915.55
P-0093,Electronics,2024-04-13 04:04:16.371274256,207.79,334.18,346.64,10,141,0,Spring,Saturday,4.22,10,3341.8,1263.9
P-0074,Electronics,2024-04-13 07:34:33.294658936,244.81,274.64,311.53,28,132,0,Spring,Saturday,4.09,28,7689.92,835.24
P-0007,Electronics,2024-04-13 11:04:50.218043608,230.64,342.14,313.23,16,209,0,Spring,Saturday,4.25,16,5474.24,1784.0
P-0100,Electronics,2024-04-13 14:35:07.141428288,225.36,291.28,284.47,12,69,0,Spring,Saturday,4.2,12,3495.36,791.04
P-0084,Home,2024-04-13 18:05:24.064812960,88.88,160.51,149.15,18,68,0,Spring,Saturday,4.01,18,2889.18,1289.34
P-0067,Grocery,2024-04-13 21:35:40.988197640,28.67,50.55,51.35,46,113,1,Spring,Saturday,3.91,46,2325.3,1006.48
P-0001,Grocery,2024-04-14 01:05:57.911582320,39.46,61.41,63.64,46,46,0,Spring,Sunday,4.95,46,2824.86,1009.7
P-0092,Beauty,2024-04-14 04:36:14.834966992,61.08,99.76,96.18,28,127,0,Spring,Sunday,3.9,28,2793.28,1083.04
P-0090,Electronics,2024-04-14 08:06:31.758351672,213.35,364.82,373.24,21,120,0,Spring,Sunday,4.72,21,7661.22,3180.87
P-0087,Grocery,2024-04-14 11:36:48.681736344,19.02,26.8,26.44,35,138,0,Spring,Sunday,3.79,35,938.0,272.3
P-0030,Home,2024-04-14 15:07:05.605121024,85.31,103.91,109.76,42,128,1,Spring,Sunday,4.46,42,4364.22,781.2
P-0092,Electronics,2024-04-14 18:37:22.528505704,202.82,297.94,310.41,25,234,0,Spring,Sunday,4.9,25,7448.5,2378.0
P-0001,Home,2024-04-14 22:07:39.451890376,86.87,108.89,121.03,40,82,1,Spring,Sunday,3.95,40,4355.6,880.8
P-0058,Home,2024-04-15 01:37:56.375275056,94.76,151.55,141.96,13,115,0,Spring,Monday,3.8,13,1970.15,738.27
P-0077,Home,2024-04-15 05:08:13.298659736,122.03,176.52,183.16,26,195,0,Spring,Monday,3.91,26,4589.52,1416.74
P-0023,Grocery,2024-04-15 08:38:30.222044408,28.79,45.72,41.04,41,84,0,Spring,Monday,4.09,41,1874.52,694.13
P-0097,Grocery,2024-04-15 12:08:47.145429088,23.39,33.44,35.49,48,175,0,Spring,Monday,4.24,48,1605.12,482.4
P-0059,Grocery,2024-04-15 15:39:04.068813760,19.36,28.08,28.25,40,250,0,Spring,Monday,4.08,40,1123.2,348.8
P-0017,Electronics,2024-04-15 19:09:20.992198440,254.94,318.92,334.53,17,106,0,Spring,Monday,3.91,17,5421.64,1087.66
P-0093,Grocery,2024-04-15 22:39:37.915583120,23.81,43.02,41.11,35,74,0,Spring,Monday,4.98,35,1505.7,672.35
P-0013,Grocery,2024-04-16 02:09:54.838967792,17.37,30.51,28.41,31,61,0,Spring,Tuesday,4.01,31,945.81,407.34
P-0098,Electronics,2024-04-16 05:40:11.762352472,233.94,296.81,297.74,13,17,0,Spring,Tuesday,3.82,13,3858.53,817.31
P-0098,Grocery,2024-04-16 09:10:28.685737144,27.94,35.53,36.7,51,84,0,Spring,Tuesday,4.47,51,1812.03,387.09
P-0095,Beauty,2024-04-16 12:40:45.609121824,33.65,46.43,43.85,28,223,0,Spring,Tuesday,4.48,28,1300.04,357.84
P-0033,Home,2024-04-16 16:11:02.532506504,82.47,98.05,105.89,40,77,1,Spring,Tuesday,4.74,40,3922.0,623.2
P-0045,Electronics,2024-04-16 19:41:19.455891176,206.29,270.88,264.56,17,248,0,Spring,Tuesday,4.97,17,4604.96,1098.03
P-0076,Beauty,2024-04-16 23:11:36.379275856,61.46,86.75,82.14,37,248,1,Spring,Tuesday,4.26,37,3209.75,935.73
P-0081,Electronics,2024-04-17 02:41:53.302660536,192.67,312.37,330.68,18,182,0,Spring,Wednesday,3.97,18,5622.66,2154.6
P-0021,Electronics,2024-04-17 06:12:10.226045208,182.04,322.07,310.47,8,255,0,Spring,Wednesday,3.24,8,2576.56,1120.24
P-0049,Electronics,2024-04-17 09:42:27.149429888,234.43,416.25,394.01,19,114,1,Spring,Wednesday,3.68,19,7908.75,3454.58
P-0039,Sports,2024-04-17 13:12:44.072814560,74.01,106.74,117.53,32,249,1,Spring,Wednesday,4.19,32,3415.68,1047.36
P-0070,Home,2024-04-17 16:43:00.996199240,103.24,162.94,170.13,34,148,1,Spring,Wednesday,3.57,34,5539.96,2029.8
P-0078,Home,2024-04-17 20:13:17.919583920,78.1,126.44,129.35,20,34,0,Spring,Wednesday,3.39,20,2528.8,966.8
P-0044,Home,2024-04-17 23:43:34.842968592,74.44,138.03,129.46,18,218,0,Spring,Wednesday,4.13,18,2484.54,1144.62
P-0090,Sports,2024-04-18 03:13:51.766353272,89.67,150.61,148.21,43,247,1,Spring,Thursday,4.45,43,6476.23,2620.42
P-0031,Beauty,2024-04-18 06:44:08.689737952,57.22,93.55,94.7,32,231,1,Spring,Thursday,3.99,32,2993.6,1162.56
P-0076,Sports,2024-04-18 10:14:25.613122624,91.81,148.6,155.36,26,117,0,Spring,Thursday,4.5,26,3863.6,1476.54
P-0045,Home,2024-04-18 13:44:42.536507304,86.9,119.13,135.22,31,40,0,Spring,Thursday,4.38,31,3693.03,999.13
P-0011,Electronics,2024-04-18 17:14:59.459891976,183.28,221.72,250.57,26,158,0,Spring,Thursday,4.62,26,5764.72,999.44
P-0031,Beauty,2024-04-18 20:45:16.383276656,66.97,81.42,86.83,34,227,0,Spring,Thursday,5.0,34,2768.28,491.3
P-0084,Home,2024-04-19 00:15:33.306661336,71.85,96.58,106.37,28,220,0,Spring,Friday,5.0,28,2704.24,692.44
P-0043,Grocery,2024-04-19 03:45:50.230046008,28.81,34.05,37.47,53,166,0,Spring,Friday,4.43,53,1804.65,277.72
P-0079,Sports,2024-04-19 07:16:07.153430688,96.9,133.36,130.15,22,207,0,Spring,Friday,3.89,22,2933.92,802.12
P-0068,Beauty,2024-04-19 10:46:24.076815360,62.57,81.03,79.03,21,22,0,Spring,Friday,4.13,21,1701.63,387.66
P-0042,Sports,2024-04-19 14:16:41.000200040,71.2,89.75,100.76,35,167,0,Spring,Friday,4.81,35,3141.25,649.25
P-0021,Beauty,2024-04-19 17:46:57.923584720,47.81,87.19,85.27,14,41,0,Spring,Friday,3.7,14,1220.66,551.32
P-0073,Home,2024-04-19 21:17:14.846969392,91.81,122.52,133.9,23,198,0,Spring,Friday,4.75,23,2817.96,706.33
P-0068,Beauty,2024-04-20 00:47:31.770354072,43.6,58.5,60.28,26,26,1,Spring,Saturday,4.02,26,1521.0,387.4
P-0032,Electronics,2024-04-20 04:17:48.693738752,177.69,292.28,261.54,10,160,0,Spring,Saturday,4.2,10,2922.8,1145.9
P-0008,Grocery,2024-04-20 07:48:05.617123424,26.48,37.69,37.49,49,247,1,Spring,Saturday,3.74,49,1846.81,549.29
P-0039,Electronics,2024-04-20 11:18:22.540508104,231.82,333.69,375.69,17,42,0,Spring,Saturday,3.5,17,5672.73,1731.79
P-0001,Home,2024-04-20 14:48:39.463892776,79.05,121.78,126.4,17,119,0,Spring,Saturday,3.97,17,2070.26,726.41
P-0078,Beauty,2024-04-20 18:18:56.387277456,60.95,80.26,77.1,25,25,1,Spring,Saturday,4.69,25,2006.5,482.75
P-0024,Electronics,2024-04-20 21:49:13.310662136,225.26,322.12,344.92,17,190,0,Spring,Saturday,3.78,17,5476.04,1646.62
P-0040,Electronics,2024-04-21 01:19:30.234046808,260.73,368.01,331.1,18,241,0,Spring,Sunday,4.83,18,6624.18,1931.04
P-0021,Grocery,2024-04-21 04:49:47.157431488,26.19,41.73,42.49,15,15,1,Spring,Sunday,3.84,15,625.95,233.1
P-0092,Electronics,2024-04-21 08:20:04.080816160,245.57,383.55,433.36,19,148,0,Spring,Sunday,3.62,19,7287.45,2621.62
P-0084,Beauty,2024-04-21 11:50:21.004200840,59.2,104.56,103.55,21,209,0,Spring,Sunday,4.21,21,2195.76,952.56
P-0094,Home,2024-04-21 15:20:37.927585520,109.89,156.13,149.8,21,21,1,Spring,Sunday,4.41,21,3278.73,971.04
P-0076,Home,2024-04-21 18:50:54.850970192,75.44,123.79,125.11,18,133,0,Spring,Sunday,4.18,18,2228.22,870.3
P-0013,Electronics,2024-04-21 22:21:11.774354872,205.91,382.88,347.2,13,46,0,Spring,Sunday,4.17,13,4977.44,2300.61
P-0067,Grocery,2024-04-22 01:51:28.697739552,23.85,45.12,41.15,55,241,1,Spring,Monday,4.82,55,2481.6,1169.85
P-0046,Sports,2024-04-22 05:21:45.621124224,76.88,97.8,107.08,45,139,1,Spring,Monday,4.14,45,4401.0,941.4
P-0071,Electronics,2024-04-22 08:52:02.544508904,224.91,302.95,336.91,11,142,0,Spring,Monday,3.89,11,3332.45,858.44
P-0070,Sports,2024-04-22 12:22:19.467893576,88.12,115.44,120.89,20,259,0,Spring,Monday,3.59,20,2308.8,546.4
P-0067,Beauty,2024-04-22 15:52:36.391278256,58.45,75.76,73.84,46,208,1,Spring,Monday,4.67,46,3484.96,796.26
P-0063,Grocery,2024-04-22 19:22:53.314662936,23.32,38.52,37.6,56,91,1,Spring,Monday,3.91,56,2157.12,851.2
P-0083,Grocery,2024-04-22 22:53:10.238047608,21.17,29.76,31.49,48,169,0,Spring,Monday,3.95,48,1428.48,412.32
P-0088,Grocery,2024-04-23 02:23:27.161432288,28.21,43.34,39.11,36,87,0,Spring,Tuesday,4.57,36,1560.24,544.68
P-0054,Grocery,2024-04-23 05:53:44.084816960,25.34,41.47,43.48,42,142,0,Spring,Tuesday,5.0,42,1741.74,677.46
P-0001,Beauty,2024-04-23 09:24:01.008201640,46.04,75.22,70.1,21,214,0,Spring,Tuesday,4.21,21,1579.62,612.78
P-0002,Beauty,2024-04-23 12:54:17.931586320,53.3,103.41,95.78,35,247,1,Spring,Tuesday,4.04,35,3619.35,1753.85
P-0004,Home,2024-04-23 16:24:34.854970992,68.5,104.38,115.51,35,248,1,Spring,Tuesday,4.1,35,3653.3,1255.8
P-0087,Electronics,2024-04-23 19:54:51.778355672,211.19,341.52,364.95,16,136,0,Spring,Tuesday,3.9,16,5464.32,2085.28
P-0046,Grocery,2024-04-23 23:25:08.701740352,23.24,36.27,38.93,54,234,1,Spring,Tuesday,3.94,54,1958.58,703.62
P-0048,Electronics,2024-04-24 02:55:25.625125024,190.7,274.61,249.48,26,233,1,Spring,Wednesday,3.94,26,7139.86,2181.66
P-0029,Home,2024-04-24 06:25:42.548509704,119.09,147.65,153.12,25,148,0,Spring,Wednesday,4.51,25,3691.25,714.0
P-0093,Electronics,2024-04-24 09:55:59.471894376,171.15,324.31,300.08,19,23,1,Spring,Wednesday,4.06,19,6161.89,2910.04
P-0024,Electronics,2024-04-24 13:26:16.395279056,233.73,308.29,309.93,16,44,0,Spring,Wednesday,4.71,16,4932.64,1192.96
P-0090,Grocery,2024-04-24 16:56:33.318663736,32.4,46.98,47.47,52,176,1,Spring,Wednesday,4.05,52,2442.96,758.16
P-0068,Grocery,2024-04-24 20:26:50.242048408,28.14,48.93,44.61,24,218,0,Spring,Wednesday,3.93,24,1174.32,498.96
P-0040,Home,2024-04-24 23:57:07.165433088,94.52,127.34,129.17,31,238,0,Spring,Wednesday,4.68,31,3947.54,1017.42
P-0067,Electronics,2024-04-25 03:27:24.088817768,171.9,250.05,236.17,13,74,0,Spring,Thursday,4.11,13,3250.65,1015.95
P-0094,Home,2024-04-25 06:57:41.012202440,74.3,109.9,111.93,29,235,0,Spring,Thursday,4.04,29,3187.1,1032.4
P-0007,Home,2024-04-25 10:27:57.935587120,88.74,116.26,128.54,23,217,0,Spring,Thursday,4.12,23,2673.98,632.96
P-0006,Grocery,2024-04-25 13:58:14.858971792,21.36,30.93,34.65,35,133,0,Spring,Thursday,4.76,35,1082.55,334.95
P-0018,Beauty,2024-04-25 17:28:31.782356472,48.67,58.45,62.85,36,106,0,Spring,Thursday,4.24,36,2104.2,352.08
P-0067,Beauty,2024-04-25 20:58:48.705741152,52.13,83.4,79.18,24,130,0,Spring,Thursday,4.66,24,2001.6,750.48
P-0053,Beauty,2024-04-26 00:29:05.629125824,54.1,70.6,72.81,19,180,0,Spring,Friday,3.99,19,1341.4,313.5
P-0069,Sports,2024-04-26 03:59:22.552510504,86.21,135.03,136.53,21,213,0,Spring,Friday,4.59,21,2835.63,1025.22
P-0041,Grocery,2024-04-26 07:29:39.475895176,19.25,22.87,25.29,45,57,0,Spring,Friday,4.21,45,1029.15,162.9
P-0085,Beauty,2024-04-26 10:59:56.399279856,49.0,68.55,66.58,38,97,1,Spring,Friday,4.5,38,2604.9,742.9
P-0047,Beauty,2024-04-26 14:30:13.322664536,53.59,97.28,90.68,27,44,1,Spring,Friday,4.53,27,2626.56,1179.63
P-0048,Electronics,2024-04-26 18:00:30.246049208,203.43,289.0,280.6,21,244,0,Spring,Friday,3.68,21,6069.0,1796.97
P-0049,Sports,2024-04-26 21:30:47.169433888,103.51,191.28,171.35,22,114,0,Spring,Friday,4.13,22,4208.16,1930.94
P-0025,Home,2024-04-27 01:01:04.092818568,98.53,121.95,137.96,25,76,0,Spring,Saturday,4.53,25,3048.75,585.5
P-0098,Home,2024-04-27 04:31:21.016203240,70.47,85.9,97.2,25,64,0,Spring,Saturday,4.6,25,2147.5,385.75
P-0005,Sports,2024-04-27 08:01:37.939587920,85.35,120.73,120.73,27,33,0,Spring,Saturday,4.66,27,3259.71,955.26
P-0003,Grocery,2024-04-27 11:31:54.862972592,26.1,42.73,45.27,37,130,0,Spring,Saturday,4.15,37,1581.01,615.31
P-0047,Electronics,2024-04-27 15:02:11.786357272,205.8,315.74,302.21,21,204,0,Spring,Saturday,4.79,21,6630.54,2308.74
P-0069,Electronics,2024-04-27 18:32:28.709741952,169.23,250.71,234.23,19,94,1,Spring,Saturday,3.8,19,4763.49,1548.12
P-0046,Electronics,2024-04-27 22:02:45.633126624,269.07,376.08,415.75,17,114,0,Spring,Saturday,3.43,17,6393.36,1819.17
P-0080,Beauty,2024-04-28 01:33:02.556511304,45.59,73.34,66.66,23,170,0,Spring,Sunday,3.98,23,1686.82,638.25
P-0036,Electronics,2024-04-28 05:03:19.479895976,232.2,347.04,391.17,21,102,0,Spring,Sunday,4.64,21,7287.84,2411.64
P-0024,Sports,2024-04-28 08:33:36.403280656,82.56,154.87,148.17,30,196,0,Spring,Sunday,3.61,30,4646.1,2169.3
P-0064,Sports,2024-04-28 12:03:53.326665336,87.69,131.27,135.01,32,93,1,Spring,Sunday,3.44,32,4200.64,1394.56
P-0025,Beauty,2024-04-28 15:34:10.250050008,70.02,109.14,104.92,19,124,0,Spring,Sunday,3.33,19,2073.66,743.28
P-0054,Beauty,2024-04-28 19:04:27.173434688,59.94,77.9,86.23,34,255,0,Spring,Sunday,4.43,34,2648.6,610.64
P-0064,Home,2024-04-28 22:34:44.096819368,86.51,170.65,154.45,11,219,0,Spring,Sunday,3.45,11,1877.15,925.54
P-0012,Electronics,2024-04-29 02:05:01.020204040,247.16,413.98,374.65,12,155,0,Spring,Monday,4.35,12,4967.76,2001.84
P-0023,Grocery,2024-04-29 05:35:17.943588720,21.58,29.23,29.09,41,111,0,Spring,Monday,3.95,41,1198.43,313.65
P-0005,Electronics,2024-04-29 09:05:34.866973392,215.5,385.13,384.25,16,258,0,Spring,Monday,3.75,16,6162.08,2714.08
P-0022,Electronics,2024-04-29 12:35:51.790358072,166.55,305.79,296.21,8,128,0,Spring,Monday,3.65,8,2446.32,1113.92
P-0090,Home,2024-04-29 16:06:08.713742752,79.29,120.38,118.11,18,99,0,Spring,Monday,4.19,18,2166.84,739.62
P-0002,Electronics,2024-04-29 19:36:25.637127424,211.73,308.4,305.21,16,161,0,Spring,Monday,3.76,16,4934.4,1546.72
P-0075,Home,2024-04-29 23:06:42.560512104,100.59,166.88,163.38,24,116,0,Spring,Monday,4.1,24,4005.12,1590.96
P-0018,Grocery,2024-04-30 02:36:59.483896776,17.46,32.35,29.79,49,232,1,Spring,Tuesday,4.28,49,1585.15,729.61
P-0047,Grocery,2024-04-30 06:07:16.407281456,25.91,40.54,39.49,38,66,0,Spring,Tuesday,4.38,38,1540.52,555.94
P-0001,Beauty,2024-04-30 09:37:33.330666136,47.79,63.43,68.43,27,27,0,Spring,Tuesday,4.52,27,1712.61,422.28
P-0050,Grocery,2024-04-30 13:07:50.254050808,28.91,45.0,40.93,41,120,0,Spring,Tuesday,4.17,41,1845.0,659.69
P-0094,Home,2024-04-30 16:38:07.177435488,89.65,119.43,128.17,31,247,1,Spring,Tuesday,3.63,31,3702.33,923.18
P-0012,Grocery,2024-04-30 20:08:24.100820168,19.69,23.81,25.89,30,30,0,Spring,Tuesday,4.31,30,714.3,123.6
P-0032,Beauty,2024-04-30 23:38:41.024204840,55.67,104.58,93.43,24,213,0,Spring,Tuesday,4.4,24,2509.92,1173.84
P-0027,Home,2024-05-01 03:08:57.947589520,81.07,98.73,106.02,13,15,0,Spring,Wednesday,4.02,13,1283.49,229.58
P-0071,Sports,2024-05-01 06:39:14.870974192,96.24,127.81,141.38,21,151,0,Spring,Wednesday,3.97,21,2684.01,662.97
P-0083,Home,2024-05-01 10:09:31.794358872,95.01,164.81,162.39,27,126,0,Spring,Wednesday,5.0,27,4449.87,1884.6
P-0028,Electronics,2024-05-01 13:39:48.717743552,204.9,325.36,301.67,10,54,0,Spring,Wednesday,3.52,10,3253.6,1204.6
P-0013,Home,2024-05-01 17:10:05.641128224,104.0,131.38,146.86,31,197,0,Spring,Wednesday,4.32,31,4072.78,848.78
P-0089,Home,2024-05-01 20:40:22.564512904,79.72,140.89,141.23,16,57,0,Spring,Wednesday,4.57,16,2254.24,978.72
P-0011,Home,2024-05-02 00:10:39.487897584,75.4,89.2,99.5,20,122,0,Spring,Thursday,3.95,20,1784.0,276.0
P-0086,Beauty,2024-05-02 03:40:56.411282256,58.59,100.01,101.75,27,151,0,Spring,Thursday,4.02,27,2700.27,1118.34
P-0056,Sports,2024-05-02 07:11:13.334666936,65.92,81.48,84.65,14,141,0,Spring,Thursday,3.92,14,1140.72,217.84
P-0079,Home,2024-05-02 10:41:30.258051608,78.28,105.58,115.65,22,22,0,Spring,Thursday,4.1,22,2322.76,600.6
P-0085,Beauty,2024-05-02 14:11:47.181436288,62.36,109.93,99.62,26,124,1,Spring,Thursday,4.5,26,2858.18,1236.82
P-0070,Home,2024-05-02 17:42:04.104820968,102.98,154.53,149.68,31,175,1,Spring,Thursday,4.01,31,4790.43,1598.05
P-0038,Grocery,2024-05-02 21:12:21.028205640,19.19,32.07,29.63,40,144,0,Spring,Thursday,5.0,40,1282.8,515.2
P-0033,Electronics,2024-05-03 00:42:37.951590320,189.2,282.84,257.73,12,193,0,Spring,Friday,3.9,12,3394.08,1123.68
P-0065,Electronics,2024-05-03 04:12:54.874974992,179.63,309.75,280.76,19,205,1,Spring,Friday,4.72,19,5885.25,2472.28
P-0052,Beauty,2024-05-03 07:43:11.798359672,70.63,99.08,93.51,30,58,0,Spring,Friday,4.34,30,2972.4,853.5
P-0091,Grocery,2024-05-03 11:13:28.721744352,27.48,44.23,46.38,35,211,0,Spring,Friday,4.15,35,1548.05,586.25
P-0077,Grocery,2024-05-03 14:43:45.645129024,22.38,37.94,35.16,35,234,0,Spring,Friday,4.76,35,1327.9,544.6
P-0090,Beauty,2024-05-03 18:14:02.568513704,60.07,91.45,91.01,24,220,0,Spring,Friday,3.38,24,2194.8,753.12
P-0040,Grocery,2024-05-03 21:44:19.491898384,18.79,22.73,24.05,37,223,0,Spring,Friday,4.29,37,841.01,145.78
P-0047,Home,2024-05-04 01:14:36.415283056,84.78,125.74,129.28,33,67,1,Spring,Saturday,3.78,33,4149.42,1351.68
P-0089,Electronics,2024-05-04 04:44:53.338667736,213.52,317.19,333.08,30,174,1,Spring,Saturday,3.9,30,9515.7,3110.1
P-0030,Electronics,2024-05-04 08:15:10.262052408,225.19,311.84,314.39,21,127,0,Spring,Saturday,3.88,21,6548.64,1819.65
P-0083,Electronics,2024-05-04 11:45:27.185437088,206.73,358.11,335.46,13,256,0,Spring,Saturday,3.67,13,4655.43,1967.94
P-0058,Home,2024-05-04 15:15:44.108821768,98.77,127.17,127.63,41,218,1,Spring,Saturday,3.36,41,5213.97,1164.4
P-0042,Beauty,2024-05-04 18:46:01.032206440,55.69,71.77,76.0,39,54,1,Spring,Saturday,4.27,39,2799.03,627.12
P-0093,Home,2024-05-04 22:16:17.955591120,92.51,137.99,153.16,27,245,0,Spring,Saturday,4.07,27,3725.73,1227.96
P-0027,Beauty,2024-05-05 01:46:34.878975792,52.39,75.68,69.73,20,185,0,Spring,Sunday,3.96,20,1513.6,465.8
P-0069,Beauty,2024-05-05 05:16:51.802360472,51.25,69.57,70.98,39,148,1,Spring,Sunday,4.44,39,2713.23,714.48
P-0036,Grocery,2024-05-05 08:47:08.725745152,24.89,39.46,40.02,40,124,0,Spring,Sunday,4.3,40,1578.4,582.8
P-0096,Grocery,2024-05-05 12:17:25.649129824,25.58,44.9,42.23,40,135,0,Spring,Sunday,3.98,40,1796.0,772.8
P-0055,Home,2024-05-05 15:47:42.572514504,98.02,135.82,125.3,26,203,0,Spring,Sunday,5.0,26,3531.32,982.8
P-0058,Home,2024-05-05 19:17:59.495899184,77.09,102.0,101.73,19,202,0,Spring,Sunday,4.56,19,1938.0,473.29
P-0032,Beauty,2024-05-05 22:48:16.419283856,46.21,71.3,69.1,22,150,0,Spring,Sunday,5.0,22,1568.6,551.98
P-0003,Beauty,2024-05-06 02:18:33.342668536,58.51,86.44,92.21,20,257,0,Spring,Monday,3.91,20,1728.8,558.6
P-0100,Home,2024-05-06 05:48:50.266053208,117.37,194.39,176.01,22,71,1,Spring,Monday,4.21,22,4276.58,1694.44
P-0045,Home,2024-05-06 09:19:07.189437888,97.32,158.84,156.29,17,119,0,Spring,Monday,3.54,17,2700.28,1045.84
P-0067,Grocery,2024-05-06 12:49:24.112822568,22.42,39.32,37.35,41,161,1,Spring,Monday,3.95,41,1612.12,692.9
P-0091,Grocery,2024-05-06 16:19:41.036207240,24.86,39.98,44.06,55,55,1,Spring,Monday,3.84,55,2198.9,831.6
P-0036,Electronics,2024-05-06 19:49:57.959591920,171.8,255.95,247.81,31,137,1,Spring,Monday,5.0,31,7934.45,2608.65
P-0004,Beauty,2024-05-06 23:20:14.882976592,66.52,86.32,89.12,17,219,0,Spring,Monday,3.79,17,1467.44,336.6
P-0079,Sports,2024-05-07 02:50:31.806361272,82.39,113.57,114.95,52,180,1,Spring,Tuesday,3.99,52,5905.64,1621.36
P-0062,Electronics,2024-05-07 06:20:48.729745952,187.51,260.59,249.67,6,189,0,Spring,Tuesday,3.45,6,1563.54,438.48
P-0065,Sports,2024-05-07 09:51:05.653130624,77.87,122.34,114.22,25,54,0,Spring,Tuesday,4.34,25,3058.5,1111.75
P-0038,Electronics,2024-05-07 13:21:22.576515304,192.29,320.61,332.64,28,50,1,Spring,Tuesday,3.69,28,8977.08,3592.96
P-0091,Beauty,2024-05-07 16:51:39.499899984,66.54,104.47,95.88,33,123,0,Spring,Tuesday,4.51,33,3447.51,1251.69
P-0041,Home,2024-05-07 20:21:56.423284656,91.93,114.18,122.44,30,94,1,Spring,Tuesday,3.3,30,3425.4,667.5
P-0004,Electronics,2024-05-07 23:52:13.346669336,215.22,335.88,330.89,16,17,0,Spring,Tuesday,4.05,16,5374.08,1930.56
P-0057,Sports,2024-05-08 03:22:30.270054008,87.34,143.7,156.83,23,150,0,Spring,Wednesday,3.27,23,3305.1,1296.28
P-0078,Beauty,2024-05-08 06:52:47.193438688,48.48,62.3,65.62,42,199,1,Spring,Wednesday,3.88,42,2616.6,580.44
P-0042,Sports,2024-05-08 10:23:04.116823368,82.48,151.52,138.39,21,194,0,Spring,Wednesday,3.97,21,3181.92,1449.84
P-0046,Home,2024-05-08 13:53:21.040208040,99.17,149.07,168.87,25,40,0,Spring,Wednesday,3.83,25,3726.75,1247.5
P-0093,Sports,2024-05-08 17:23:37.963592720,60.11,97.23,88.41,24,206,1,Spring,Wednesday,3.87,24,2333.52,890.88
P-0059,Sports,2024-05-08 20:53:54.886977400,83.23,126.95,132.4,32,108,0,Spring,Wednesday,4.54,32,4062.4,1399.04
P-0031,Beauty,2024-05-09 00:24:11.810362072,54.6,85.05,81.23,26,53,0,Spring,Thursday,5.0,26,2211.3,791.7
P-0037,Electronics,2024-05-09 03:54:28.733746752,214.37,269.6,298.89,15,130,0,Spring,Thursday,4.25,15,4044.0,828.45
P-0076,Grocery,2024-05-09 07:24:45.657131424,24.14,37.04,35.83,36,68,0,Spring,Thursday,3.71,36,1333.44,464.4
P-0075,Beauty,2024-05-09 10:55:02.580516104,57.28,81.93,74.6,28,179,0,Spring,Thursday,4.13,28,2294.04,690.2
P-0010,Sports,2024-05-09 14:25:19.503900784,97.12,161.27,159.16,23,197,0,Spring,Thursday,3.94,23,3709.21,1475.45
P-0078,Home,2024-05-09 17:55:36.427285456,77.07,127.14,131.49,25,192,0,Spring,Thursday,4.5,25,3178.5,1251.75
P-0034,Home,2024-05-09 21:25:53.350670136,89.8,136.41,127.43,25,43,1,Spring,Thursday,4.23,25,3410.25,1165.25
P-0014,Electronics,2024-05-10 00:56:10.274054808,232.4,381.44,362.91,7,100,0,Spring,Friday,3.39,7,2670.08,1043.28
P-0016,Grocery,2024-05-10 04:26:27.197439488,25.85,32.34,35.61,41,137,1,Spring,Friday,4.59,41,1325.94,266.09
P-0089,Sports,2024-05-10 07:56:44.120824168,85.88,117.88,113.37,33,256,0,Spring,Friday,4.54,33,3890.04,1056.0
P-0022,Electronics,2024-05-10 11:27:01.044208840,302.52,507.88,488.57,12,148,0,Spring,Friday,4.77,12,6094.56,2464.32
P-0052,Grocery,2024-05-10 14:57:17.967593520,26.36,37.0,34.89,40,175,1,Spring,Friday,3.87,40,1480.0,425.6
P-0057,Sports,2024-05-10 18:27:34.890978200,94.48,151.73,158.73,21,98,0,Spring,Friday,4.24,21,3186.33,1202.25
P-0050,Electronics,2024-05-10 21:57:51.814362872,199.68,272.83,279.45,7,87,0,Spring,Friday,3.57,7,1909.81,512.05
P-0035,Electronics,2024-05-11 01:28:08.737747552,176.64,333.48,300.32,27,210,1,Spring,Saturday,4.08,27,9003.96,4234.68
P-0003,Grocery,2024-05-11 04:58:25.661132224,22.79,33.69,33.11,43,219,1,Spring,Saturday,4.28,43,1448.67,468.7
P-0005,Grocery,2024-05-11 08:28:42.584516904,26.73,38.92,38.84,28,28,0,Spring,Saturday,3.81,28,1089.76,341.32
P-0049,Electronics,2024-05-11 11:58:59.507901584,223.67,415.38,371.92,18,146,1,Spring,Saturday,4.25,18,7476.84,3450.78
P-0087,Grocery,2024-05-11 15:29:16.431286256,25.55,36.57,39.11,61,205,1,Spring,Saturday,4.18,61,2230.77,672.22
P-0085,Beauty,2024-05-11 18:59:33.354670936,53.11,70.49,72.26,21,53,0,Spring,Saturday,3.9,21,1480.29,364.98
P-0068,Sports,2024-05-11 22:29:50.278055608,75.22,137.27,129.21,24,173,0,Spring,Saturday,4.73,24,3294.48,1489.2
P-0029,Sports,2024-05-12 02:00:07.201440288,77.7,117.37,111.66,23,131,0,Spring,Sunday,3.99,23,2699.51,912.41
P-0096,Grocery,2024-05-12 05:30:24.124824968,26.78,38.91,34.99,33,139,0,Spring,Sunday,4.16,33,1284.03,400.29
P-0039,Beauty,2024-05-12 09:00:41.048209640,62.4,95.7,92.28,16,160,0,Spring,Sunday,3.44,16,1531.2,532.8
P-0081,Home,2024-05-12 12:30:57.971594320,79.71,119.2,124.8,26,228,0,Spring,Sunday,4.33,26,3099.2,1026.74
P-0014,Beauty,2024-05-12 16:01:14.894979000,61.71,95.44,97.84,18,36,0,Spring,Sunday,3.89,18,1717.92,607.14
P-0056,Electronics,2024-05-12 19:31:31.818363672,188.14,289.97,321.64,22,64,0,Spring,Sunday,4.53,22,6379.34,2240.26
P-0022,Grocery,2024-05-12 23:01:48.741748352,25.8,43.99,39.93,44,99,0,Spring,Sunday,3.51,44,1935.56,800.36
P-0047,Electronics,2024-05-13 02:32:05.665133024,203.55,254.57,279.48,13,211,0,Spring,Monday,4.29,13,3309.41,663.26
P-0079,Beauty,2024-05-13 06:02:22.588517704,68.78,96.92,95.87,20,160,0,Spring,Monday,3.12,20,1938.4,562.8
P-0095,Electronics,2024-05-13 09:32:39.511902384,195.95,249.76,255.81,18,61,0,Spring,Monday,4.38,18,4495.68,968.58
P-0007,Home,2024-05-13 13:02:56.435287056,97.71,147.5,161.69,18,20,0,Spring,Monday,4.02,18,2655.0,896.22
P-0043,Home,2024-05-13 16:33:13.358671736,104.22,129.58,136.35,20,257,0,Spring,Monday,4.28,20,2591.6,507.2
P-0008,Grocery,2024-05-13 20:03:30.282056408,20.64,33.73,32.68,41,48,0,Spring,Monday,3.83,41,1382.93,536.69
P-0055,Grocery,2024-05-13 23:33:47.205441088,23.72,33.23,37.44,23,23,0,Spring,Monday,3.67,23,764.29,218.73
P-0100,Electronics,2024-05-14 03:04:04.128825768,201.04,375.97,338.15,10,114,0,Spring,Tuesday,3.9,10,3759.7,1749.3
P-0034,Sports,2024-05-14 06:34:21.052210440,73.42,104.1,94.79,27,150,0,Spring,Tuesday,4.19,27,2810.7,828.36
P-0039,Sports,2024-05-14 10:04:37.975595120,74.37,91.16,101.26,33,78,0,Spring,Tuesday,4.36,33,3008.28,554.07
P-0029,Home,2024-05-14 13:34:54.898979800,111.9,213.16,195.85,17,56,0,Spring,Tuesday,4.24,17,3623.72,1721.42
P-0085,Grocery,2024-05-14 17:05:11.822364472,21.7,32.55,33.95,35,36,0,Spring,Tuesday,3.68,35,1139.25,379.75
P-0085,Home,2024-05-14 20:35:28.745749152,103.61,139.44,155.59,31,114,0,Spring,Tuesday,4.93,31,4322.64,1110.73
P-0081,Electronics,2024-05-15 00:05:45.669133824,220.57,349.37,366.42,18,248,0,Spring,Wednesday,4.25,18,6288.66,2318.4
P-0025,Beauty,2024-05-15 03:36:02.592518504,42.71,80.12,74.59,21,51,0,Spring,Wednesday,3.82,21,1682.52,785.61
P-0022,Electronics,2024-05-15 07:06:19.515903184,227.44,329.82,317.2,15,155,0,Spring,Wednesday,4.29,15,4947.3,1535.7
P-0015,Sports,2024-05-15 10:36:36.439287856,61.91,101.3,108.08,41,62,1,Spring,Wednesday,4.22,41,4153.3,1614.99
P-0019,Sports,2024-05-15 14:06:53.362672536,88.04,121.38,115.31,19,180,0,Spring,Wednesday,4.02,19,2306.22,633.46
P-0073,Grocery,2024-05-15 17:37:10.286057208,22.05,41.39,39.42,29,29,0,Spring,Wednesday,3.97,29,1200.31,560.86
P-0055,Beauty,2024-05-15 21:07:27.209441888,55.07,78.13,73.83,29,64,1,Spring,Wednesday,4.54,29,2265.77,668.74
P-0085,Beauty,2024-05-16 00:37:44.132826568,43.61,61.49,60.9,16,16,1,Spring,Thursday,4.88,16,983.84,286.08
P-0066,Sports,2024-05-16 04:08:01.056211240,81.57,114.44,106.3,19,173,0,Spring,Thursday,3.18,19,2174.36,624.53
P-0093,Home,2024-05-16 07:38:17.979595920,109.09,190.84,184.58,29,191,0,Spring,Thursday,4.65,29,5534.36,2370.75
P-0006,Electronics,2024-05-16 11:08:34.902980600,182.89,298.17,327.62,16,57,0,Spring,Thursday,4.11,16,4770.72,1844.48
P-0067,Beauty,2024-05-16 14:38:51.826365272,49.66,75.42,70.19,42,126,1,Spring,Thursday,4.21,42,3167.64,1081.92
P-0012,Home,2024-05-16 18:09:08.749749952,101.91,139.48,145.64,22,86,0,Spring,Thursday,4.71,22,3068.56,826.54
P-0035,Home,2024-05-16 21:39:25.673134624,102.29,150.62,143.56,9,26,0,Spring,Thursday,2.91,9,1355.58,434.97
P-0046,Electronics,2024-05-17 01:09:42.596519304,128.21,178.37,171.18,10,24,0,Spring,Friday,4.47,10,1783.7,501.6
P-0052,Beauty,2024-05-17 04:39:59.519903984,72.74,117.61,122.43,41,245,0,Spring,Friday,4.68,41,4822.01,1839.67
P-0022,Home,2024-05-17 08:10:16.443288656,103.03,121.49,132.23,31,173,0,Spring,Friday,3.79,31,3766.19,572.26
P-0019,Electronics,2024-05-17 11:40:33.366673336,233.42,435.49,416.02,8,178,0,Spring,Friday,3.47,8,3483.92,1616.56
P-0015,Electronics,2024-05-17 15:10:50.290058016,205.18,391.37,361.12,14,87,0,Spring,Friday,4.84,14,5479.18,2606.66
P-0022,Home,2024-05-17 18:41:07.213442688,66.8,94.98,87.85,16,79,0,Spring,Friday,3.31,16,1519.68,450.88
P-0070,Sports,2024-05-17 22:11:24.136827368,88.64,140.77,136.62,41,209,1,Spring,Friday,4.29,41,5771.57,2137.33
P-0090,Home,2024-05-18 01:41:41.060212040,86.41,145.05,155.2,23,122,0,Spring,Saturday,4.56,23,3336.15,1348.72
P-0035,Grocery,2024-05-18 05:11:57.983596720,26.09,42.87,44.85,40,40,1,Spring,Saturday,4.28,40,1714.8,671.2
P-0085,Grocery,2024-05-18 08:42:14.906981400,23.16,40.39,38.06,40,134,0,Spring,Saturday,4.35,40,1615.6,689.2
P-0082,Home,2024-05-18 12:12:31.830366072,98.62,121.83,124.49,20,142,0,Spring,Saturday,3.98,20,2436.6,464.2
P-0028,Grocery,2024-05-18 15:42:48.753750752,21.02,28.58,27.07,29,154,0,Spring,Saturday,4.31,29,828.82,219.24
P-0020,Grocery,2024-05-18 19:13:05.677135424,27.32,43.97,46.08,37,146,0,Spring,Saturday,3.78,37,1626.89,616.05
P-0039,Beauty,2024-05-18 22:43:22.600520104,44.54,57.21,64.9,26,225,0,Spring,Saturday,3.84,26,1487.46,329.42
P-0012,Electronics,2024-05-19 02:13:39.523904784,285.45,473.22,461.75,18,74,0,Spring,Sunday,4.12,18,8517.96,3379.86
P-0096,Electronics,2024-05-19 05:43:56.447289456,285.2,483.89,472.45,16,159,0,Spring,Sunday,3.41,16,7742.24,3179.04
P-0082,Sports,2024-05-19 09:14:13.370674136,100.9,154.13,149.55,30,232,0,Spring,Sunday,4.36,30,4623.9,1596.9
P-0040,Grocery,2024-05-19 12:44:30.294058816,28.9,36.26,38.4,53,254,1,Spring,Sunday,2.98,53,1921.78,390.08
P-0051,Sports,2024-05-19 16:14:47.217443488,78.92,124.05,115.43,25,251,0,Spring,Sunday,4.26,25,3101.25,1128.25
P-0033,Sports,2024-05-19 19:45:04.140828168,94.93,163.65,164.14,35,193,1,Spring,Sunday,4.31,35,5727.75,2405.2
P-0001,Electronics,2024-05-19 23:15:21.064212840,206.77,314.76,296.11,26,41,1,Spring,Sunday,3.74,26,8183.76,2807.74
P-0021,Grocery,2024-05-20 02:45:37.987597520,18.03,23.78,23.16,33,257,0,Spring,Monday,3.54,33,784.74,189.75
P-0005,Beauty,2024-05-20 06:15:54.910982200,68.23,118.84,121.28,22,22,0,Spring,Monday,3.92,22,2614.48,1113.42
P-0041,Grocery,2024-05-20 09:46:11.834366872,28.33,48.0,46.02,24,149,0,Spring,Monday,4.39,24,1152.0,472.08
P-0042,Electronics,2024-05-20 13:16:28.757751552,208.95,329.16,323.34,20,124,1,Spring,Monday,4.26,20,6583.2,2404.2
P-0037,Home,2024-05-20 16:46:45.681136224,76.38,130.63,130.3,23,181,0,Spring,Monday,3.6,23,3004.49,1247.75
P-0069,Grocery,2024-05-20 20:17:02.604520904,21.75,33.25,32.11,56,206,0,Spring,Monday,4.15,56,1862.0,644.0
P-0074,Grocery,2024-05-20 23:47:19.527905584,17.01,27.45,30.48,41,195,0,Spring,Monday,4.22,41,1125.45,428.04
P-0056,Beauty,2024-05-21 03:17:36.451290256,63.32,119.75,109.02,18,70,0,Spring,Tuesday,4.2,18,2155.5,1015.74
P-0035,Home,2024-05-21 06:47:53.374674936,70.63,95.26,99.19,14,199,0,Spring,Tuesday,3.66,14,1333.64,344.82
P-0035,Home,2024-05-21 10:18:10.298059616,99.36,134.93,144.48,25,200,0,Spring,Tuesday,4.17,25,3373.25,889.25
P-0046,Sports,2024-05-21 13:48:27.221444288,69.2,103.32,96.99,20,20,0,Spring,Tuesday,4.51,20,2066.4,682.4
P-0074,Home,2024-05-21 17:18:44.144828968,73.31,110.59,118.22,32,171,0,Spring,Tuesday,4.34,32,3538.88,1192.96
P-0033,Beauty,2024-05-21 20:49:01.068213640,57.1,102.33,91.45,17,46,0,Spring,Tuesday,4.29,17,1739.61,768.91
P-0072,Beauty,2024-05-22 00:19:17.991598320,52.06,78.51,80.04,43,152,1,Spring,Wednesday,4.84,43,3375.93,1137.35
P-0032,Home,2024-05-22 03:49:34.914983000,107.74,182.54,191.91,23,70,0,Spring,Wednesday,4.18,23,4198.42,1720.4
P-0055,Beauty,2024-05-22 07:19:51.838367672,43.85,59.24,66.2,25,102,0,Spring,Wednesday,3.72,25,1481.0,384.75
P-0026,Home,2024-05-22 10:50:08.761752352,83.49,124.92,140.35,19,81,0,Spring,Wednesday,3.72,19,2373.48,787.17
P-0009,Grocery,2024-05-22 14:20:25.685137024,14.83,21.59,23.91,40,226,0,Spring,Wednesday,4.18,40,863.6,270.4
P-0050,Sports,2024-05-22 17:50:42.608521704,52.04,70.39,79.88,24,236,0,Spring,Wednesday,3.45,24,1689.36,440.4
P-0071,Sports,2024-05-22 21:20:59.531906384,103.02,125.72,131.16,30,210,0,Spring,Wednesday,3.96,30,3771.6,681.0
P-0043,Beauty,2024-05-23 00:51:16.455291056,73.34,112.82,118.2,43,192,1,Spring,Thursday,4.31,43,4851.26,1697.64
P-0078,Beauty,2024-05-23 04:21:33.378675736,55.82,88.0,89.5,39,104,1,Spring,Thursday,4.63,39,3432.0,1255.02
P-0006,Grocery,2024-05-23 07:51:50.302060416,20.84,25.72,27.48,32,50,0,Spring,Thursday,3.41,32,823.04,156.16
P-0005,Grocery,2024-05-23 11:22:07.225445088,22.85,34.52,38.57,51,154,1,Spring,Thursday,4.14,51,1760.52,595.17
P-0094,Beauty,2024-05-23 14:52:24.148829768,62.69,84.74,94.46,29,119,0,Spring,Thursday,4.07,29,2457.46,639.45
P-0057,Grocery,2024-05-23 18:22:41.072214440,22.02,29.05,31.45,62,84,1,Spring,Thursday,4.12,62,1801.1,435.86
P-0035,Grocery,2024-05-23 21:52:57.995599120,24.91,40.56,42.43,29,74,0,Spring,Thursday,4.16,29,1176.24,453.85
P-0065,Grocery,2024-05-24 01:23:14.918983800,23.95,31.55,34.46,32,54,0,Spring,Friday,4.09,32,1009.6,243.2
P-0076,Grocery,2024-05-24 04:53:31.842368472,21.82,33.62,34.74,47,218,0,Spring,Friday,4.73,47,1580.14,554.6
P-0089,Electronics,2024-05-24 08:23:48.765753152,192.32,336.74,305.76,21,93,0,Spring,Friday,4.66,21,7071.54,3032.82
P-0091,Beauty,2024-05-24 11:54:05.689137832,57.58,69.44,73.65,38,239,1,Spring,Friday,5.0,38,2638.72,450.68
P-0036,Beauty,2024-05-24 15:24:22.612522504,46.4,63.32,68.79,30,179,0,Spring,Friday,4.1,30,1899.6,507.6
P-0002,Electronics,2024-05-24 18:54:39.535907184,225.18,321.29,309.07,9,55,0,Spring,Friday,3.92,9,2891.61,864.99
P-0041,Sports,2024-05-24 22:24:56.459291856,73.96,100.35,100.57,26,30,0,Spring,Friday,3.66,26,2609.1,686.14
P-0013,Beauty,2024-05-25 01:55:13.382676536,56.12,80.55,90.37,49,117,1,Spring,Saturday,3.87,49,3946.95,1197.07
P-0052,Electronics,2024-05-25 05:25:30.306061216,256.5,344.49,322.23,23,34,0,Spring,Saturday,4.42,23,7923.27,2023.77
P-0020,Grocery,2024-05-25 08:55:47.229445888,23.35,43.78,41.63,37,248,0,Spring,Saturday,4.49,37,1619.86,755.91
P-0068,Grocery,2024-05-25 12:26:04.152830568,27.53,45.03,40.4,36,237,0,Spring,Saturday,4.4,36,1621.08,630.0
P-0089,Grocery,2024-05-25 15:56:21.076215240,17.12,26.76,24.21,45,175,0,Spring,Saturday,3.8,45,1204.2,433.8
P-0021,Home,2024-05-25 19:26:37.999599920,87.85,157.38,154.26,20,86,0,Spring,Saturday,3.8,20,3147.6,1390.6
P-0055,Sports,2024-05-25 22:56:54.922984600,80.35,127.38,121.94,23,227,0,Spring,Saturday,4.98,23,2929.74,1081.69
P-0096,Home,2024-05-26 02:27:11.846369272,124.23,192.98,197.26,30,173,1,Spring,Sunday,3.73,30,5789.4,2062.5
P-0032,Beauty,2024-05-26 05:57:28.769753952,37.75,67.39,61.64,33,102,1,Spring,Sunday,4.74,33,2223.87,978.12
P-0080,Electronics,2024-05-26 09:27:45.693138632,206.77,362.09,357.56,14,230,0,Spring,Sunday,4.28,14,5069.26,2174.48
P-0005,Grocery,2024-05-26 12:58:02.616523304,29.59,37.46,39.1,46,66,0,Spring,Sunday,3.77,46,1723.16,362.02
P-0064,Grocery,2024-05-26 16:28:19.539907984,20.99,23.98,27.18,45,154,1,Spring,Sunday,3.57,45,1079.1,134.55
P-0004,Beauty,2024-05-26 19:58:36.463292656,53.13,97.43,95.45,24,184,0,Spring,Sunday,3.79,24,2338.32,1063.2
P-0008,Beauty,2024-05-26 23:28:53.386677336,57.92,73.12,72.68,28,237,0,Spring,Sunday,4.29,28,2047.36,425.6
P-0058,Grocery,2024-05-27 02:59:10.310062016,24.71,43.54,40.51,19,48,0,Spring,Monday,3.69,19,827.26,357.77
P-0088,Grocery,2024-05-27 06:29:27.233446688,30.01,44.02,47.6,51,85,1,Spring,Monday,4.8,51,2245.02,714.51
P-0071,Home,2024-05-27 09:59:44.156831368,101.82,170.2,158.22,12,220,0,Spring,Monday,4.01,12,2042.4,820.56
P-0042,Sports,2024-05-27 13:30:01.080216040,97.0,144.19,163.17,53,137,1,Spring,Monday,4.42,53,7642.07,2501.07
P-0039,Grocery,2024-05-27 17:00:18.003600720,22.62,41.47,40.62,35,199,0,Spring,Monday,4.38,35,1451.45,659.75
P-0048,Sports,2024-05-27 20:30:34.926985400,70.52,87.74,89.97,37,204,0,Spring,Monday,4.83,37,3246.38,637.14
P-0029,Sports,2024-05-28 00:00:51.850370072,77.11,117.5,122.45,24,89,0,Spring,Tuesday,3.9,24,2820.0,969.36
P-0002,Sports,2024-05-28 03:31:08.773754752,65.16,105.42,107.14,22,96,0,Spring,Tuesday,4.15,22,2319.24,885.72
P-0081,Grocery,2024-05-28 07:01:25.697139432,25.86,34.25,36.68,37,137,0,Spring,Tuesday,3.47,37,1267.25,310.43
P-0053,Beauty,2024-05-28 10:31:42.620524104,51.6,83.01,89.84,21,21,0,Spring,Tuesday,4.15,21,1743.21,659.61
P-0087,Electronics,2024-05-28 14:01:59.543908784,187.43,302.01,281.4,17,210,0,Spring,Tuesday,4.61,17,5134.17,1947.86
P-0059,Beauty,2024-05-28 17:32:16.467293456,59.39,74.41,79.61,26,43,0,Spring,Tuesday,4.2,26,1934.66,390.52
P-0039,Grocery,2024-05-28 21:02:33.390678136,19.61,35.65,33.73,54,244,1,Spring,Tuesday,5.0,54,1925.1,866.16
P-0007,Beauty,2024-05-29 00:32:50.314062816,61.78,114.8,109.26,34,205,1,Spring,Wednesday,4.33,34,3903.2,1802.68
P-0075,Sports,2024-05-29 04:03:07.237447488,73.88,85.6,96.39,21,101,0,Spring,Wednesday,3.86,21,1797.6,246.12
P-0061,Electronics,2024-05-29 07:33:24.160832168,248.95,451.98,414.11,6,32,0,Spring,Wednesday,4.31,6,2711.88,1218.18
P-0087,Home,2024-05-29 11:03:41.084216840,89.03,130.28,121.82,15,208,0,Spring,Wednesday,3.44,15,1954.2,618.75
P-0025,Beauty,2024-05-29 14:33:58.007601520,60.56,81.31,75.92,13,124,0,Spring,Wednesday,3.74,13,1057.03,269.75
P-0039,Home,2024-05-29 18:04:14.930986200,97.73,146.27,136.17,20,62,0,Spring,Wednesday,3.55,20,2925.4,970.8
P-0025,Electronics,2024-05-29 21:34:31.854370872,235.0,412.26,404.25,19,120,0,Spring,Wednesday,4.11,19,7832.94,3367.94
P-0017,Electronics,2024-05-30 01:04:48.777755552,213.69,317.3,283.71,23,236,1,Spring,Thursday,4.07,23,7297.9,2383.03
P-0090,Grocery,2024-05-30 04:35:05.701140232,17.61,21.49,23.28,49,183,0,Spring,Thursday,4.64,49,1053.01,190.12
P-0037,Beauty,2024-05-30 08:05:22.624524904,63.88,94.96,105.82,17,183,0,Spring,Thursday,4.06,17,1614.32,528.36
P-0001,Electronics,2024-05-30 11:35:39.547909584,207.05,320.04,305.09,6,141,0,Spring,Thursday,3.65,6,1920.24,677.94
P-0007,Electronics,2024-05-30 15:05:56.471294256,236.53,299.4,314.98,23,52,0,Spring,Thursday,4.8,23,6886.2,1446.01
P-0034,Beauty,2024-05-30 18:36:13.394678936,61.07,86.24,84.06,9,247,0,Spring,Thursday,2.77,9,776.16,226.53
P-0004,Electronics,2024-05-30 22:06:30.318063616,184.02,302.38,310.45,13,196,0,Spring,Thursday,4.12,13,3930.94,1538.68
P-0089,Grocery,2024-05-31 01:36:47.241448288,20.49,31.34,32.64,38,141,0,Spring,Friday,4.2,38,1190.92,412.3
P-0083,Grocery,2024-05-31 05:07:04.164832968,26.52,48.43,44.25,43,192,0,Spring,Friday,4.1,43,2082.49,942.13
P-0091,Home,2024-05-31 08:37:21.088217648,90.39,107.73,117.85,20,103,0,Spring,Friday,4.33,20,2154.6,346.8
P-0086,Beauty,2024-05-31 12:07:38.011602320,63.24,87.89,94.98,41,196,1,Spring,Friday,4.15,41,3603.49,1010.65
P-0005,Electronics,2024-05-31 15:37:54.934987000,204.01,358.33,344.45,18,252,0,Spring,Friday,4.32,18,6449.94,2777.76
P-0065,Home,2024-05-31 19:08:11.858371672,110.56,164.83,154.36,14,99,0,Spring,Friday,3.83,14,2307.62,759.78
P-0086,Sports,2024-05-31 22:38:28.781756352,85.42,123.87,114.72,17,17,0,Spring,Friday,3.44,17,2105.79,653.65
P-0086,Beauty,2024-06-01 02:08:45.705141032,57.53,78.57,83.99,39,196,1,Summer,Saturday,4.08,39,3064.23,820.56
P-0046,Sports,2024-06-01 05:39:02.628525704,75.21,117.69,107.8,24,223,0,Summer,Saturday,3.64,24,2824.56,1019.52
P-0094,Home,2024-06-01 09:09:19.551910384,98.53,136.71,133.21,27,217,0,Summer,Saturday,3.77,27,3691.17,1030.86
P-0017,Home,2024-06-01 12:39:36.475295056,113.13,216.34,200.77,23,253,0,Summer,Saturday,4.62,23,4975.82,2373.83
P-0069,Beauty,2024-06-01 16:09:53.398679736,54.52,74.08,82.64,39,100,1,Summer,Saturday,4.8,39,2889.12,762.84
P-0027,Beauty,2024-06-01 19:40:10.322064416,59.67,91.29,94.54,30,239,0,Summer,Saturday,4.61,30,2738.7,948.6
P-0092,Sports,2024-06-01 23:10:27.245449088,80.59,106.74,106.11,31,65,0,Summer,Saturday,4.53,31,3308.94,810.65
P-0090,Electronics,2024-06-02 02:40:44.168833768,214.19,345.87,339.6,26,158,0,Summer,Sunday,4.13,26,8992.62,3423.68
P-0092,Sports,2024-06-02 06:11:01.092218448,102.06,143.47,158.75,36,232,0,Summer,Sunday,4.56,36,5164.92,1490.76
P-0007,Sports,2024-06-02 09:41:18.015603120,95.38,169.67,168.11,37,239,0,Summer,Sunday,4.26,37,6277.79,2748.73
P-0028,Beauty,2024-06-02 13:11:34.938987800,55.7,85.53,82.26,47,167,1,Summer,Sunday,4.98,47,4019.91,1402.01
P-0040,Home,2024-06-02 16:41:51.862372472,98.26,159.61,165.09,23,148,0,Summer,Sunday,3.69,23,3671.03,1411.05
P-0095,Beauty,2024-06-02 20:12:08.785757152,48.82,69.2,69.19,48,127,1,Summer,Sunday,4.4,48,3321.6,978.24
P-0067,Home,2024-06-02 23:42:25.709141832,92.37,137.66,144.87,33,227,1,Summer,Sunday,3.53,33,4542.78,1494.57
P-0099,Grocery,2024-06-03 03:12:42.632526504,25.19,48.27,44.33,37,230,0,Summer,Monday,4.41,37,1785.99,853.96
P-0087,Beauty,2024-06-03 06:42:59.555911184,62.49,101.97,99.6,35,73,1,Summer,Monday,3.33,35,3568.95,1381.8
P-0028,Sports,2024-06-03 10:13:16.479295856,89.59,148.84,147.03,14,48,0,Summer,Monday,3.55,14,2083.76,829.5
P-0019,Grocery,2024-06-03 13:43:33.402680536,19.74,37.84,34.19,34,214,0,Summer,Monday,3.52,34,1286.56,615.4
P-0063,Beauty,2024-06-03 17:13:50.326065216,63.6,116.3,111.87,34,213,0,Summer,Monday,4.21,34,3954.2,1791.8
P-0079,Grocery,2024-06-03 20:44:07.249449888,23.66,30.58,32.29,39,39,1,Summer,Monday,4.26,39,1192.62,269.88
P-0023,Beauty,2024-06-04 00:14:24.172834568,46.31,65.02,62.88,40,135,1,Summer,Tuesday,5.0,40,2600.8,748.4
P-0068,Sports,2024-06-04 03:44:41.096219248,97.11,167.5,150.79,20,139,0,Summer,Tuesday,4.06,20,3350.0,1407.8
P-0040,Electronics,2024-06-04 07:14:58.019603920,259.17,412.6,465.87,18,25,0,Summer,Tuesday,4.45,18,7426.8,2761.74
P-0079,Sports,2024-06-04 10:45:14.942988600,83.38,130.55,126.7,38,177,1,Summer,Tuesday,4.17,38,4960.9,1792.46
P-0063,Grocery,2024-06-04 14:15:31.866373272,26.72,35.11,38.26,60,253,0,Summer,Tuesday,4.41,60,2106.6,503.4
P-0070,Sports,2024-06-04 17:45:48.789757952,89.82,149.36,138.82,24,66,0,Summer,Tuesday,4.16,24,3584.64,1428.96
P-0004,Beauty,2024-06-04 21:16:05.713142632,67.28,89.4,86.48,32,205,0,Summer,Tuesday,4.59,32,2860.8,707.84
P-0085,Grocery,2024-06-05 00:46:22.636527304,26.8,39.9,36.11,26,34,0,Summer,Wednesday,3.63,26,1037.4,340.6
P-0065,Home,2024-06-05 04:16:39.559911984,74.82,103.71,99.65,6,67,0,Summer,Wednesday,3.0,6,622.26,173.34
P-0021,Grocery,2024-06-05 07:46:56.483296656,31.72,35.49,40.14,47,153,0,Summer,Wednesday,4.29,47,1668.03,177.19
P-0049,Electronics,2024-06-05 11:17:13.406681336,245.81,405.91,404.9,12,241,0,Summer,Wednesday,3.29,12,4870.92,1921.2
P-0028,Home,2024-06-05 14:47:30.330066016,87.26,136.78,124.7,28,231,0,Summer,Wednesday,4.69,28,3829.84,1386.56
P-0013,Beauty,2024-06-05 18:17:47.253450688,45.94,57.72,61.68,27,244,0,Summer,Wednesday,3.85,27,1558.44,318.06
P-0048,Home,2024-06-05 21:48:04.176835368,102.67,141.52,157.26,21,256,0,Summer,Wednesday,3.63,21,2971.92,815.85
P-0069,Home,2024-06-06 01:18:21.100220048,90.77,136.45,129.61,25,211,0,Summer,Thursday,5.0,25,3411.25,1142.0
P-0079,Grocery,2024-06-06 04:48:38.023604720,25.27,37.07,37.05,45,104,0,Summer,Thursday,4.09,45,1668.15,531.0
P-0095,Home,2024-06-06 08:18:54.946989400,106.3,134.89,151.32,38,46,1,Summer,Thursday,4.01,38,5125.82,1086.42
P-0063,Grocery,2024-06-06 11:49:11.870374072,21.82,25.88,27.32,37,216,0,Summer,Thursday,4.44,37,957.56,150.22
P-0001,Electronics,2024-06-06 15:19:28.793758752,172.5,269.25,280.93,31,60,1,Summer,Thursday,4.47,31,8346.75,2999.25
P-0040,Grocery,2024-06-06 18:49:45.717143432,25.48,34.75,33.4,50,142,0,Summer,Thursday,4.61,50,1737.5,463.5
P-0044,Grocery,2024-06-06 22:20:02.640528104,21.95,29.87,30.08,38,199,0,Summer,Thursday,3.5,38,1135.06,300.96
P-0099,Home,2024-06-07 01:50:19.563912784,97.22,131.3,131.7,23,23,1,Summer,Friday,4.34,23,3019.9,783.84
P-0013,Grocery,2024-06-07 05:20:36.487297464,18.84,28.97,26.98,40,238,0,Summer,Friday,3.97,40,1158.8,405.2
P-0089,Sports,2024-06-07 08:50:53.410682136,76.77,97.27,102.73,40,89,1,Summer,Friday,3.69,40,3890.8,820.0
P-0021,Grocery,2024-06-07 12:21:10.334066816,26.75,40.14,38.54,42,67,0,Summer,Friday,4.12,42,1685.88,562.38
P-0067,Home,2024-06-07 15:51:27.257451488,104.21,139.63,144.21,44,106,1,Summer,Friday,3.28,44,6143.72,1558.48
P-0050,Beauty,2024-06-07 19:21:44.180836168,48.06,60.48,61.69,37,127,0,Summer,Friday,4.52,37,2237.76,459.54
P-0098,Grocery,2024-06-07 22:52:01.104220848,19.51,34.18,33.73,52,126,1,Summer,Friday,3.97,52,1777.36,762.84
P-0030,Home,2024-06-08 02:22:18.027605520,95.24,141.4,135.06,26,52,0,Summer,Saturday,3.89,26,3676.4,1200.16
P-0048,Grocery,2024-06-08 05:52:34.950990200,26.15,37.7,34.06,43,61,0,Summer,Saturday,4.04,43,1621.1,496.65
P-0065,Home,2024-06-08 09:22:51.874374872,101.16,146.85,155.47,26,132,0,Summer,Saturday,4.02,26,3818.1,1187.94
P-0019,Grocery,2024-06-08 12:53:08.797759552,22.03,26.27,29.03,53,70,1,Summer,Saturday,4.61,53,1392.31,224.72
P-0027,Electronics,2024-06-08 16:23:25.721144232,220.01,362.26,368.56,20,172,0,Summer,Saturday,3.61,20,7245.2,2845.0
P-0076,Electronics,2024-06-08 19:53:42.644528904,260.48,338.17,334.42,16,235,0,Summer,Saturday,3.93,16,5410.72,1243.04
P-0078,Sports,2024-06-08 23:23:59.567913584,82.63,116.28,124.4,19,19,0,Summer,Saturday,4.0,19,2209.32,639.35
P-0068,Sports,2024-06-09 02:54:16.491298264,59.1,114.35,104.55,23,23,0,Summer,Sunday,3.62,23,2630.05,1270.75
P-0019,Sports,2024-06-09 06:24:33.414682936,82.6,118.39,110.47,33,172,1,Summer,Sunday,4.17,33,3906.87,1181.07
P-0022,Sports,2024-06-09 09:54:50.338067616,106.16,144.24,144.46,20,22,0,Summer,Sunday,3.77,20,2884.8,761.6
P-0091,Home,2024-06-09 13:25:07.261452288,75.43,117.77,119.2,27,171,0,Summer,Sunday,3.47,27,3179.79,1143.18
P-0091,Home,2024-06-09 16:55:24.184836968,95.45,151.93,170.75,40,135,1,Summer,Sunday,4.34,40,6077.2,2259.2
P-0041,Electronics,2024-06-09 20:25:41.108221648,202.4,298.57,295.95,19,126,0,Summer,Sunday,4.8,19,5672.83,1827.23
P-0056,Beauty,2024-06-09 23:55:58.031606320,55.84,91.78,89.72,31,163,0,Summer,Sunday,4.12,31,2845.18,1114.14
P-0006,Home,2024-06-10 03:26:14.954991000,97.95,142.92,130.64,19,234,0,Summer,Monday,4.05,19,2715.48,854.43
P-0066,Sports,2024-06-10 06:56:31.878375672,94.59,151.65,151.61,28,46,0,Summer,Monday,4.04,28,4246.2,1597.68
P-0010,Electronics,2024-06-10 10:26:48.801760352,212.85,271.33,295.64,29,48,1,Summer,Monday,3.87,29,7868.57,1695.92
P-0009,Electronics,2024-06-10 13:57:05.725145032,252.92,370.63,401.46,20,185,1,Summer,Monday,4.63,20,7412.6,2354.2
P-0054,Home,2024-06-10 17:27:22.648529704,93.21,111.18,121.06,27,27,1,Summer,Monday,4.14,27,3001.86,485.19
P-0085,Electronics,2024-06-10 20:57:39.571914384,198.24,337.14,305.04,5,120,0,Summer,Monday,3.12,5,1685.7,694.5
P-0092,Home,2024-06-11 00:27:56.495299064,84.83,125.36,117.11,29,136,0,Summer,Tuesday,4.64,29,3635.44,1175.37
P-0043,Grocery,2024-06-11 03:58:13.418683736,17.02,29.82,27.66,39,110,0,Summer,Tuesday,4.53,39,1162.98,499.2
P-0052,Home,2024-06-11 07:28:30.342068416,99.19,178.24,164.78,22,145,0,Summer,Tuesday,4.37,22,3921.28,1739.1
P-0055,Beauty,2024-06-11 10:58:47.265453088,73.08,113.27,125.44,31,42,0,Summer,Tuesday,2.86,31,3511.37,1245.89
P-0046,Sports,2024-06-11 14:29:04.188837768,85.87,161.69,154.21,27,80,0,Summer,Tuesday,4.1,27,4365.63,2047.14
P-0073,Beauty,2024-06-11 17:59:21.112222448,61.04,96.22,91.72,16,16,1,Summer,Tuesday,4.5,16,1539.52,562.88
P-0078,Grocery,2024-06-11 21:29:38.035607120,22.41,33.88,36.28,40,250,0,Summer,Tuesday,4.27,40,1355.2,458.8
P-0047,Home,2024-06-12 00:59:54.958991800,91.29,114.78,115.04,28,218,0,Summer,Wednesday,4.19,28,3213.84,657.72
P-0023,Electronics,2024-06-12 04:30:11.882376472,243.08,441.41,424.85,40,77,1,Summer,Wednesday,4.5,40,17656.4,7933.2
P-0084,Home,2024-06-12 08:00:28.805761152,125.53,218.44,199.42,22,23,0,Summer,Wednesday,4.16,22,4805.68,2044.02
P-0068,Sports,2024-06-12 11:30:45.729145832,99.05,133.05,146.77,31,81,0,Summer,Wednesday,4.64,31,4124.55,1054.0
P-0041,Grocery,2024-06-12 15:01:02.652530504,27.09,44.13,40.33,44,249,0,Summer,Wednesday,4.17,44,1941.72,749.76
P-0022,Home,2024-06-12 18:31:19.575915184,95.53,175.38,159.24,31,213,1,Summer,Wednesday,4.14,31,5436.78,2475.35
P-0041,Beauty,2024-06-12 22:01:36.499299864,56.85,106.99,97.12,30,176,0,Summer,Wednesday,4.5,30,3209.7,1504.2
P-0085,Grocery,2024-06-13 01:31:53.422684536,21.11,31.52,35.77,49,241,0,Summer,Thursday,3.92,49,1544.48,510.09
P-0034,Grocery,2024-06-13 05:02:10.346069216,18.44,26.34,28.23,38,58,0,Summer,Thursday,3.61,38,1000.92,300.2
P-0089,Beauty,2024-06-13 08:32:27.269453888,45.08,68.56,65.55,16,146,0,Summer,Thursday,4.1,16,1096.96,375.68
P-0025,Sports,2024-06-13 12:02:44.192838568,80.64,136.63,142.74,30,209,0,Summer,Thursday,4.37,30,4098.9,1679.7
P-0020,Grocery,2024-06-13 15:33:01.116223248,22.88,32.73,36.58,19,19,0,Summer,Thursday,4.52,19,621.87,187.15
P-0007,Grocery,2024-06-13 19:03:18.039607920,18.36,30.23,28.44,49,121,0,Summer,Thursday,4.52,49,1481.27,581.63
P-0015,Electronics,2024-06-13 22:33:34.962992600,208.75,292.34,329.63,28,102,1,Summer,Thursday,4.07,28,8185.52,2340.52
P-0027,Electronics,2024-06-14 02:03:51.886377280,199.3,314.05,318.17,22,58,0,Summer,Friday,4.02,22,6909.1,2524.5
P-0073,Sports,2024-06-14 05:34:08.809761952,64.99,118.19,106.73,22,69,0,Summer,Friday,3.83,22,2600.18,1170.4
P-0053,Beauty,2024-06-14 09:04:25.733146632,51.74,79.27,80.42,31,252,0,Summer,Friday,4.21,31,2457.37,853.43
P-0066,Home,2024-06-14 12:34:42.656531304,90.12,171.47,156.04,19,140,0,Summer,Friday,3.36,19,3257.93,1545.65
P-0010,Beauty,2024-06-14 16:04:59.579915984,49.57,83.53,85.4,24,34,0,Summer,Friday,4.11,24,2004.72,815.04
P-0063,Electronics,2024-06-14 19:35:16.503300664,241.14,346.83,360.08,23,182,0,Summer,Friday,5.0,23,7977.09,2430.87
P-0065,Grocery,2024-06-14 23:05:33.426685336,16.69,20.3,22.41,33,159,0,Summer,Friday,3.42,33,669.9,119.13
P-0051,Electronics,2024-06-15 02:35:50.350070016,143.28,216.89,224.54,21,111,0,Summer,Saturday,4.17,21,4554.69,1545.81
P-0064,Grocery,2024-06-15 06:06:07.273454688,24.01,36.72,38.21,43,112,0,Summer,Saturday,4.27,43,1578.96,546.53
P-0013,Beauty,2024-06-15 09:36:24.196839368,55.85,93.03,85.89,23,146,0,Summer,Saturday,4.33,23,2139.69,855.14
P-0050,Home,2024-06-15 13:06:41.120224048,101.14,193.7,175.97,19,242,0,Summer,Saturday,3.67,19,3680.3,1758.64
P-0072,Electronics,2024-06-15 16:36:58.043608720,191.89,221.03,249.68,23,201,0,Summer,Saturday,4.33,23,5083.69,670.22
P-0014,Grocery,2024-06-15 20:07:14.966993400,20.48,26.06,28.84,53,113,1,Summer,Saturday,3.86,53,1381.18,295.74
P-0017,Electronics,2024-06-15 23:37:31.890378080,209.75,374.52,362.07,17,75,0,Summer,Saturday,3.46,17,6366.84,2801.09
P-0075,Electronics,2024-06-16 03:07:48.813762752,195.16,343.52,344.78,35,41,1,Summer,Sunday,4.53,35,12023.2,5192.6
P-0055,Grocery,2024-06-16 06:38:05.737147432,29.96,42.3,44.47,36,63,0,Summer,Sunday,4.4,36,1522.8,444.24
P-0023,Home,2024-06-16 10:08:22.660532104,90.07,115.09,122.13,39,48,1,Summer,Sunday,3.67,39,4488.51,975.78
P-0035,Home,2024-06-16 13:38:39.583916784,94.19,130.29,139.51,22,212,0,Summer,Sunday,3.86,22,2866.38,794.2
P-0089,Home,2024-06-16 17:08:56.507301464,132.63,200.28,199.06,35,156,0,Summer,Sunday,3.84,35,7009.8,2367.75
P-0034,Sports,2024-06-16 20:39:13.430686136,77.51,105.25,119.04,24,24,0,Summer,Sunday,3.36,24,2526.0,665.76
P-0036,Home,2024-06-17 00:09:30.354070816,103.45,153.23,144.92,25,241,0,Summer,Monday,4.44,25,3830.75,1244.5
P-0084,Electronics,2024-06-17 03:39:47.277455488,231.72,313.71,329.49,18,51,0,Summer,Monday,4.46,18,5646.78,1475.82
P-0021,Home,2024-06-17 07:10:04.200840168,106.12,167.91,170.91,22,173,0,Summer,Monday,3.95,22,3694.02,1359.38
P-0046,Electronics,2024-06-17 10:40:21.124224848,219.73,352.08,349.81,18,18,1,Summer,Monday,4.09,18,6337.44,2382.3
P-0032,Home,2024-06-17 14:10:38.047609520,97.95,147.16,158.11,33,159,1,Summer,Monday,4.15,33,4856.28,1623.93
P-0050,Electronics,2024-06-17 17:40:54.970994200,213.37,339.63,310.99,18,151,0,Summer,Monday,4.21,18,6113.34,2272.68
P-0027,Electronics,2024-06-17 21:11:11.894378880,190.65,285.55,273.59,29,237,1,Summer,Monday,3.49,29,8280.95,2752.1
P-0090,Home,2024-06-18 00:41:28.817763552,99.95,157.08,144.26,23,162,0,Summer,Tuesday,4.32,23,3612.84,1313.99
P-0014,Sports,2024-06-18 04:11:45.741148232,105.97,186.79,187.9,19,134,0,Summer,Tuesday,3.57,19,3549.01,1535.58
P-0056,Electronics,2024-06-18 07:42:02.664532904,250.68,361.88,367.84,25,145,0,Summer,Tuesday,4.41,25,9047.0,2780.0
P-0064,Electronics,2024-06-18 11:12:19.587917584,220.21,326.67,348.67,15,170,0,Summer,Tuesday,3.62,15,4900.05,1596.9
P-0081,Sports,2024-06-18 14:42:36.511302264,90.95,141.34,139.84,32,116,1,Summer,Tuesday,3.51,32,4522.88,1612.48
P-0010,Sports,2024-06-18 18:12:53.434686936,68.87,121.95,119.28,42,189,1,Summer,Tuesday,4.09,42,5121.9,2229.36
P-0087,Grocery,2024-06-18 21:43:10.358071616,23.0,32.78,33.42,48,144,1,Summer,Tuesday,4.08,48,1573.44,469.44
P-0025,Home,2024-06-19 01:13:27.281456288,109.41,149.03,162.89,24,252,0,Summer,Wednesday,4.15,24,3576.72,950.88
P-0070,Home,2024-06-19 04:43:44.204840968,117.6,190.54,201.51,16,62,0,Summer,Wednesday,3.7,16,3048.64,1167.04
P-0006,Electronics,2024-06-19 08:14:01.128225648,184.1,217.69,246.42,32,193,1,Summer,Wednesday,4.19,32,6966.08,1074.88
P-0015,Electronics,2024-06-19 11:44:18.051610320,193.75,292.26,305.52,18,217,0,Summer,Wednesday,4.23,18,5260.68,1773.18
P-0054,Home,2024-06-19 15:14:34.974995000,128.16,192.04,188.39,34,190,1,Summer,Wednesday,4.62,34,6529.36,2171.92
P-0012,Beauty,2024-06-19 18:44:51.898379680,55.85,111.04,100.09,25,255,0,Summer,Wednesday,4.18,25,2776.0,1379.75
P-0045,Home,2024-06-19 22:15:08.821764352,122.72,186.47,202.09,25,121,1,Summer,Wednesday,3.83,25,4661.75,1593.75
P-0044,Beauty,2024-06-20 01:45:25.745149032,56.82,63.74,71.35,18,147,0,Summer,Thursday,3.49,18,1147.32,124.56
P-0048,Home,2024-06-20 05:15:42.668533704,98.74,160.75,169.01,23,52,0,Summer,Thursday,3.41,23,3697.25,1426.23
P-0007,Home,2024-06-20 08:45:59.591918384,90.36,135.72,147.9,21,106,0,Summer,Thursday,4.25,21,2850.12,952.56
P-0074,Grocery,2024-06-20 12:16:16.515303064,27.62,45.07,43.05,38,54,0,Summer,Thursday,4.46,38,1712.66,663.1
P-0031,Sports,2024-06-20 15:46:33.438687736,97.38,118.43,134.37,34,208,0,Summer,Thursday,3.7,34,4026.62,715.7
P-0072,Home,2024-06-20 19:16:50.362072416,79.27,117.79,105.6,29,206,1,Summer,Thursday,4.21,29,3415.91,1117.08
P-0021,Beauty,2024-06-20 22:47:07.285457096,51.9,89.88,82.81,31,62,0,Summer,Thursday,4.02,31,2786.28,1177.38
P-0021,Home,2024-06-21 02:17:24.208841768,108.91,162.13,162.49,26,211,0,Summer,Friday,4.42,26,4215.38,1383.72
P-0004,Electronics,2024-06-21 05:47:41.132226448,205.65,390.34,354.52,22,93,0,Summer,Friday,4.49,22,8587.48,4063.18
P-0086,Grocery,2024-06-21 09:17:58.055611120,22.11,31.78,30.83,41,193,0,Summer,Friday,3.08,41,1302.98,396.47
P-0040,Electronics,2024-06-21 12:48:14.978995800,243.92,436.7,390.43,14,245,0,Summer,Friday,4.56,14,6113.8,2698.92
P-0014,Home,2024-06-21 16:18:31.902380480,111.77,146.76,155.01,45,218,1,Summer,Friday,4.21,45,6604.2,1574.55
P-0025,Beauty,2024-06-21 19:48:48.825765152,51.04,91.4,81.66,18,60,0,Summer,Friday,3.86,18,1645.2,726.48
P-0014,Electronics,2024-06-21 23:19:05.749149832,217.14,255.93,277.2,26,59,1,Summer,Friday,3.87,26,6654.18,1008.54
P-0011,Electronics,2024-06-22 02:49:22.672534504,169.4,239.52,248.25,22,42,0,Summer,Saturday,4.11,22,5269.44,1542.64
P-0008,Home,2024-06-22 06:19:39.595919184,81.39,120.91,109.47,28,221,0,Summer,Saturday,3.87,28,3385.48,1106.56
P-0074,Sports,2024-06-22 09:49:56.519303864,81.59,125.17,129.18,19,148,0,Summer,Saturday,3.68,19,2378.23,828.02
P-0059,Beauty,2024-06-22 13:20:13.442688536,55.28,73.25,78.73,19,53,0,Summer,Saturday,3.78,19,1391.75,341.43
P-0092,Home,2024-06-22 16:50:30.366073216,80.3,120.24,134.45,35,158,0,Summer,Saturday,3.63,35,4208.4,1397.9
P-0098,Electronics,2024-06-22 20:20:47.289457896,185.94,223.57,244.14,28,144,0,Summer,Saturday,4.71,28,6259.96,1053.64
P-0063,Beauty,2024-06-22 23:51:04.212842568,45.63,68.53,71.0,20,161,0,Summer,Saturday,4.13,20,1370.6,458.0
P-0054,Electronics,2024-06-23 03:21:21.136227248,225.29,348.46,355.17,33,170,0,Summer,Sunday,5.0,33,11499.18,4064.61
P-0093,Beauty,2024-06-23 06:51:38.059611920,37.68,48.04,47.56,34,55,0,Summer,Sunday,4.27,34,1633.36,352.24
P-0095,Grocery,2024-06-23 10:21:54.982996600,20.12,27.47,25.55,43,109,0,Summer,Sunday,4.37,43,1181.21,316.05
P-0017,Home,2024-06-23 13:52:11.906381280,66.68,83.6,94.65,31,191,0,Summer,Sunday,3.62,31,2591.6,524.52
P-0060,Home,2024-06-23 17:22:28.829765952,101.37,173.82,160.67,33,237,0,Summer,Sunday,4.0,33,5736.06,2390.85
P-0077,Electronics,2024-06-23 20:52:45.753150632,149.43,270.83,265.9,27,74,0,Summer,Sunday,4.13,27,7312.41,3277.8
P-0088,Electronics,2024-06-24 00:23:02.676535304,211.07,291.27,274.38,9,154,0,Summer,Monday,3.81,9,2621.43,721.8
P-0041,Home,2024-06-24 03:53:19.599919984,119.92,208.39,196.28,16,247,0,Summer,Monday,3.89,16,3334.24,1415.52
P-0064,Sports,2024-06-24 07:23:36.523304664,101.42,181.43,165.42,18,162,0,Summer,Monday,4.29,18,3265.74,1440.18
P-0049,Home,2024-06-24 10:53:53.446689336,67.55,98.64,109.31,29,70,0,Summer,Monday,4.3,29,2860.56,901.61
P-0063,Beauty,2024-06-24 14:24:10.370074016,57.63,89.92,88.4,22,158,0,Summer,Monday,3.5,22,1978.24,710.38
P-0067,Grocery,2024-06-24 17:54:27.293458696,20.2,39.52,35.99,19,19,0,Summer,Monday,4.23,19,750.88,367.08
P-0059,Electronics,2024-06-24 21:24:44.216843368,169.91,272.92,259.28,31,134,1,Summer,Monday,4.35,31,8460.52,3193.31
P-0079,Electronics,2024-06-25 00:55:01.140228048,206.19,318.64,352.8,23,154,0,Summer,Tuesday,3.83,23,7328.72,2586.35
P-0008,Home,2024-06-25 04:25:18.063612720,113.67,162.84,158.5,22,28,0,Summer,Tuesday,3.79,22,3582.48,1081.74
P-0006,Grocery,2024-06-25 07:55:34.986997400,26.3,47.75,44.54,43,64,0,Summer,Tuesday,4.3,43,2053.25,922.35
P-0084,Home,2024-06-25 11:25:51.910382080,84.13,143.1,151.27,25,257,1,Summer,Tuesday,2.94,25,3577.5,1474.25
P-0039,Grocery,2024-06-25 14:56:08.833766752,26.71,48.25,46.76,35,169,0,Summer,Tuesday,4.1,35,1688.75,753.9
P-0039,Sports,2024-06-25 18:26:25.757151432,51.28,78.62,72.68,31,127,0,Summer,Tuesday,4.84,31,2437.22,847.54
P-0077,Grocery,2024-06-25 21:56:42.680536104,21.11,36.42,36.21,27,71,0,Summer,Tuesday,2.93,27,983.34,413.37
P-0055,Sports,2024-06-26 01:26:59.603920784,69.45,83.81,90.45,41,45,1,Summer,Wednesday,4.47,41,3436.21,588.76
P-0054,Grocery,2024-06-26 04:57:16.527305464,24.3,39.9,39.43,51,119,0,Summer,Wednesday,4.34,51,2034.9,795.6
P-0094,Sports,2024-06-26 08:27:33.450690136,77.4,113.67,111.32,18,148,0,Summer,Wednesday,3.45,18,2046.06,652.86
P-0035,Grocery,2024-06-26 11:57:50.374074816,23.46,36.94,37.82,51,58,0,Summer,Wednesday,4.33,51,1883.94,687.48
P-0027,Grocery,2024-06-26 15:28:07.297459496,23.33,35.94,34.45,41,211,0,Summer,Wednesday,4.55,41,1473.54,517.01
P-0005,Grocery,2024-06-26 18:58:24.220844168,24.09,29.75,30.23,33,120,0,Summer,Wednesday,3.57,33,981.75,186.78
P-0095,Sports,2024-06-26 22:28:41.144228848,86.91,130.53,119.69,21,28,1,Summer,Wednesday,3.78,21,2741.13,916.02
P-0001,Beauty,2024-06-27 01:58:58.067613520,56.31,76.72,71.7,33,48,1,Summer,Thursday,4.11,33,2531.76,673.53
P-0042,Grocery,2024-06-27 05:29:14.990998200,22.91,36.51,34.02,46,226,0,Summer,Thursday,4.54,46,1679.46,625.6
P-0043,Beauty,2024-06-27 08:59:31.914382880,58.54,100.85,100.22,38,97,1,Summer,Thursday,3.86,38,3832.3,1607.78
P-0093,Sports,2024-06-27 12:29:48.837767552,90.57,139.04,149.97,49,106,1,Summer,Thursday,4.08,49,6812.96,2375.03
P-0049,Home,2024-06-27 16:00:05.761152232,86.55,153.59,145.74,12,63,0,Summer,Thursday,3.8,12,1843.08,804.48
P-0001,Grocery,2024-06-27 19:30:22.684536904,23.77,36.1,40.27,56,212,1,Summer,Thursday,4.11,56,2021.6,690.48
P-0023,Grocery,2024-06-27 23:00:39.607921584,28.46,41.57,41.4,44,214,0,Summer,Thursday,4.57,44,1829.08,576.84
P-0052,Sports,2024-06-28 02:30:56.531306264,65.88,89.89,100.69,34,74,0,Summer,Friday,4.15,34,3056.26,816.34
P-0080,Home,2024-06-28 06:01:13.454690936,122.43,188.55,187.27,18,193,0,Summer,Friday,3.94,18,3393.9,1190.16
P-0006,Grocery,2024-06-28 09:31:30.378075616,18.86,25.85,24.75,51,125,1,Summer,Friday,4.09,51,1318.35,356.49
P-0073,Grocery,2024-06-28 13:01:47.301460296,22.67,35.11,35.8,55,55,1,Summer,Friday,3.74,55,1931.05,684.2
P-0018,Sports,2024-06-28 16:32:04.224844968,67.84,109.44,111.67,26,209,0,Summer,Friday,3.65,26,2845.44,1081.6
P-0019,Sports,2024-06-28 20:02:21.148229648,108.01,155.8,171.31,35,35,0,Summer,Friday,4.64,35,5453.0,1672.65
P-0015,Beauty,2024-06-28 23:32:38.071614320,50.57,79.97,83.96,28,229,0,Summer,Friday,4.84,28,2239.16,823.2
P-0019,Beauty,2024-06-29 03:02:54.994999000,50.59,65.66,66.55,21,21,1,Summer,Saturday,3.29,21,1378.86,316.47
P-0062,Electronics,2024-06-29 06:33:11.918383680,197.54,358.41,329.65,23,94,0,Summer,Saturday,4.36,23,8243.43,3700.01
P-0087,Sports,2024-06-29 10:03:28.841768352,81.22,121.4,110.82,24,70,0,Summer,Saturday,4.49,24,2913.6,964.32
P-0007,Home,2024-06-29 13:33:45.765153032,90.01,172.89,155.92,25,72,0,Summer,Saturday,3.55,25,4322.25,2072.0
P-0092,Grocery,2024-06-29 17:04:02.688537712,23.49,29.41,32.53,36,132,0,Summer,Saturday,3.89,36,1058.76,213.12
P-0023,Grocery,2024-06-29 20:34:19.611922384,10.45,15.11,15.89,38,199,0,Summer,Saturday,3.84,38,574.18,177.08
P-0099,Beauty,2024-06-30 00:04:36.535307064,55.5,83.5,84.25,47,112,0,Summer,Sunday,4.96,47,3924.5,1316.0
P-0081,Electronics,2024-06-30 03:34:53.458691736,210.6,304.4,294.39,23,141,0,Summer,Sunday,4.84,23,7001.2,2157.4
P-0069,Electronics,2024-06-30 07:05:10.382076416,244.9,372.12,354.85,26,253,1,Summer,Sunday,3.69,26,9675.12,3307.72
P-0050,Sports,2024-06-30 10:35:27.305461096,96.76,139.81,130.83,20,136,0,Summer,Sunday,3.44,20,2796.2,861.0
P-0093,Beauty,2024-06-30 14:05:44.228845768,53.35,83.34,83.42,38,209,0,Summer,Sunday,4.45,38,3166.92,1139.62
P-0048,Electronics,2024-06-30 17:36:01.152230448,237.43,421.67,416.02,41,109,1,Summer,Sunday,4.34,41,17288.47,7553.84
P-0015,Grocery,2024-06-30 21:06:18.075615120,19.77,31.27,28.16,34,34,0,Summer,Sunday,4.66,34,1063.18,391.0
P-0034,Home,2024-07-01 00:36:34.998999800,106.66,152.95,163.13,16,77,0,Summer,Monday,3.62,16,2447.2,740.64
P-0016,Sports,2024-07-01 04:06:51.922384480,72.67,134.42,125.29,33,53,1,Summer,Monday,4.43,33,4435.86,2037.75
P-0027,Home,2024-07-01 07:37:08.845769152,76.99,121.27,115.4,11,237,0,Summer,Monday,3.77,11,1333.97,487.08
P-0005,Electronics,2024-07-01 11:07:25.769153832,203.76,317.81,347.86,19,21,0,Summer,Monday,4.38,19,6038.39,2166.95
P-0047,Electronics,2024-07-01 14:37:42.692538512,257.06,423.79,384.44,18,216,0,Summer,Monday,4.08,18,7628.22,3001.14
P-0054,Beauty,2024-07-01 18:07:59.615923184,56.59,91.64,84.44,30,48,0,Summer,Monday,4.96,30,2749.2,1051.5
P-0051,Beauty,2024-07-01 21:38:16.539307864,68.17,97.22,91.11,32,51,0,Summer,Monday,4.3,32,3111.04,929.6
P-0023,Grocery,2024-07-02 01:08:33.462692536,21.12,25.36,27.85,46,144,0,Summer,Tuesday,3.96,46,1166.56,195.04
P-0027,Beauty,2024-07-02 04:38:50.386077216,64.22,93.06,101.87,34,34,0,Summer,Tuesday,4.16,34,3164.04,980.56
P-0057,Home,2024-07-02 08:09:07.309461896,85.09,151.46,145.08,25,33,0,Summer,Tuesday,4.05,25,3786.5,1659.25
P-0033,Home,2024-07-02 11:39:24.232846568,98.42,118.06,130.35,23,205,0,Summer,Tuesday,3.58,23,2715.38,451.72
P-0001,Home,2024-07-02 15:09:41.156231248,98.29,156.09,172.06,28,29,0,Summer,Tuesday,4.97,28,4370.52,1618.4
P-0072,Sports,2024-07-02 18:39:58.079615920,88.47,124.99,128.05,31,161,0,Summer,Tuesday,4.82,31,3874.69,1132.12
P-0053,Electronics,2024-07-02 22:10:15.003000600,218.42,285.64,324.11,18,43,0,Summer,Tuesday,4.02,18,5141.52,1209.96
P-0020,Sports,2024-07-03 01:40:31.926385280,70.54,129.41,122.88,33,35,0,Summer,Wednesday,4.41,33,4270.53,1942.71
P-0089,Home,2024-07-03 05:10:48.849769952,108.38,190.72,188.9,41,179,1,Summer,Wednesday,5.0,41,7819.52,3375.94
P-0026,Electronics,2024-07-03 08:41:05.773154632,268.18,370.87,412.64,28,111,1,Summer,Wednesday,4.66,28,10384.36,2875.32
P-0073,Home,2024-07-03 12:11:22.696539312,86.13,122.03,120.77,19,19,0,Summer,Wednesday,3.96,19,2318.57,682.1
P-0005,Electronics,2024-07-03 15:41:39.619923984,148.34,178.11,199.45,21,181,0,Summer,Wednesday,4.06,21,3740.31,625.17
P-0037,Grocery,2024-07-03 19:11:56.543308664,25.92,32.53,36.27,35,252,0,Summer,Wednesday,3.33,35,1138.55,231.35
P-0025,Beauty,2024-07-03 22:42:13.466693336,52.09,87.17,87.48,35,152,0,Summer,Wednesday,4.45,35,3050.95,1227.8
P-0007,Home,2024-07-04 02:12:30.390078016,93.01,132.86,132.87,40,108,1,Summer,Thursday,4.66,40,5314.4,1594.0
P-0044,Grocery,2024-07-04 05:42:47.313462696,26.14,41.01,42.66,53,221,0,Summer,Thursday,4.66,53,2173.53,788.11
P-0025,Grocery,2024-07-04 09:13:04.236847368,22.25,31.08,30.2,41,97,0,Summer,Thursday,4.42,41,1274.28,362.03
P-0026,Sports,2024-07-04 12:43:21.160232048,76.56,112.72,115.85,19,165,0,Summer,Thursday,4.26,19,2141.68,687.04
P-0051,Sports,2024-07-04 16:13:38.083616720,78.72,116.01,113.64,25,131,1,Summer,Thursday,3.65,25,2900.25,932.25
P-0088,Grocery,2024-07-04 19:43:55.007001400,29.64,43.63,45.26,34,192,0,Summer,Thursday,4.24,34,1483.42,475.66
P-0026,Grocery,2024-07-04 23:14:11.930386080,24.12,39.66,37.71,42,141,1,Summer,Thursday,3.82,42,1665.72,652.68
P-0016,Grocery,2024-07-05 02:44:28.853770752,19.26,35.23,34.57,37,133,0,Summer,Friday,4.34,37,1303.51,590.89
P-0078,Beauty,2024-07-05 06:14:45.777155432,44.48,71.29,77.62,38,117,1,Summer,Friday,3.76,38,2709.02,1018.78
P-0042,Grocery,2024-07-05 09:45:02.700540112,24.53,41.84,40.05,47,87,0,Summer,Friday,4.33,47,1966.48,813.57
P-0094,Electronics,2024-07-05 13:15:19.623924784,172.05,245.26,229.61,31,134,1,Summer,Friday,4.7,31,7603.06,2269.51
P-0071,Grocery,2024-07-05 16:45:36.547309464,18.0,28.31,31.6,29,29,1,Summer,Friday,4.27,29,820.99,298.99
P-0018,Sports,2024-07-05 20:15:53.470694136,88.13,157.48,153.43,35,98,1,Summer,Friday,4.25,35,5511.8,2427.25
P-0077,Electronics,2024-07-05 23:46:10.394078816,233.0,433.1,404.88,18,33,1,Summer,Friday,4.51,18,7795.8,3601.8
P-0001,Grocery,2024-07-06 03:16:27.317463496,22.59,31.03,34.19,50,93,0,Summer,Saturday,4.9,50,1551.5,422.0
P-0046,Sports,2024-07-06 06:46:44.240848168,83.76,123.41,112.56,27,101,0,Summer,Saturday,4.05,27,3332.07,1070.55
P-0009,Home,2024-07-06 10:17:01.164232848,97.86,159.6,162.93,21,21,0,Summer,Saturday,4.33,21,3351.6,1296.54
P-0078,Beauty,2024-07-06 13:47:18.087617528,60.3,93.3,88.26,43,87,1,Summer,Saturday,4.78,43,4011.9,1419.0
P-0081,Sports,2024-07-06 17:17:35.011002200,87.74,138.4,126.3,36,179,1,Summer,Saturday,4.4,36,4982.4,1823.76
P-0094,Sports,2024-07-06 20:47:51.934386880,46.65,76.37,68.34,38,252,1,Summer,Saturday,3.2,38,2902.06,1129.36
P-0006,Electronics,2024-07-07 00:18:08.857771552,201.92,320.82,314.49,23,166,0,Summer,Sunday,3.78,23,7378.86,2734.7
P-0085,Home,2024-07-07 03:48:25.781156232,102.87,154.69,147.46,29,189,1,Summer,Sunday,4.44,29,4486.01,1502.78
P-0075,Grocery,2024-07-07 07:18:42.704540912,22.42,34.35,36.53,45,178,1,Summer,Sunday,3.92,45,1545.75,536.85
P-0086,Home,2024-07-07 10:48:59.627925584,95.55,145.75,153.48,27,246,0,Summer,Sunday,4.75,27,3935.25,1355.4
P-0041,Home,2024-07-07 14:19:16.551310264,106.41,176.49,162.79,33,245,0,Summer,Sunday,4.94,33,5824.17,2312.64
P-0066,Electronics,2024-07-07 17:49:33.474694936,212.72,265.56,272.21,28,42,1,Summer,Sunday,3.83,28,7435.68,1479.52
P-0043,Electronics,2024-07-07 21:19:50.398079616,260.67,495.72,460.11,35,130,1,Summer,Sunday,3.64,35,17350.2,8226.75
P-0068,Beauty,2024-07-08 00:50:07.321464296,64.92,85.51,95.85,33,237,0,Summer,Monday,3.94,33,2821.83,679.47
P-0074,Grocery,2024-07-08 04:20:24.244848968,23.54,32.86,35.24,39,231,0,Summer,Monday,3.91,39,1281.54,363.48
P-0030,Grocery,2024-07-08 07:50:41.168233648,23.24,32.12,34.88,50,145,0,Summer,Monday,4.79,50,1606.0,444.0
P-0033,Grocery,2024-07-08 11:20:58.091618328,13.05,19.05,18.93,40,123,0,Summer,Monday,3.63,40,762.0,240.0
P-0099,Home,2024-07-08 14:51:15.015003000,90.04,131.27,145.96,27,29,0,Summer,Monday,4.43,27,3544.29,1113.21
P-0082,Home,2024-07-08 18:21:31.938387680,74.43,90.1,93.61,30,132,0,Summer,Monday,4.72,30,2703.0,470.1
P-0006,Electronics,2024-07-08 21:51:48.861772352,217.43,420.16,376.25,27,139,1,Summer,Monday,4.47,27,11344.32,5473.71
P-0010,Electronics,2024-07-09 01:22:05.785157032,215.14,300.9,281.05,29,170,1,Summer,Tuesday,4.3,29,8726.1,2487.04
P-0080,Home,2024-07-09 04:52:22.708541712,105.58,201.91,190.03,15,142,0,Summer,Tuesday,4.03,15,3028.65,1444.95
P-0072,Electronics,2024-07-09 08:22:39.631926384,256.93,374.02,409.92,36,67,1,Summer,Tuesday,4.93,36,13464.72,4215.24
P-0022,Electronics,2024-07-09 11:52:56.555311064,209.12,260.28,269.02,21,252,0,Summer,Tuesday,3.99,21,5465.88,1074.36
P-0091,Electronics,2024-07-09 15:23:13.478695736,286.62,466.31,446.94,18,68,0,Summer,Tuesday,4.53,18,8393.58,3234.42
P-0002,Grocery,2024-07-09 18:53:30.402080416,24.89,31.56,35.65,38,108,0,Summer,Tuesday,4.03,38,1199.28,253.46
P-0017,Grocery,2024-07-09 22:23:47.325465096,18.97,33.13,33.66,42,139,0,Summer,Tuesday,3.27,42,1391.46,594.72
P-0056,Sports,2024-07-10 01:54:04.248849768,72.81,133.74,121.27,18,86,0,Summer,Wednesday,3.98,18,2407.32,1096.74
P-0056,Grocery,2024-07-10 05:24:21.172234448,22.57,31.05,34.51,31,31,1,Summer,Wednesday,4.03,31,962.55,262.88
P-0022,Beauty,2024-07-10 08:54:38.095619128,60.21,98.22,89.49,27,164,0,Summer,Wednesday,4.04,27,2651.94,1026.27
P-0065,Electronics,2024-07-10 12:24:55.019003800,178.17,296.82,320.3,21,72,0,Summer,Wednesday,3.8,21,6233.22,2491.65
P-0084,Beauty,2024-07-10 15:55:11.942388480,52.38,78.38,84.7,28,230,0,Summer,Wednesday,4.38,28,2194.64,728.0
P-0014,Electronics,2024-07-10 19:25:28.865773152,204.59,290.65,313.57,26,209,0,Summer,Wednesday,4.43,26,7556.9,2237.56
P-0079,Home,2024-07-10 22:55:45.789157832,88.19,142.95,129.54,24,119,0,Summer,Wednesday,3.96,24,3430.8,1314.24
P-0055,Home,2024-07-11 02:26:02.712542512,107.33,157.14,153.32,30,128,0,Summer,Thursday,3.96,30,4714.2,1494.3
P-0091,Home,2024-07-11 05:56:19.635927184,104.75,181.91,171.58,19,247,0,Summer,Thursday,3.63,19,3456.29,1466.04
P-0026,Home,2024-07-11 09:26:36.559311864,112.73,171.67,177.36,21,21,0,Summer,Thursday,4.21,21,3605.07,1237.74
P-0069,Grocery,2024-07-11 12:56:53.482696536,22.73,42.52,39.02,43,107,0,Summer,Thursday,4.72,43,1828.36,850.97
P-0076,Grocery,2024-07-11 16:27:10.406081216,28.62,45.36,44.49,29,29,1,Summer,Thursday,4.72,29,1315.44,485.46
P-0036,Grocery,2024-07-11 19:57:27.329465896,18.76,30.17,29.46,40,48,0,Summer,Thursday,3.83,40,1206.8,456.4
P-0057,Grocery,2024-07-11 23:27:44.252850568,18.67,29.95,28.24,53,240,1,Summer,Thursday,5.0,53,1587.35,597.84
P-0074,Beauty,2024-07-12 02:58:01.176235248,44.32,78.85,73.99,36,39,1,Summer,Friday,3.94,36,2838.6,1243.08
P-0042,Electronics,2024-07-12 06:28:18.099619928,210.31,324.46,310.89,14,249,0,Summer,Friday,3.64,14,4542.44,1598.1
P-0067,Grocery,2024-07-12 09:58:35.023004600,28.62,44.69,49.19,51,207,0,Summer,Friday,3.49,51,2279.19,819.57
P-0075,Beauty,2024-07-12 13:28:51.946389280,49.7,77.31,71.06,37,172,0,Summer,Friday,3.62,37,2860.47,1021.57
P-0024,Home,2024-07-12 16:59:08.869773952,87.75,134.91,143.12,45,196,1,Summer,Friday,4.25,45,6070.95,2122.2
P-0074,Home,2024-07-12 20:29:25.793158632,91.72,178.72,159.7,14,60,0,Summer,Friday,3.98,14,2502.08,1218.0
P-0060,Sports,2024-07-12 23:59:42.716543312,87.33,142.09,146.1,30,43,0,Summer,Friday,3.82,30,4262.7,1642.8
P-0022,Grocery,2024-07-13 03:29:59.639927984,22.17,28.98,31.89,52,105,0,Summer,Saturday,3.72,52,1506.96,354.12
P-0085,Beauty,2024-07-13 07:00:16.563312664,50.31,78.79,82.43,38,202,1,Summer,Saturday,3.61,38,2994.02,1082.24
P-0003,Grocery,2024-07-13 10:30:33.486697344,18.83,26.13,25.68,38,89,0,Summer,Saturday,3.7,38,992.94,277.4
P-0061,Home,2024-07-13 14:00:50.410082016,86.31,107.77,110.65,25,58,0,Summer,Saturday,4.56,25,2694.25,536.5
P-0025,Beauty,2024-07-13 17:31:07.333466696,65.36,118.84,110.15,27,207,0,Summer,Saturday,4.91,27,3208.68,1443.96
P-0071,Home,2024-07-13 21:01:24.256851368,96.38,170.45,163.31,43,170,1,Summer,Saturday,4.94,43,7329.35,3185.01
P-0089,Home,2024-07-14 00:31:41.180236048,83.75,98.47,105.74,40,146,0,Summer,Sunday,4.41,40,3938.8,588.8
P-0067,Grocery,2024-07-14 04:01:58.103620728,28.75,51.39,50.92,27,116,0,Summer,Sunday,3.88,27,1387.53,611.28
P-0040,Electronics,2024-07-14 07:32:15.027005400,190.34,304.24,284.6,22,206,1,Summer,Sunday,3.8,22,6693.28,2505.8
P-0064,Grocery,2024-07-14 11:02:31.950390080,29.45,56.31,51.48,52,194,0,Summer,Sunday,4.44,52,2928.12,1396.72
P-0021,Home,2024-07-14 14:32:48.873774752,116.33,190.9,195.84,36,103,1,Summer,Sunday,3.99,36,6872.4,2684.52
P-0009,Grocery,2024-07-14 18:03:05.797159432,24.22,46.58,42.27,31,46,0,Summer,Sunday,4.29,31,1443.98,693.16
P-0037,Grocery,2024-07-14 21:33:22.720544112,18.25,27.71,31.18,55,228,0,Summer,Sunday,4.97,55,1524.05,520.3
P-0062,Grocery,2024-07-15 01:03:39.643928784,32.79,61.03,58.55,37,48,0,Summer,Monday,4.2,37,2258.11,1044.88
P-0039,Beauty,2024-07-15 04:33:56.567313464,58.41,99.53,93.22,24,120,0,Summer,Monday,5.0,24,2388.72,986.88
P-0012,Sports,2024-07-15 08:04:13.490698144,75.85,102.42,104.29,26,234,1,Summer,Monday,3.59,26,2662.92,690.82
P-0046,Beauty,2024-07-15 11:34:30.414082816,63.41,81.95,92.85,30,117,0,Summer,Monday,4.3,30,2458.5,556.2
P-0088,Grocery,2024-07-15 15:04:47.337467496,26.7,46.41,44.42,35,218,0,Summer,Monday,4.24,35,1624.35,689.85
P-0046,Grocery,2024-07-15 18:35:04.260852168,29.03,37.32,38.79,39,134,1,Summer,Monday,3.66,39,1455.48,323.31
P-0046,Home,2024-07-15 22:05:21.184236848,84.93,137.1,149.6,28,197,0,Summer,Monday,4.46,28,3838.8,1460.76
P-0030,Home,2024-07-16 01:35:38.107621528,99.84,124.87,136.07,35,159,0,Summer,Tuesday,4.79,35,4370.45,876.05
P-0048,Home,2024-07-16 05:05:55.031006200,76.97,141.91,133.3,26,83,0,Summer,Tuesday,5.0,26,3689.66,1688.44
P-0030,Home,2024-07-16 08:36:11.954390880,105.13,147.42,159.38,31,234,1,Summer,Tuesday,4.29,31,4570.02,1310.99
P-0096,Home,2024-07-16 12:06:28.877775552,94.65,161.45,162.07,20,129,0,Summer,Tuesday,3.24,20,3229.0,1336.0
P-0080,Home,2024-07-16 15:36:45.801160232,99.27,196.33,176.41,33,127,1,Summer,Tuesday,4.31,33,6478.89,3202.98
P-0071,Beauty,2024-07-16 19:07:02.724544912,53.71,84.56,79.61,36,176,1,Summer,Tuesday,4.43,36,3044.16,1110.6
P-0067,Electronics,2024-07-16 22:37:19.647929584,201.57,332.92,329.19,15,242,0,Summer,Tuesday,3.99,15,4993.8,1970.25
P-0033,Grocery,2024-07-17 02:07:36.571314264,20.67,28.6,28.41,42,228,0,Summer,Wednesday,4.2,42,1201.2,333.06
P-0068,Home,2024-07-17 05:37:53.494698944,107.01,166.45,180.89,31,111,0,Summer,Wednesday,3.88,31,5159.95,1842.64
P-0097,Grocery,2024-07-17 09:08:10.418083616,29.72,49.9,50.55,47,71,0,Summer,Wednesday,4.04,47,2345.3,948.46
P-0020,Electronics,2024-07-17 12:38:27.341468296,191.3,247.16,270.19,40,94,1,Summer,Wednesday,4.56,40,9886.4,2234.4
P-0087,Beauty,2024-07-17 16:08:44.264852968,59.87,68.07,75.63,37,79,0,Summer,Wednesday,4.73,37,2518.59,303.4
P-0100,Electronics,2024-07-17 19:39:01.188237648,224.52,302.58,333.9,21,87,0,Summer,Wednesday,3.53,21,6354.18,1639.26
P-0007,Grocery,2024-07-17 23:09:18.111622328,24.03,33.11,32.28,42,120,0,Summer,Wednesday,3.87,42,1390.62,381.36
P-0009,Home,2024-07-18 02:39:35.035007000,71.8,113.09,122.07,12,20,0,Summer,Thursday,3.39,12,1357.08,495.48
P-0049,Sports,2024-07-18 06:09:51.958391680,63.34,80.84,88.27,20,145,0,Summer,Thursday,4.93,20,1616.8,350.0
P-0069,Home,2024-07-18 09:40:08.881776352,83.13,160.02,147.06,34,223,1,Summer,Thursday,4.49,34,5440.68,2614.26
P-0053,Beauty,2024-07-18 13:10:25.805161032,36.18,58.7,64.56,24,120,1,Summer,Thursday,3.2,24,1408.8,540.48
P-0075,Home,2024-07-18 16:40:42.728545712,116.4,213.73,203.68,32,34,1,Summer,Thursday,4.07,32,6839.36,3114.56
P-0083,Grocery,2024-07-18 20:10:59.651930384,25.41,39.34,40.14,41,110,0,Summer,Thursday,3.97,41,1612.94,571.13
P-0027,Beauty,2024-07-18 23:41:16.575315064,54.74,77.93,76.48,25,96,0,Summer,Thursday,3.76,25,1948.25,579.75
P-0053,Home,2024-07-19 03:11:33.498699744,61.71,92.58,104.54,52,160,1,Summer,Friday,4.57,52,4814.16,1605.24
P-0008,Electronics,2024-07-19 06:41:50.422084416,148.72,214.1,243.29,22,76,0,Summer,Friday,4.56,22,4710.2,1438.36
P-0012,Electronics,2024-07-19 10:12:07.345469096,209.92,403.79,375.22,20,88,0,Summer,Friday,4.22,20,8075.8,3877.4
P-0074,Electronics,2024-07-19 13:42:24.268853768,276.21,400.2,402.57,15,197,0,Summer,Friday,3.81,15,6003.0,1859.85
P-0090,Sports,2024-07-19 17:12:41.192238448,71.06,81.74,91.12,40,58,0,Summer,Friday,3.82,40,3269.6,427.2
P-0057,Home,2024-07-19 20:42:58.115623128,108.13,187.23,194.54,32,243,0,Summer,Friday,4.12,32,5991.36,2531.2
P-0073,Electronics,2024-07-20 00:13:15.039007800,193.88,332.25,331.74,25,87,0,Summer,Saturday,3.89,25,8306.25,3459.25
P-0097,Sports,2024-07-20 03:43:31.962392480,80.71,101.03,110.72,29,215,0,Summer,Saturday,4.1,29,2929.87,589.28
P-0008,Electronics,2024-07-20 07:13:48.885777160,250.81,418.21,413.61,24,35,0,Summer,Saturday,4.35,24,10037.04,4017.6
P-0073,Home,2024-07-20 10:44:05.809161832,89.74,112.98,112.21,27,93,0,Summer,Saturday,3.41,27,3050.46,627.48
P-0063,Grocery,2024-07-20 14:14:22.732546512,21.35,34.06,33.24,45,107,0,Summer,Saturday,3.76,45,1532.7,571.95
P-0093,Sports,2024-07-20 17:44:39.655931184,98.15,152.86,142.27,36,126,1,Summer,Saturday,4.08,36,5502.96,1969.56
P-0031,Grocery,2024-07-20 21:14:56.579315864,24.17,34.54,35.28,37,37,1,Summer,Saturday,4.8,37,1277.98,383.69
P-0064,Beauty,2024-07-21 00:45:13.502700544,64.6,97.78,89.44,32,75,1,Summer,Sunday,4.48,32,3128.96,1061.76
P-0085,Sports,2024-07-21 04:15:30.426085216,71.23,99.19,99.8,36,229,1,Summer,Sunday,4.1,36,3570.84,1006.56
P-0050,Electronics,2024-07-21 07:45:47.349469896,257.26,381.94,385.91,41,241,1,Summer,Sunday,4.28,41,15659.54,5111.88
P-0028,Sports,2024-07-21 11:16:04.272854568,83.5,120.1,115.77,28,123,0,Summer,Sunday,4.05,28,3362.8,1024.8
P-0095,Grocery,2024-07-21 14:46:21.196239248,25.67,39.76,38.67,43,44,0,Summer,Sunday,4.58,43,1709.68,605.87
P-0016,Sports,2024-07-21 18:16:38.119623928,81.68,113.03,128.04,43,82,1,Summer,Sunday,4.3,43,4860.29,1348.05
P-0082,Home,2024-07-21 21:46:55.043008600,87.32,159.89,143.3,22,248,0,Summer,Sunday,4.68,22,3517.58,1596.54
P-0084,Electronics,2024-07-22 01:17:11.966393280,209.94,376.8,340.61,5,240,0,Summer,Monday,3.49,5,1884.0,834.3
P-0004,Grocery,2024-07-22 04:47:28.889777960,22.3,29.22,30.84,44,214,0,Summer,Monday,3.74,44,1285.68,304.48
P-0036,Beauty,2024-07-22 08:17:45.813162632,63.44,81.8,80.67,27,226,0,Summer,Monday,4.22,27,2208.6,495.72
P-0059,Beauty,2024-07-22 11:48:02.736547312,53.21,96.78,90.88,28,189,1,Summer,Monday,4.32,28,2709.84,1219.96
P-0011,Sports,2024-07-22 15:18:19.659931984,60.84,115.86,105.24,29,167,0,Summer,Monday,5.0,29,3359.94,1595.58
P-0015,Grocery,2024-07-22 18:48:36.583316664,17.55,32.04,31.39,38,204,0,Summer,Monday,3.29,38,1217.52,550.62
P-0034,Home,2024-07-22 22:18:53.506701344,68.75,108.12,122.23,28,173,0,Summer,Monday,4.09,28,3027.36,1102.36
P-0095,Home,2024-07-23 01:49:10.430086016,104.39,174.12,166.88,28,98,1,Summer,Tuesday,4.06,28,4875.36,1952.44
P-0043,Electronics,2024-07-23 05:19:27.353470696,171.31,269.26,298.4,32,172,1,Summer,Tuesday,4.21,32,8616.32,3134.4
P-0068,Electronics,2024-07-23 08:49:44.276855368,220.08,342.86,329.33,24,87,0,Summer,Tuesday,4.88,24,8228.64,2946.72
P-0061,Electronics,2024-07-23 12:20:01.200240048,214.59,368.74,361.16,15,168,0,Summer,Tuesday,4.49,15,5531.1,2312.25
P-0046,Grocery,2024-07-23 15:50:18.123624728,23.75,43.59,42.17,59,108,0,Summer,Tuesday,3.38,59,2571.81,1170.56
P-0009,Grocery,2024-07-23 19:20:35.047009400,25.68,40.12,43.35,64,134,1,Summer,Tuesday,4.79,64,2567.68,924.16
P-0096,Beauty,2024-07-23 22:50:51.970394080,56.39,83.25,83.38,28,59,0,Summer,Tuesday,4.78,28,2331.0,752.08
P-0054,Home,2024-07-24 02:21:08.893778760,53.81,80.66,78.44,39,249,1,Summer,Wednesday,4.22,39,3145.74,1047.15
P-0034,Grocery,2024-07-24 05:51:25.817163432,22.76,30.56,32.1,47,197,0,Summer,Wednesday,3.37,47,1436.32,366.6
P-0045,Grocery,2024-07-24 09:21:42.740548112,25.63,34.37,37.21,41,41,1,Summer,Wednesday,4.03,41,1409.17,358.34
P-0045,Sports,2024-07-24 12:51:59.663932784,101.0,160.39,171.83,33,131,0,Summer,Wednesday,4.31,33,5292.87,1959.87
P-0098,Beauty,2024-07-24 16:22:16.587317464,69.84,124.07,114.25,26,126,0,Summer,Wednesday,4.55,26,3225.82,1409.98
P-0040,Grocery,2024-07-24 19:52:33.510702144,18.77,25.82,26.04,39,232,0,Summer,Wednesday,3.3,39,1006.98,274.95
P-0099,Beauty,2024-07-24 23:22:50.434086816,51.92,88.51,85.22,26,200,1,Summer,Wednesday,3.75,26,2301.26,951.34
P-0014,Beauty,2024-07-25 02:53:07.357471496,41.22,60.34,60.13,36,230,1,Summer,Thursday,4.59,36,2172.24,688.32
P-0021,Sports,2024-07-25 06:23:24.280856168,99.45,167.24,154.82,23,129,0,Summer,Thursday,4.78,23,3846.52,1559.17
P-0015,Home,2024-07-25 09:53:41.204240848,110.4,160.82,160.49,25,53,0,Summer,Thursday,4.29,25,4020.5,1260.5
P-0095,Home,2024-07-25 13:23:58.127625528,100.33,139.15,154.2,28,191,0,Summer,Thursday,4.62,28,3896.2,1086.96
P-0060,Home,2024-07-25 16:54:15.051010200,97.52,149.37,161.04,31,68,0,Summer,Thursday,4.3,31,4630.47,1607.35
P-0050,Beauty,2024-07-25 20:24:31.974394880,67.15,97.98,110.94,29,170,0,Summer,Thursday,4.53,29,2841.42,894.07
P-0007,Beauty,2024-07-25 23:54:48.897779560,65.66,117.96,109.27,35,115,0,Summer,Thursday,4.17,35,4128.6,1830.5
P-0017,Grocery,2024-07-26 03:25:05.821164232,28.45,43.31,41.68,67,100,1,Summer,Friday,4.32,67,2901.77,995.62
P-0094,Home,2024-07-26 06:55:22.744548912,101.94,176.48,166.14,16,44,0,Summer,Friday,3.55,16,2823.68,1192.64
P-0097,Electronics,2024-07-26 10:25:39.667933584,198.27,288.0,273.87,11,211,0,Summer,Friday,4.42,11,3168.0,987.03
P-0033,Sports,2024-07-26 13:55:56.591318264,89.82,146.44,135.86,30,183,0,Summer,Friday,3.54,30,4393.2,1698.6
P-0072,Home,2024-07-26 17:26:13.514702944,107.4,188.41,168.69,32,98,0,Summer,Friday,4.42,32,6029.12,2592.32
P-0033,Sports,2024-07-26 20:56:30.438087616,77.56,130.88,126.23,21,195,0,Summer,Friday,3.9,21,2748.48,1119.72
P-0097,Electronics,2024-07-27 00:26:47.361472296,198.2,326.53,347.17,37,256,1,Summer,Saturday,4.27,37,12081.61,4748.21
P-0014,Beauty,2024-07-27 03:57:04.284856976,64.97,83.29,92.1,33,191,0,Summer,Saturday,3.67,33,2748.57,604.56
P-0010,Beauty,2024-07-27 07:27:21.208241648,69.64,122.0,119.43,38,247,0,Summer,Saturday,3.87,38,4636.0,1989.68
P-0036,Grocery,2024-07-27 10:57:38.131626328,21.12,31.96,30.01,31,130,0,Summer,Saturday,4.27,31,990.76,336.04
P-0018,Electronics,2024-07-27 14:27:55.055011000,201.15,317.12,312.5,39,107,1,Summer,Saturday,4.44,39,12367.68,4522.83
P-0070,Sports,2024-07-27 17:58:11.978395680,84.49,137.3,144.09,46,221,1,Summer,Saturday,4.59,46,6315.8,2429.26
P-0092,Beauty,2024-07-27 21:28:28.901780360,59.28,102.83,97.68,26,177,0,Summer,Saturday,3.58,26,2673.58,1132.3
P-0096,Beauty,2024-07-28 00:58:45.825165032,50.4,85.83,86.92,33,163,0,Summer,Sunday,3.42,33,2832.39,1169.19
P-0099,Beauty,2024-07-28 04:29:02.748549712,71.57,115.31,121.54,30,172,0,Summer,Sunday,3.66,30,3459.3,1312.2
P-0020,Electronics,2024-07-28 07:59:19.671934384,224.18,340.03,314.3,15,258,0,Summer,Sunday,3.62,15,5100.45,1737.75
P-0006,Beauty,2024-07-28 11:29:36.595319064,59.68,109.16,107.19,45,183,0,Summer,Sunday,4.81,45,4912.2,2226.6
P-0018,Home,2024-07-28 14:59:53.518703744,121.74,203.74,214.91,21,214,0,Summer,Sunday,4.7,21,4278.54,1722.0
P-0076,Home,2024-07-28 18:30:10.442088416,88.17,125.68,131.07,23,23,0,Summer,Sunday,3.65,23,2890.64,862.73
P-0014,Grocery,2024-07-28 22:00:27.365473096,23.66,30.71,30.19,61,191,1,Summer,Sunday,4.87,61,1873.31,430.05
P-0069,Beauty,2024-07-29 01:30:44.288857776,43.97,61.15,62.3,31,92,0,Summer,Monday,4.68,31,1895.65,532.58
P-0058,Electronics,2024-07-29 05:01:01.212242448,204.21,320.73,349.18,12,45,0,Summer,Monday,3.37,12,3848.76,1398.24
P-0080,Electronics,2024-07-29 08:31:18.135627128,159.97,291.14,283.62,20,82,1,Summer,Monday,3.64,20,5822.8,2623.4
P-0012,Electronics,2024-07-29 12:01:35.059011800,235.13,419.69,401.47,19,218,0,Summer,Monday,3.35,19,7974.11,3506.64
P-0044,Electronics,2024-07-29 15:31:51.982396480,224.11,289.56,329.04,28,215,0,Summer,Monday,4.06,28,8107.68,1832.6
P-0009,Beauty,2024-07-29 19:02:08.905781160,52.56,67.93,67.33,27,89,0,Summer,Monday,4.11,27,1834.11,414.99
P-0003,Electronics,2024-07-29 22:32:25.829165832,206.63,322.98,317.11,18,62,0,Summer,Monday,4.11,18,5813.64,2094.3
P-0075,Sports,2024-07-30 02:02:42.752550512,89.75,125.5,130.77,25,117,1,Summer,Tuesday,3.19,25,3137.5,893.75
P-0056,Electronics,2024-07-30 05:32:59.675935184,171.84,217.66,226.42,15,96,1,Summer,Tuesday,3.46,15,3264.9,687.3
P-0080,Electronics,2024-07-30 09:03:16.599319864,216.86,271.28,283.7,18,128,0,Summer,Tuesday,4.22,18,4883.04,979.56
P-0008,Sports,2024-07-30 12:33:33.522704544,88.95,117.11,118.67,38,207,1,Summer,Tuesday,4.38,38,4450.18,1070.08
P-0032,Home,2024-07-30 16:03:50.446089216,67.91,99.51,92.58,17,96,0,Summer,Tuesday,3.19,17,1691.67,537.2
P-0014,Home,2024-07-30 19:34:07.369473896,105.41,174.16,175.46,23,57,0,Summer,Tuesday,3.52,23,4005.68,1581.25
P-0059,Sports,2024-07-30 23:04:24.292858576,58.57,95.64,85.51,21,41,0,Summer,Tuesday,4.56,21,2008.44,778.47
P-0057,Sports,2024-07-31 02:34:41.216243248,78.49,113.49,116.97,31,182,0,Summer,Wednesday,3.55,31,3518.19,1085.0
P-0075,Grocery,2024-07-31 06:04:58.139627928,19.53,32.31,30.84,41,63,0,Summer,Wednesday,4.09,41,1324.71,523.98
P-0009,Electronics,2024-07-31 09:35:15.063012600,258.09,464.29,458.9,12,68,0,Summer,Wednesday,3.51,12,5571.48,2474.4
P-0005,Beauty,2024-07-31 13:05:31.986397280,44.82,79.37,74.67,41,211,1,Summer,Wednesday,4.47,41,3254.17,1416.55
P-0086,Sports,2024-07-31 16:35:48.909781960,58.88,103.32,94.51,24,37,0,Summer,Wednesday,3.19,24,2479.68,1066.56
P-0064,Sports,2024-07-31 20:06:05.833166632,81.71,135.95,135.57,22,174,0,Summer,Wednesday,3.96,22,2990.9,1193.28
P-0012,Electronics,2024-07-31 23:36:22.756551312,196.1,322.27,322.7,17,17,0,Summer,Wednesday,4.52,17,5478.59,2144.89
P-0029,Home,2024-08-01 03:06:39.679935984,72.13,130.04,117.55,21,245,0,Summer,Thursday,4.37,21,2730.84,1216.11
P-0041,Home,2024-08-01 06:36:56.603320664,102.99,173.19,156.86,23,189,0,Summer,Thursday,3.89,23,3983.37,1614.6
P-0041,Electronics,2024-08-01 10:07:13.526705344,143.09,250.13,223.47,13,216,0,Summer,Thursday,3.79,13,3251.69,1391.52
P-0074,Grocery,2024-08-01 13:37:30.450090016,20.02,27.63,30.11,49,178,0,Summer,Thursday,4.0,49,1353.87,372.89
P-0036,Home,2024-08-01 17:07:47.373474696,86.26,111.48,126.56,39,113,1,Summer,Thursday,3.52,39,4347.72,983.58
P-0060,Home,2024-08-01 20:38:04.296859376,107.19,147.69,149.95,22,258,0,Summer,Thursday,4.05,22,3249.18,891.0
P-0072,Electronics,2024-08-02 00:08:21.220244048,253.53,386.96,366.44,10,207,0,Summer,Friday,4.06,10,3869.6,1334.3
P-0011,Beauty,2024-08-02 03:38:38.143628728,64.7,86.27,96.12,32,36,0,Summer,Friday,3.91,32,2760.64,690.24
P-0047,Electronics,2024-08-02 07:08:55.067013400,204.85,311.59,321.34,32,156,1,Summer,Friday,4.55,32,9970.88,3415.68
P-0026,Home,2024-08-02 10:39:11.990398080,58.1,90.33,88.6,40,147,1,Summer,Friday,3.62,40,3613.2,1289.2
P-0077,Electronics,2024-08-02 14:09:28.913782760,223.13,272.0,292.16,11,85,0,Summer,Friday,3.33,11,2992.0,537.57
P-0014,Sports,2024-08-02 17:39:45.837167432,98.82,149.88,142.0,30,126,0,Summer,Friday,3.86,30,4496.4,1531.8
P-0032,Electronics,2024-08-02 21:10:02.760552112,251.46,342.57,366.35,30,253,0,Summer,Friday,4.16,30,10277.1,2733.3
P-0063,Beauty,2024-08-03 00:40:19.683936784,59.07,104.71,96.8,30,36,0,Summer,Saturday,4.05,30,3141.3,1369.2
P-0055,Electronics,2024-08-03 04:10:36.607321464,170.03,234.8,243.67,29,242,1,Summer,Saturday,4.03,29,6809.2,1878.33
P-0004,Electronics,2024-08-03 07:40:53.530706144,192.35,246.99,241.28,18,186,0,Summer,Saturday,3.59,18,4445.82,983.52
P-0091,Electronics,2024-08-03 11:11:10.454090816,274.98,360.26,356.48,17,42,0,Summer,Saturday,3.66,17,6124.42,1449.76
P-0008,Electronics,2024-08-03 14:41:27.377475496,162.4,235.3,247.39,20,89,0,Summer,Saturday,3.88,20,4706.0,1458.0
P-0044,Electronics,2024-08-03 18:11:44.300860176,171.43,228.67,232.06,34,220,1,Summer,Saturday,3.84,34,7774.78,1946.16
P-0007,Beauty,2024-08-03 21:42:01.224244848,63.29,104.33,96.33,37,187,0,Summer,Saturday,4.59,37,3860.21,1518.48
P-0058,Grocery,2024-08-04 01:12:18.147629528,22.34,35.39,34.98,34,34,0,Summer,Sunday,4.22,34,1203.26,443.7
P-0036,Electronics,2024-08-04 04:42:35.071014200,170.29,268.26,300.29,34,51,1,Summer,Sunday,3.86,34,9120.84,3330.98
P-0068,Beauty,2024-08-04 08:12:51.994398880,68.45,115.88,110.24,40,242,0,Summer,Sunday,4.59,40,4635.2,1897.2
P-0063,Beauty,2024-08-04 11:43:08.917783560,59.06,69.13,74.83,24,53,0,Summer,Sunday,4.3,24,1659.12,241.68
P-0092,Home,2024-08-04 15:13:25.841168232,89.2,129.74,130.18,26,167,0,Summer,Sunday,3.49,26,3373.24,1054.04
P-0005,Home,2024-08-04 18:43:42.764552912,77.58,129.84,130.83,17,258,0,Summer,Sunday,2.64,17,2207.28,888.42
P-0064,Electronics,2024-08-04 22:13:59.687937592,278.79,387.18,388.44,19,55,0,Summer,Sunday,3.5,19,7356.42,2059.41
P-0035,Home,2024-08-05 01:44:16.611322264,94.63,147.7,166.43,25,25,1,Summer,Monday,4.37,25,3692.5,1326.75
P-0062,Beauty,2024-08-05 05:14:33.534706944,67.3,98.04,103.71,34,215,1,Summer,Monday,4.5,34,3333.36,1045.16
P-0097,Sports,2024-08-05 08:44:50.458091616,91.44,106.12,118.95,25,247,0,Summer,Monday,3.35,25,2653.0,367.0
P-0084,Sports,2024-08-05 12:15:07.381476296,73.33,99.34,101.41,31,141,0,Summer,Monday,4.4,31,3079.54,806.31
P-0098,Sports,2024-08-05 15:45:24.304860976,73.43,132.13,128.39,40,72,1,Summer,Monday,4.38,40,5285.2,2348.0
P-0100,Home,2024-08-05 19:15:41.228245648,116.98,217.78,210.01,20,29,0,Summer,Monday,4.73,20,4355.6,2016.0
P-0078,Electronics,2024-08-05 22:45:58.151630328,259.14,400.22,446.93,21,238,0,Summer,Monday,4.53,21,8404.62,2962.68
P-0090,Home,2024-08-06 02:16:15.075015000,66.47,86.14,94.81,40,210,1,Summer,Tuesday,4.71,40,3445.6,786.8
P-0069,Home,2024-08-06 05:46:31.998399680,103.36,179.61,172.91,28,234,0,Summer,Tuesday,4.32,28,5029.08,2135.0
P-0013,Electronics,2024-08-06 09:16:48.921784360,205.93,284.7,282.58,20,208,0,Summer,Tuesday,4.3,20,5694.0,1575.4
P-0090,Electronics,2024-08-06 12:47:05.845169032,175.28,276.67,256.17,19,121,0,Summer,Tuesday,3.95,19,5256.73,1926.41
P-0068,Beauty,2024-08-06 16:17:22.768553712,57.3,86.98,93.6,31,133,0,Summer,Tuesday,4.47,31,2696.38,920.08
P-0087,Home,2024-08-06 19:47:39.691938392,74.49,120.71,132.81,23,108,0,Summer,Tuesday,3.5,23,2776.33,1063.06
P-0033,Electronics,2024-08-06 23:17:56.615323064,194.33,280.25,289.85,35,194,1,Summer,Tuesday,4.04,35,9808.75,3007.2
P-0059,Grocery,2024-08-07 02:48:13.538707744,20.93,32.92,31.87,39,39,0,Summer,Wednesday,4.34,39,1283.88,467.61
P-0042,Home,2024-08-07 06:18:30.462092416,87.4,119.43,119.83,24,24,0,Summer,Wednesday,4.73,24,2866.32,768.72
P-0002,Sports,2024-08-07 09:48:47.385477096,79.09,105.19,116.4,28,250,0,Summer,Wednesday,3.88,28,2945.32,730.8
P-0065,Home,2024-08-07 13:19:04.308861776,79.56,91.69,102.21,26,92,0,Summer,Wednesday,4.53,26,2383.94,315.38
P-0031,Beauty,2024-08-07 16:49:21.232246448,68.84,123.62,118.56,23,23,0,Summer,Wednesday,4.01,23,2843.26,1259.94
P-0015,Electronics,2024-08-07 20:19:38.155631128,226.57,272.18,286.12,31,179,1,Summer,Wednesday,4.54,31,8437.58,1413.91
P-0022,Beauty,2024-08-07 23:49:55.079015800,70.79,119.78,115.1,31,112,0,Summer,Wednesday,3.74,31,3713.18,1518.69
P-0070,Electronics,2024-08-08 03:20:12.002400480,204.62,272.42,286.52,19,71,0,Summer,Thursday,4.43,19,5175.98,1288.2
P-0072,Electronics,2024-08-08 06:50:28.925785160,191.56,276.74,289.61,20,121,0,Summer,Thursday,4.06,20,5534.8,1703.6
P-0030,Beauty,2024-08-08 10:20:45.849169832,70.47,92.11,99.0,27,125,1,Summer,Thursday,3.57,27,2486.97,584.28
P-0035,Home,2024-08-08 13:51:02.772554512,86.21,141.44,126.73,33,164,1,Summer,Thursday,4.03,33,4667.52,1822.59
P-0082,Electronics,2024-08-08 17:21:19.695939192,204.01,279.62,316.36,35,243,1,Summer,Thursday,4.69,35,9786.7,2646.35
P-0048,Sports,2024-08-08 20:51:36.619323864,89.22,130.18,142.97,27,230,0,Summer,Thursday,3.64,27,3514.86,1105.92
P-0038,Electronics,2024-08-09 00:21:53.542708544,168.41,321.63,297.61,20,217,0,Summer,Friday,3.43,20,6432.6,3064.4
P-0086,Beauty,2024-08-09 03:52:10.466093216,61.26,80.15,87.77,33,135,0,Summer,Friday,4.28,33,2644.95,623.37
P-0005,Beauty,2024-08-09 07:22:27.389477896,60.13,89.53,94.5,31,151,0,Summer,Friday,3.34,31,2775.43,911.4
P-0068,Home,2024-08-09 10:52:44.312862576,114.29,188.18,199.54,27,47,0,Summer,Friday,4.8,27,5080.86,1995.03
P-0060,Beauty,2024-08-09 14:23:01.236247248,62.83,92.76,88.57,41,156,1,Summer,Friday,4.79,41,3803.16,1227.13
P-0040,Electronics,2024-08-09 17:53:18.159631928,253.68,428.47,437.8,29,179,0,Summer,Friday,4.57,29,12425.63,5068.91
P-0075,Grocery,2024-08-09 21:23:35.083016600,23.58,45.31,41.89,48,232,0,Summer,Friday,4.09,48,2174.88,1043.04
P-0028,Home,2024-08-10 00:53:52.006401280,81.89,148.88,140.53,26,26,1,Summer,Saturday,4.85,26,3870.88,1741.74
P-0062,Electronics,2024-08-10 04:24:08.929785960,280.9,442.45,439.17,29,226,1,Summer,Saturday,4.71,29,12831.05,4684.95
P-0026,Home,2024-08-10 07:54:25.853170632,71.79,111.13,118.25,36,142,0,Summer,Saturday,3.86,36,4000.68,1416.24
P-0078,Sports,2024-08-10 11:24:42.776555312,61.74,100.07,93.51,29,36,0,Summer,Saturday,4.75,29,2902.03,1111.57
P-0042,Grocery,2024-08-10 14:54:59.699939992,26.17,44.94,41.31,31,258,1,Summer,Saturday,3.69,31,1393.14,581.87
P-0081,Sports,2024-08-10 18:25:16.623324664,100.8,194.55,180.02,31,129,1,Summer,Saturday,4.01,31,6031.05,2906.25
P-0059,Grocery,2024-08-10 21:55:33.546709344,24.73,30.64,34.33,25,115,0,Summer,Saturday,3.29,25,766.0,147.75
P-0005,Grocery,2024-08-11 01:25:50.470094016,27.84,49.17,46.94,43,61,0,Summer,Sunday,4.17,43,2114.31,917.19
P-0062,Beauty,2024-08-11 04:56:07.393478696,37.44,60.02,57.22,29,32,0,Summer,Sunday,3.97,29,1740.58,654.82
P-0001,Sports,2024-08-11 08:26:24.316863376,73.61,109.72,99.17,35,35,1,Summer,Sunday,3.9,35,3840.2,1263.85
P-0074,Beauty,2024-08-11 11:56:41.240248048,38.51,58.26,61.77,26,80,0,Summer,Sunday,4.03,26,1514.76,513.5
P-0023,Home,2024-08-11 15:26:58.163632728,106.86,192.53,180.15,21,86,0,Summer,Sunday,3.84,21,4043.13,1799.07
P-0099,Grocery,2024-08-11 18:57:15.087017408,18.06,29.5,28.22,51,128,1,Summer,Sunday,4.12,51,1504.5,583.44
P-0023,Beauty,2024-08-11 22:27:32.010402080,43.76,81.66,74.86,33,164,0,Summer,Sunday,4.68,33,2694.78,1250.7
P-0046,Electronics,2024-08-12 01:57:48.933786760,227.27,345.12,329.82,14,257,0,Summer,Monday,3.62,14,4831.68,1649.9
P-0057,Home,2024-08-12 05:28:05.857171432,111.14,211.26,194.78,30,209,1,Summer,Monday,4.49,30,6337.8,3003.6
P-0015,Home,2024-08-12 08:58:22.780556112,92.58,143.73,148.74,29,134,0,Summer,Monday,4.2,29,4168.17,1483.35
P-0023,Grocery,2024-08-12 12:28:39.703940792,26.19,40.67,44.31,36,238,0,Summer,Monday,4.27,36,1464.12,521.28
P-0098,Home,2024-08-12 15:58:56.627325464,103.17,139.71,144.45,26,151,0,Summer,Monday,4.09,26,3632.46,950.04
P-0037,Grocery,2024-08-12 19:29:13.550710144,23.17,37.27,34.65,43,118,0,Summer,Monday,3.78,43,1602.61,606.3
P-0078,Beauty,2024-08-12 22:59:30.474094816,45.37,72.39,79.41,38,68,1,Summer,Monday,4.3,38,2750.82,1026.76
P-0046,Grocery,2024-08-13 02:29:47.397479496,26.17,34.56,33.45,48,118,0,Summer,Tuesday,4.33,48,1658.88,402.72
P-0022,Electronics,2024-08-13 06:00:04.320864176,230.6,379.21,339.49,25,25,1,Summer,Tuesday,3.74,25,9480.25,3715.25
P-0061,Sports,2024-08-13 09:30:21.244248848,91.44,168.1,153.54,23,52,0,Summer,Tuesday,3.5,23,3866.3,1763.18
P-0014,Beauty,2024-08-13 13:00:38.167633528,57.75,99.75,95.81,34,246,1,Summer,Tuesday,4.14,34,3391.5,1428.0
P-0100,Home,2024-08-13 16:30:55.091018208,77.24,142.05,132.73,30,62,1,Summer,Tuesday,4.44,30,4261.5,1944.3
P-0068,Home,2024-08-13 20:01:12.014402880,105.49,158.67,174.76,36,153,1,Summer,Tuesday,4.55,36,5712.12,1914.48
P-0069,Home,2024-08-13 23:31:28.937787560,94.98,168.15,168.2,40,40,1,Summer,Tuesday,4.64,40,6726.0,2926.8
P-0003,Home,2024-08-14 03:01:45.861172232,87.66,134.62,133.6,18,162,0,Summer,Wednesday,4.27,18,2423.16,845.28
P-0027,Grocery,2024-08-14 06:32:02.784556912,22.87,38.91,36.44,32,254,0,Summer,Wednesday,3.98,32,1245.12,513.28
P-0039,Sports,2024-08-14 10:02:19.707941592,71.16,115.76,122.13,37,127,0,Summer,Wednesday,4.1,37,4283.12,1650.2
P-0036,Grocery,2024-08-14 13:32:36.631326264,27.41,40.61,44.84,42,46,0,Summer,Wednesday,3.54,42,1705.62,554.4
P-0012,Beauty,2024-08-14 17:02:53.554710944,42.52,58.18,55.54,14,20,0,Summer,Wednesday,3.79,14,814.52,219.24
P-0005,Beauty,2024-08-14 20:33:10.478095616,46.26,67.04,67.16,25,200,0,Summer,Wednesday,4.08,25,1676.0,519.5
P-0060,Grocery,2024-08-15 00:03:27.401480296,22.74,38.24,35.34,40,40,0,Summer,Thursday,3.98,40,1529.6,620.0
P-0042,Grocery,2024-08-15 03:33:44.324864976,30.2,50.07,50.29,55,92,1,Summer,Thursday,4.14,55,2753.85,1092.85
P-0024,Home,2024-08-15 07:04:01.248249648,111.03,186.27,171.98,22,221,0,Summer,Thursday,3.48,22,4097.94,1655.28
P-0059,Sports,2024-08-15 10:34:18.171634328,59.0,99.17,98.98,30,146,0,Summer,Thursday,3.58,30,2975.1,1205.1
P-0100,Home,2024-08-15 14:04:35.095019008,115.54,211.06,197.65,28,228,0,Summer,Thursday,4.45,28,5909.68,2674.56
P-0095,Grocery,2024-08-15 17:34:52.018403680,29.18,42.89,40.73,39,228,0,Summer,Thursday,3.72,39,1672.71,534.69
P-0088,Sports,2024-08-15 21:05:08.941788360,64.97,97.43,103.23,25,177,1,Summer,Thursday,3.8,25,2435.75,811.5
P-0027,Grocery,2024-08-16 00:35:25.865173032,14.32,21.27,22.29,55,244,0,Summer,Friday,4.14,55,1169.85,382.25
P-0018,Electronics,2024-08-16 04:05:42.788557712,207.57,312.75,285.41,15,23,1,Summer,Friday,3.68,15,4691.25,1577.7
P-0025,Beauty,2024-08-16 07:35:59.711942392,64.88,92.22,98.58,30,73,0,Summer,Friday,4.6,30,2766.6,820.2
P-0032,Electronics,2024-08-16 11:06:16.635327064,263.47,428.21,408.83,12,82,0,Summer,Friday,3.53,12,5138.52,1976.88
P-0002,Grocery,2024-08-16 14:36:33.558711744,20.66,32.12,35.11,38,238,0,Summer,Friday,4.1,38,1220.56,435.48
P-0032,Home,2024-08-16 18:06:50.482096416,121.63,194.08,182.88,22,167,0,Summer,Friday,3.76,22,4269.76,1593.9
P-0058,Grocery,2024-08-16 21:37:07.405481096,15.44,18.66,19.99,58,76,1,Summer,Friday,4.17,58,1082.28,186.76
P-0025,Sports,2024-08-17 01:07:24.328865776,75.29,116.87,114.29,43,66,1,Summer,Saturday,3.88,43,5025.41,1787.94
P-0100,Electronics,2024-08-17 04:37:41.252250448,195.98,340.47,335.3,18,212,0,Summer,Saturday,4.09,18,6128.46,2600.82
P-0085,Home,2024-08-17 08:07:58.175635128,112.52,163.48,176.0,37,225,1,Summer,Saturday,4.65,37,6048.76,1885.52
P-0038,Grocery,2024-08-17 11:38:15.099019808,28.99,41.23,41.32,18,18,0,Summer,Saturday,3.79,18,742.14,220.32
P-0042,Home,2024-08-17 15:08:32.022404480,109.5,209.85,192.34,28,104,0,Summer,Saturday,3.79,28,5875.8,2809.8
P-0050,Electronics,2024-08-17 18:38:48.945789160,164.62,229.4,219.87,26,146,0,Summer,Saturday,3.96,26,5964.4,1684.28
P-0034,Electronics,2024-08-17 22:09:05.869173832,238.98,382.09,341.69,28,72,0,Summer,Saturday,4.76,28,10698.52,4007.08
P-0006,Home,2024-08-18 01:39:22.792558512,102.74,163.59,153.13,35,192,1,Summer,Sunday,4.06,35,5725.65,2129.75
P-0039,Grocery,2024-08-18 05:09:39.715943192,17.58,30.11,29.11,41,200,0,Summer,Sunday,4.66,41,1234.51,513.73
P-0058,Beauty,2024-08-18 08:39:56.639327864,36.81,63.88,62.93,30,220,0,Summer,Sunday,4.02,30,1916.4,812.1
P-0026,Electronics,2024-08-18 12:10:13.562712544,244.88,346.95,313.99,22,207,0,Summer,Sunday,4.64,22,7632.9,2245.54
P-0022,Beauty,2024-08-18 15:40:30.486097224,53.42,90.63,90.05,34,221,0,Summer,Sunday,4.28,34,3081.42,1265.14
P-0053,Home,2024-08-18 19:10:47.409481896,75.47,121.35,124.25,32,104,0,Summer,Sunday,4.35,32,3883.2,1468.16
P-0002,Home,2024-08-18 22:41:04.332866576,91.84,172.83,159.99,24,88,1,Summer,Sunday,3.45,24,4147.92,1943.76
P-0074,Grocery,2024-08-19 02:11:21.256251248,25.4,49.01,44.33,37,92,0,Summer,Monday,3.39,37,1813.37,873.57
P-0069,Home,2024-08-19 05:41:38.179635928,93.74,156.46,157.26,30,224,1,Summer,Monday,4.58,30,4693.8,1881.6
P-0097,Beauty,2024-08-19 09:11:55.103020608,41.34,51.12,56.0,28,174,0,Summer,Monday,4.58,28,1431.36,273.84
P-0015,Sports,2024-08-19 12:42:12.026405280,104.14,152.0,148.15,28,94,0,Summer,Monday,5.0,28,4256.0,1340.08
P-0080,Beauty,2024-08-19 16:12:28.949789960,63.84,119.19,112.68,23,191,0,Summer,Monday,3.43,23,2741.37,1273.05
P-0011,Beauty,2024-08-19 19:42:45.873174632,52.05,79.7,82.19,39,72,1,Summer,Monday,4.32,39,3108.3,1078.35
P-0077,Electronics,2024-08-19 23:13:02.796559312,200.08,327.8,309.39,24,80,0,Summer,Monday,3.64,24,7867.2,3065.28
P-0023,Electronics,2024-08-20 02:43:19.719943992,222.08,392.35,389.45,15,15,0,Summer,Tuesday,3.77,15,5885.25,2554.05
P-0083,Electronics,2024-08-20 06:13:36.643328664,172.04,283.57,297.77,20,251,1,Summer,Tuesday,3.87,20,5671.4,2230.6
P-0014,Grocery,2024-08-20 09:43:53.566713344,25.24,42.94,41.65,37,72,0,Summer,Tuesday,4.27,37,1588.78,654.9
P-0082,Grocery,2024-08-20 13:14:10.490098024,18.89,31.91,32.78,37,199,0,Summer,Tuesday,3.8,37,1180.67,481.74
P-0063,Electronics,2024-08-20 16:44:27.413482696,207.63,291.3,272.54,23,44,1,Summer,Tuesday,4.12,23,6699.9,1924.41
P-0005,Electronics,2024-08-20 20:14:44.336867376,170.74,250.62,284.56,17,23,0,Summer,Tuesday,4.47,17,4260.54,1357.96
P-0027,Home,2024-08-20 23:45:01.260252048,78.01,149.55,138.94,17,180,0,Summer,Tuesday,4.61,17,2542.35,1216.18
P-0048,Beauty,2024-08-21 03:15:18.183636728,69.48,84.6,88.72,32,39,1,Summer,Wednesday,4.41,32,2707.2,483.84
P-0068,Grocery,2024-08-21 06:45:35.107021408,24.23,36.93,33.26,40,50,0,Summer,Wednesday,4.3,40,1477.2,508.0
P-0074,Grocery,2024-08-21 10:15:52.030406080,24.8,44.43,41.83,30,95,0,Summer,Wednesday,4.04,30,1332.9,588.9
P-0055,Sports,2024-08-21 13:46:08.953790760,54.25,78.15,83.33,41,158,1,Summer,Wednesday,3.84,41,3204.15,979.9
P-0070,Home,2024-08-21 17:16:25.877175432,85.93,124.32,111.51,19,19,0,Summer,Wednesday,4.34,19,2362.08,729.41
P-0036,Grocery,2024-08-21 20:46:42.800560112,25.77,36.01,36.01,39,45,1,Summer,Wednesday,3.63,39,1404.39,399.36
P-0033,Beauty,2024-08-22 00:16:59.723944792,56.71,81.45,81.0,24,97,0,Summer,Thursday,4.15,24,1954.8,593.76
P-0020,Home,2024-08-22 03:47:16.647329464,62.26,97.55,88.82,24,187,0,Summer,Thursday,3.62,24,2341.2,846.96
P-0067,Sports,2024-08-22 07:17:33.570714144,82.65,157.59,143.21,28,38,1,Summer,Thursday,4.08,28,4412.52,2098.32
P-0068,Electronics,2024-08-22 10:47:50.494098824,222.32,375.81,358.85,22,84,0,Summer,Thursday,3.63,22,8267.82,3376.78
P-0092,Grocery,2024-08-22 14:18:07.417483496,28.93,53.36,47.86,42,62,1,Summer,Thursday,3.92,42,2241.12,1026.06
P-0053,Grocery,2024-08-22 17:48:24.340868176,21.48,25.9,27.01,57,90,1,Summer,Thursday,3.8,57,1476.3,251.94
P-0062,Sports,2024-08-22 21:18:41.264252848,51.3,71.3,76.19,24,78,1,Summer,Thursday,3.74,24,1711.2,480.0
P-0073,Beauty,2024-08-23 00:48:58.187637528,46.23,58.43,65.87,37,171,0,Summer,Friday,4.06,37,2161.91,451.4
P-0088,Home,2024-08-23 04:19:15.111022208,78.32,129.64,134.6,20,31,0,Summer,Friday,3.01,20,2592.8,1026.4
P-0051,Grocery,2024-08-23 07:49:32.034406880,26.83,48.78,47.61,33,245,0,Summer,Friday,3.29,33,1609.74,724.35
P-0075,Grocery,2024-08-23 11:19:48.957791560,13.57,19.18,20.12,47,74,0,Summer,Friday,4.46,47,901.46,263.67
P-0081,Beauty,2024-08-23 14:50:05.881176232,51.05,92.87,91.13,29,257,0,Summer,Friday,4.17,29,2693.23,1212.78
P-0059,Grocery,2024-08-23 18:20:22.804560912,29.48,33.06,37.08,42,193,0,Summer,Friday,3.77,42,1388.52,150.36
P-0055,Home,2024-08-23 21:50:39.727945592,95.11,131.17,135.93,27,102,0,Summer,Friday,4.54,27,3541.59,973.62
P-0067,Beauty,2024-08-24 01:20:56.651330264,62.89,111.69,105.42,31,89,1,Summer,Saturday,3.81,31,3462.39,1512.8
P-0082,Sports,2024-08-24 04:51:13.574714944,58.98,77.3,85.41,34,246,0,Summer,Saturday,3.84,34,2628.2,622.88
P-0056,Home,2024-08-24 08:21:30.498099624,70.65,130.5,124.1,23,259,0,Summer,Saturday,3.75,23,3001.5,1376.55
P-0055,Beauty,2024-08-24 11:51:47.421484296,67.65,98.55,92.69,37,165,0,Summer,Saturday,4.96,37,3646.35,1143.3
P-0022,Sports,2024-08-24 15:22:04.344868976,81.3,139.46,137.2,26,26,0,Summer,Saturday,4.21,26,3625.96,1512.16
P-0097,Grocery,2024-08-24 18:52:21.268253648,24.4,36.29,33.21,38,237,0,Summer,Saturday,4.19,38,1379.02,451.82
P-0006,Sports,2024-08-24 22:22:38.191638328,65.69,98.96,89.23,25,131,0,Summer,Saturday,4.31,25,2474.0,831.75
P-0086,Home,2024-08-25 01:52:55.115023008,96.53,128.21,144.33,21,21,0,Summer,Sunday,3.27,21,2692.41,665.28
P-0039,Sports,2024-08-25 05:23:12.038407680,65.33,120.59,115.62,26,211,0,Summer,Sunday,3.83,26,3135.34,1436.76
P-0026,Electronics,2024-08-25 08:53:28.961792360,249.88,368.03,392.81,23,23,1,Summer,Sunday,4.3,23,8464.69,2717.45
P-0023,Beauty,2024-08-25 12:23:45.885177040,79.0,123.56,126.34,50,106,1,Summer,Sunday,4.1,50,6178.0,2228.0
P-0073,Beauty,2024-08-25 15:54:02.808561712,59.26,76.59,74.39,27,33,0,Summer,Sunday,5.0,27,2067.93,467.91
P-0029,Grocery,2024-08-25 19:24:19.731946392,21.56,29.03,27.62,46,122,0,Summer,Sunday,3.86,46,1335.38,343.62
P-0014,Sports,2024-08-25 22:54:36.655331064,47.57,66.21,61.21,40,212,1,Summer,Sunday,4.52,40,2648.4,745.6
P-0047,Grocery,2024-08-26 02:24:53.578715744,17.53,31.29,29.82,26,46,0,Summer,Monday,4.46,26,813.54,357.76
P-0092,Grocery,2024-08-26 05:55:10.502100424,29.97,44.12,41.37,30,48,0,Summer,Monday,4.16,30,1323.6,424.5
P-0087,Home,2024-08-26 09:25:27.425485096,79.36,116.25,113.55,35,249,0,Summer,Monday,4.25,35,4068.75,1291.15
P-0035,Beauty,2024-08-26 12:55:44.348869776,51.74,74.49,82.03,21,58,0,Summer,Monday,3.97,21,1564.29,477.75
P-0065,Beauty,2024-08-26 16:26:01.272254448,60.77,84.51,95.48,28,42,0,Summer,Monday,3.21,28,2366.28,664.72
P-0048,Electronics,2024-08-26 19:56:18.195639128,259.8,386.15,383.41,31,158,1,Summer,Monday,4.26,31,11970.65,3916.85
P-0040,Beauty,2024-08-26 23:26:35.119023808,53.24,70.13,66.68,31,82,0,Summer,Monday,4.29,31,2174.03,523.59
P-0003,Sports,2024-08-27 02:56:52.042408480,74.82,101.51,112.03,31,249,0,Summer,Tuesday,4.36,31,3146.81,827.39
P-0016,Grocery,2024-08-27 06:27:08.965793160,24.28,39.54,40.22,50,55,1,Summer,Tuesday,4.13,50,1977.0,763.0
P-0087,Grocery,2024-08-27 09:57:25.889177840,21.59,28.04,29.78,52,153,1,Summer,Tuesday,4.54,52,1458.08,335.4
P-0097,Home,2024-08-27 13:27:42.812562512,86.28,143.74,141.46,18,240,0,Summer,Tuesday,3.71,18,2587.32,1034.28
P-0095,Beauty,2024-08-27 16:57:59.735947192,58.62,71.82,73.76,30,194,0,Summer,Tuesday,4.76,30,2154.6,396.0
P-0096,Electronics,2024-08-27 20:28:16.659331864,216.23,351.17,378.27,15,22,0,Summer,Tuesday,3.66,15,5267.55,2024.1
P-0048,Home,2024-08-27 23:58:33.582716544,127.4,198.96,225.82,36,60,1,Summer,Tuesday,4.05,36,7162.56,2576.16
P-0007,Beauty,2024-08-28 03:28:50.506101224,58.86,70.5,73.65,33,45,0,Summer,Wednesday,4.41,33,2326.5,384.12
P-0019,Home,2024-08-28 06:59:07.429485896,112.5,169.61,168.95,33,238,1,Summer,Wednesday,3.87,33,5597.13,1884.63
P-0080,Electronics,2024-08-28 10:29:24.352870576,174.0,283.58,257.1,26,64,1,Summer,Wednesday,4.44,26,7373.08,2849.08
P-0070,Grocery,2024-08-28 13:59:41.276255248,26.02,41.65,44.57,28,28,0,Summer,Wednesday,3.95,28,1166.2,437.64
P-0099,Home,2024-08-28 17:29:58.199639928,84.01,130.38,130.0,29,108,0,Summer,Wednesday,4.15,29,3781.02,1344.73
P-0030,Home,2024-08-28 21:00:15.123024608,101.01,162.79,160.23,30,84,1,Summer,Wednesday,4.02,30,4883.7,1853.4
P-0040,Home,2024-08-29 00:30:32.046409280,105.47,148.72,143.58,28,55,1,Summer,Thursday,3.84,28,4164.16,1211.0
P-0097,Beauty,2024-08-29 04:00:48.969793960,55.44,68.7,71.65,31,126,0,Summer,Thursday,5.0,31,2129.7,411.06
P-0092,Home,2024-08-29 07:31:05.893178640,131.59,193.96,214.59,26,235,0,Summer,Thursday,3.72,26,5042.96,1621.62
P-0032,Beauty,2024-08-29 11:01:22.816563312,67.57,118.4,107.53,23,70,0,Summer,Thursday,3.07,23,2723.2,1169.09
P-0096,Beauty,2024-08-29 14:31:39.739947992,65.36,123.75,111.62,19,255,0,Summer,Thursday,3.74,19,2351.25,1109.41
P-0058,Electronics,2024-08-29 18:01:56.663332664,235.68,398.1,404.09,24,177,0,Summer,Thursday,4.16,24,9554.4,3898.08
P-0100,Sports,2024-08-29 21:32:13.586717344,102.57,166.98,163.81,26,108,0,Summer,Thursday,3.93,26,4341.48,1674.66
P-0005,Electronics,2024-08-30 01:02:30.510102024,161.72,221.78,250.04,27,181,1,Summer,Friday,4.56,27,5988.06,1621.62
P-0058,Beauty,2024-08-30 04:32:47.433486696,67.06,104.77,117.54,44,100,0,Summer,Friday,4.54,44,4609.88,1659.24
P-0099,Electronics,2024-08-30 08:03:04.356871376,176.69,268.38,298.73,20,66,0,Summer,Friday,3.96,20,5367.6,1833.8
P-0097,Beauty,2024-08-30 11:33:21.280256048,50.03,91.79,86.82,19,72,0,Summer,Friday,3.34,19,1744.01,793.44
P-0058,Home,2024-08-30 15:03:38.203640728,103.53,173.94,186.12,17,17,0,Summer,Friday,3.52,17,2956.98,1196.97
P-0005,Sports,2024-08-30 18:33:55.127025408,95.79,130.32,141.0,20,173,0,Summer,Friday,4.09,20,2606.4,690.6
P-0098,Home,2024-08-30 22:04:12.050410080,77.47,112.36,127.39,23,33,0,Summer,Friday,3.4,23,2584.28,802.47
P-0016,Grocery,2024-08-31 01:34:28.973794760,22.03,31.76,35.87,38,63,0,Summer,Saturday,3.93,38,1206.88,369.74
P-0031,Home,2024-08-31 05:04:45.897179440,96.48,126.89,129.84,15,15,0,Summer,Saturday,4.74,15,1903.35,456.15
P-0088,Electronics,2024-08-31 08:35:02.820564112,203.74,329.26,326.0,24,30,0,Summer,Saturday,4.25,24,7902.24,3012.48
P-0053,Home,2024-08-31 12:05:19.743948792,107.98,163.44,160.4,23,236,0,Summer,Saturday,4.12,23,3759.12,1275.58
P-0026,Beauty,2024-08-31 15:35:36.667333464,85.24,126.39,127.68,20,20,0,Summer,Saturday,3.63,20,2527.8,823.0
P-0002,Beauty,2024-08-31 19:05:53.590718144,58.69,78.41,79.18,33,167,0,Summer,Saturday,4.18,33,2587.53,650.76
P-0019,Sports,2024-08-31 22:36:10.514102824,70.59,124.27,117.15,23,95,0,Summer,Saturday,3.98,23,2858.21,1234.64
P-0078,Grocery,2024-09-01 02:06:27.437487496,19.02,29.51,31.08,37,48,0,Autumn,Sunday,4.21,37,1091.87,388.13
P-0072,Sports,2024-09-01 05:36:44.360872176,75.84,109.64,117.0,28,88,0,Autumn,Sunday,4.43,28,3069.92,946.4
P-0017,Home,2024-09-01 09:07:01.284256856,80.71,117.01,107.84,17,37,0,Autumn,Sunday,4.5,17,1989.17,617.1
P-0091,Grocery,2024-09-01 12:37:18.207641528,25.8,41.97,40.15,56,91,0,Autumn,Sunday,4.16,56,2350.32,905.52
P-0043,Beauty,2024-09-01 16:07:35.131026208,58.98,76.54,76.97,29,215,0,Autumn,Sunday,4.33,29,2219.66,509.24
P-0070,Beauty,2024-09-01 19:37:52.054410880,50.92,69.21,73.15,29,166,0,Autumn,Sunday,3.87,29,2007.09,530.41
P-0068,Sports,2024-09-01 23:08:08.977795560,105.41,139.97,153.35,38,213,0,Autumn,Sunday,4.61,38,5318.86,1313.28
P-0012,Grocery,2024-09-02 02:38:25.901180240,21.18,32.69,36.77,45,185,0,Autumn,Monday,3.7,45,1471.05,517.95
P-0009,Sports,2024-09-02 06:08:42.824564912,78.47,125.83,116.02,35,242,1,Autumn,Monday,4.01,35,4404.05,1657.6
P-0062,Grocery,2024-09-02 09:38:59.747949592,26.45,42.71,41.77,34,41,0,Autumn,Monday,4.66,34,1452.14,552.84
P-0079,Electronics,2024-09-02 13:09:16.671334264,239.97,370.14,415.42,18,54,0,Autumn,Monday,3.88,18,6662.52,2343.06
P-0094,Grocery,2024-09-02 16:39:33.594718944,28.91,39.39,42.91,44,115,0,Autumn,Monday,3.5,44,1733.16,461.12
P-0081,Beauty,2024-09-02 20:09:50.518103624,58.77,96.63,102.03,40,142,1,Autumn,Monday,3.92,40,3865.2,1514.4
P-0059,Sports,2024-09-02 23:40:07.441488296,93.45,116.79,123.83,20,207,0,Autumn,Monday,4.73,20,2335.8,466.8
P-0054,Grocery,2024-09-03 03:10:24.364872976,21.45,31.48,31.12,34,44,0,Autumn,Tuesday,3.08,34,1070.32,341.02
P-0041,Electronics,2024-09-03 06:40:41.288257656,240.85,306.04,313.61,14,42,0,Autumn,Tuesday,4.15,14,4284.56,912.66
P-0061,Electronics,2024-09-03 10:10:58.211642328,240.4,409.04,374.67,27,209,1,Autumn,Tuesday,3.81,27,11044.08,4553.28
P-0096,Electronics,2024-09-03 13:41:15.135027008,260.83,487.77,463.37,24,149,1,Autumn,Tuesday,4.02,24,11706.48,5446.56
P-0010,Beauty,2024-09-03 17:11:32.058411680,40.32,71.37,64.97,14,116,0,Autumn,Tuesday,3.94,14,999.18,434.7
P-0048,Electronics,2024-09-03 20:41:48.981796360,179.52,311.14,286.22,10,69,0,Autumn,Tuesday,4.53,10,3111.4,1316.2
P-0045,Grocery,2024-09-04 00:12:05.905181040,27.16,41.96,38.11,44,185,1,Autumn,Wednesday,4.12,44,1846.24,651.2
P-0031,Beauty,2024-09-04 03:42:22.828565712,31.67,62.24,55.81,23,211,0,Autumn,Wednesday,4.55,23,1431.52,703.11
P-0085,Grocery,2024-09-04 07:12:39.751950392,25.89,37.31,39.08,22,22,0,Autumn,Wednesday,4.68,22,820.82,251.24
P-0055,Home,2024-09-04 10:42:56.675335064,111.11,144.39,155.2,18,28,0,Autumn,Wednesday,4.11,18,2599.02,599.04
P-0009,Beauty,2024-09-04 14:13:13.598719744,49.93,82.34,89.54,21,205,0,Autumn,Wednesday,3.94,21,1729.14,680.61
P-0070,Electronics,2024-09-04 17:43:30.522104424,195.55,298.86,289.95,23,231,0,Autumn,Wednesday,4.27,23,6873.78,2376.13
P-0099,Sports,2024-09-04 21:13:47.445489096,66.25,100.53,96.35,26,71,0,Autumn,Wednesday,4.36,26,2613.78,891.28
P-0019,Electronics,2024-09-05 00:44:04.368873776,192.48,220.13,244.3,14,187,0,Autumn,Thursday,3.58,14,3081.82,387.1
P-0049,Electronics,2024-09-05 04:14:21.292258456,193.45,280.87,260.78,8,221,0,Autumn,Thursday,4.21,8,2246.96,699.36
P-0025,Electronics,2024-09-05 07:44:38.215643128,187.06,338.62,317.08,13,42,0,Autumn,Thursday,3.99,13,4402.06,1970.28
P-0002,Grocery,2024-09-05 11:14:55.139027808,21.17,33.07,32.08,29,60,0,Autumn,Thursday,3.91,29,959.03,345.1
P-0044,Electronics,2024-09-05 14:45:12.062412480,200.89,351.11,356.62,27,46,1,Autumn,Thursday,3.79,27,9479.97,4055.94
P-0034,Beauty,2024-09-05 18:15:28.985797160,52.51,62.4,68.06,28,208,0,Autumn,Thursday,3.82,28,1747.2,276.92
P-0091,Grocery,2024-09-05 21:45:45.909181840,31.2,49.64,49.57,45,203,0,Autumn,Thursday,4.67,45,2233.8,829.8
P-0051,Grocery,2024-09-06 01:16:02.832566512,22.49,33.99,37.02,35,47,0,Autumn,Friday,3.94,35,1189.65,402.5
P-0064,Electronics,2024-09-06 04:46:19.755951192,221.56,361.53,352.65,19,57,0,Autumn,Friday,4.61,19,6869.07,2659.43
P-0096,Electronics,2024-09-06 08:16:36.679335864,190.62,280.43,293.83,19,177,0,Autumn,Friday,4.16,19,5328.17,1706.39
P-0053,Beauty,2024-09-06 11:46:53.602720544,49.81,73.37,78.11,25,234,0,Autumn,Friday,3.59,25,1834.25,589.0
P-0071,Electronics,2024-09-06 15:17:10.526105224,152.73,245.32,248.84,20,205,0,Autumn,Friday,4.19,20,4906.4,1851.8
P-0053,Grocery,2024-09-06 18:47:27.449489896,17.97,31.59,30.99,35,56,0,Autumn,Friday,3.57,35,1105.65,476.7
P-0059,Home,2024-09-06 22:17:44.372874576,76.65,106.49,109.99,35,109,1,Autumn,Friday,4.37,35,3727.15,1044.4
P-0021,Beauty,2024-09-07 01:48:01.296259256,56.62,94.56,85.09,23,31,0,Autumn,Saturday,4.01,23,2174.88,872.62
P-0097,Electronics,2024-09-07 05:18:18.219643928,246.16,347.09,393.79,18,74,0,Autumn,Saturday,4.48,18,6247.62,1816.74
P-0031,Beauty,2024-09-07 08:48:35.143028608,39.28,61.43,55.89,40,153,1,Autumn,Saturday,4.75,40,2457.2,886.0
P-0030,Electronics,2024-09-07 12:18:52.066413280,191.55,227.32,258.27,25,99,1,Autumn,Saturday,3.32,25,5683.0,894.25
P-0034,Grocery,2024-09-07 15:49:08.989797960,18.75,31.13,33.4,43,163,0,Autumn,Saturday,3.89,43,1338.59,532.34
P-0038,Electronics,2024-09-07 19:19:25.913182640,201.12,305.45,272.94,13,87,0,Autumn,Saturday,3.56,13,3970.85,1356.29
P-0036,Sports,2024-09-07 22:49:42.836567312,93.77,136.29,129.22,34,153,0,Autumn,Saturday,5.0,34,4633.86,1445.68
P-0077,Grocery,2024-09-08 02:19:59.759951992,22.28,36.66,35.43,36,170,0,Autumn,Sunday,3.9,36,1319.76,517.68
P-0073,Electronics,2024-09-08 05:50:16.683336672,208.4,283.99,269.37,9,62,0,Autumn,Sunday,3.51,9,2555.91,680.31
P-0060,Electronics,2024-09-08 09:20:33.606721344,258.9,321.24,328.47,25,25,0,Autumn,Sunday,5.0,25,8031.0,1558.5
P-0030,Home,2024-09-08 12:50:50.530106024,101.96,139.98,131.04,19,97,0,Autumn,Sunday,3.77,19,2659.62,722.38
P-0022,Electronics,2024-09-08 16:21:07.453490696,184.46,222.95,243.08,13,25,0,Autumn,Sunday,3.37,13,2898.35,500.37
P-0069,Electronics,2024-09-08 19:51:24.376875376,215.34,342.58,320.01,11,54,0,Autumn,Sunday,3.58,11,3768.38,1399.64
P-0076,Sports,2024-09-08 23:21:41.300260056,69.41,130.91,118.42,29,85,1,Autumn,Sunday,4.16,29,3796.39,1783.5
P-0041,Beauty,2024-09-09 02:51:58.223644728,58.7,91.67,84.42,32,97,0,Autumn,Monday,4.12,32,2933.44,1055.04
P-0027,Electronics,2024-09-09 06:22:15.147029408,227.32,357.02,337.6,11,82,0,Autumn,Monday,3.72,11,3927.22,1426.7
P-0046,Beauty,2024-09-09 09:52:32.070414080,42.97,70.37,67.9,28,28,0,Autumn,Monday,3.88,28,1970.36,767.2
P-0056,Home,2024-09-09 13:22:48.993798760,97.66,139.0,138.3,23,58,0,Autumn,Monday,4.12,23,3197.0,950.82
P-0006,Sports,2024-09-09 16:53:05.917183440,78.5,113.86,116.8,28,231,1,Autumn,Monday,4.7,28,3188.08,990.08
P-0086,Electronics,2024-09-09 20:23:22.840568112,228.3,363.18,333.88,26,190,1,Autumn,Monday,4.25,26,9442.68,3506.88
P-0072,Grocery,2024-09-09 23:53:39.763952792,27.19,40.48,39.1,44,123,0,Autumn,Monday,3.85,44,1781.12,584.76
P-0028,Grocery,2024-09-10 03:23:56.687337472,25.83,37.22,37.81,20,20,0,Autumn,Tuesday,4.0,20,744.4,227.8
P-0084,Electronics,2024-09-10 06:54:13.610722144,199.81,268.13,250.98,16,102,0,Autumn,Tuesday,4.45,16,4290.08,1093.12
P-0077,Electronics,2024-09-10 10:24:30.534106824,241.36,374.47,419.35,34,241,1,Autumn,Tuesday,4.86,34,12731.98,4525.74
P-0051,Home,2024-09-10 13:54:47.457491496,81.73,157.08,146.1,26,213,0,Autumn,Tuesday,3.6,26,4084.08,1959.1
P-0087,Sports,2024-09-10 17:25:04.380876176,63.1,116.92,108.81,18,200,0,Autumn,Tuesday,4.6,18,2104.56,968.76
P-0021,Beauty,2024-09-10 20:55:21.304260856,26.88,31.49,33.68,17,75,0,Autumn,Tuesday,3.96,17,535.33,78.37
P-0032,Grocery,2024-09-11 00:25:38.227645528,23.73,35.08,39.46,38,113,0,Autumn,Wednesday,3.37,38,1333.04,431.3
P-0100,Grocery,2024-09-11 03:55:55.151030208,20.85,34.3,32.63,21,21,0,Autumn,Wednesday,3.28,21,720.3,282.45
P-0020,Grocery,2024-09-11 07:26:12.074414880,25.53,30.84,33.23,51,225,1,Autumn,Wednesday,4.7,51,1572.84,270.81
P-0086,Beauty,2024-09-11 10:56:28.997799560,37.65,74.28,66.38,19,42,0,Autumn,Wednesday,4.75,19,1411.32,695.97
P-0087,Beauty,2024-09-11 14:26:45.921184240,49.3,72.93,82.67,30,166,0,Autumn,Wednesday,3.84,30,2187.9,708.9
P-0038,Grocery,2024-09-11 17:57:02.844568912,25.81,32.1,34.33,38,84,0,Autumn,Wednesday,4.0,38,1219.8,239.02
P-0047,Home,2024-09-11 21:27:19.767953592,79.35,125.73,141.26,23,154,0,Autumn,Wednesday,3.3,23,2891.79,1066.74
P-0094,Sports,2024-09-12 00:57:36.691338272,85.24,120.1,112.47,28,217,1,Autumn,Thursday,4.44,28,3362.8,976.08
P-0032,Electronics,2024-09-12 04:27:53.614722944,191.28,292.35,286.93,10,91,0,Autumn,Thursday,4.09,10,2923.5,1010.7
P-0038,Electronics,2024-09-12 07:58:10.538107624,208.9,302.75,279.39,17,19,1,Autumn,Thursday,3.4,17,5146.75,1595.45
P-0002,Grocery,2024-09-12 11:28:27.461492296,26.29,38.92,35.03,55,177,1,Autumn,Thursday,4.19,55,2140.6,694.65
P-0036,Home,2024-09-12 14:58:44.384876976,109.48,200.29,195.13,25,145,0,Autumn,Thursday,3.47,25,5007.25,2270.25
P-0020,Electronics,2024-09-12 18:29:01.308261656,213.11,311.98,333.45,17,49,0,Autumn,Thursday,4.35,17,5303.66,1680.79
P-0021,Electronics,2024-09-12 21:59:18.231646328,182.65,229.48,254.35,8,26,0,Autumn,Thursday,3.61,8,1835.84,374.64
P-0052,Beauty,2024-09-13 01:29:35.155031008,50.97,92.99,85.48,21,143,0,Autumn,Friday,4.25,21,1952.79,882.42
P-0078,Grocery,2024-09-13 04:59:52.078415680,26.45,43.0,45.8,44,165,0,Autumn,Friday,3.81,44,1892.0,728.2
P-0083,Electronics,2024-09-13 08:30:09.001800360,175.69,337.4,308.28,7,43,0,Autumn,Friday,3.04,7,2361.8,1131.97
P-0038,Electronics,2024-09-13 12:00:25.925185040,204.02,392.38,359.72,16,161,0,Autumn,Friday,4.55,16,6278.08,3013.76
P-0051,Beauty,2024-09-13 15:30:42.848569712,51.6,92.97,90.2,25,124,0,Autumn,Friday,4.57,25,2324.25,1034.25
P-0008,Sports,2024-09-13 19:00:59.771954392,78.68,129.14,126.0,24,48,0,Autumn,Friday,3.87,24,3099.36,1211.04
P-0028,Home,2024-09-13 22:31:16.695339072,79.66,126.98,114.58,23,165,0,Autumn,Friday,4.22,23,2920.54,1088.36
P-0032,Sports,2024-09-14 02:01:33.618723744,56.3,105.13,99.04,36,173,0,Autumn,Saturday,4.3,36,3784.68,1757.88
P-0093,Sports,2024-09-14 05:31:50.542108424,86.67,119.2,114.18,17,53,0,Autumn,Saturday,4.31,17,2026.4,553.01
P-0085,Home,2024-09-14 09:02:07.465493096,109.65,144.97,147.24,29,180,0,Autumn,Saturday,4.88,29,4204.13,1024.28
P-0037,Grocery,2024-09-14 12:32:24.388877776,17.12,25.38,25.48,44,69,1,Autumn,Saturday,4.29,44,1116.72,363.44
P-0018,Grocery,2024-09-14 16:02:41.312262456,25.42,34.79,35.74,45,161,1,Autumn,Saturday,3.94,45,1565.55,421.65
P-0017,Beauty,2024-09-14 19:32:58.235647128,64.53,113.5,102.52,24,214,0,Autumn,Saturday,4.29,24,2724.0,1175.28
P-0052,Home,2024-09-14 23:03:15.159031808,104.06,187.92,181.89,17,244,0,Autumn,Saturday,3.91,17,3194.64,1425.62
P-0095,Grocery,2024-09-15 02:33:32.082416480,22.4,36.34,34.05,36,77,0,Autumn,Sunday,3.62,36,1308.24,501.84
P-0060,Grocery,2024-09-15 06:03:49.005801160,20.38,28.16,31.68,44,97,0,Autumn,Sunday,4.65,44,1239.04,342.32
P-0040,Grocery,2024-09-15 09:34:05.929185840,24.31,39.1,36.05,35,38,0,Autumn,Sunday,4.34,35,1368.5,517.65
P-0083,Sports,2024-09-15 13:04:22.852570512,83.17,133.64,136.33,23,252,1,Autumn,Sunday,3.26,23,3073.72,1160.81
P-0049,Beauty,2024-09-15 16:34:39.775955192,55.84,77.04,72.89,38,96,1,Autumn,Sunday,3.79,38,2927.52,805.6
P-0022,Grocery,2024-09-15 20:04:56.699339872,23.31,26.47,29.76,39,211,0,Autumn,Sunday,4.44,39,1032.33,123.24
P-0083,Sports,2024-09-15 23:35:13.622724544,66.14,116.02,106.0,39,244,1,Autumn,Sunday,3.4,39,4524.78,1945.32
P-0092,Electronics,2024-09-16 03:05:30.546109224,224.2,359.49,346.21,8,131,0,Autumn,Monday,3.76,8,2875.92,1082.32
P-0029,Electronics,2024-09-16 06:35:47.469493896,225.82,329.47,332.87,47,184,1,Autumn,Monday,5.0,47,15485.09,4871.55
P-0099,Home,2024-09-16 10:06:04.392878576,98.05,133.94,140.57,21,130,0,Autumn,Monday,3.95,21,2812.74,753.69
P-0053,Sports,2024-09-16 13:36:21.316263256,81.42,99.37,104.09,28,155,0,Autumn,Monday,4.59,28,2782.36,502.6
P-0025,Home,2024-09-16 17:06:38.239647928,120.52,186.52,195.76,25,76,0,Autumn,Monday,4.78,25,4663.0,1650.0
P-0087,Grocery,2024-09-16 20:36:55.163032608,21.6,29.18,32.01,40,220,0,Autumn,Monday,3.69,40,1167.2,303.2
P-0015,Electronics,2024-09-17 00:07:12.086417288,253.06,375.01,378.3,23,45,0,Autumn,Tuesday,4.22,23,8625.23,2804.85
P-0026,Home,2024-09-17 03:37:29.009801960,83.84,144.37,146.0,22,176,0,Autumn,Tuesday,5.0,22,3176.14,1331.66
P-0037,Beauty,2024-09-17 07:07:45.933186640,64.76,104.95,107.22,45,240,1,Autumn,Tuesday,4.31,45,4722.75,1808.55
P-0090,Electronics,2024-09-17 10:38:02.856571312,251.44,361.45,344.65,22,213,0,Autumn,Tuesday,5.0,22,7951.9,2420.22
P-0095,Sports,2024-09-17 14:08:19.779955992,76.25,120.51,122.87,43,200,1,Autumn,Tuesday,3.81,43,5181.93,1903.18
P-0020,Electronics,2024-09-17 17:38:36.703340672,265.81,316.92,351.6,24,176,0,Autumn,Tuesday,4.91,24,7606.08,1226.64
P-0002,Sports,2024-09-17 21:08:53.626725344,86.0,126.54,116.68,30,246,1,Autumn,Tuesday,4.11,30,3796.2,1216.2
P-0086,Electronics,2024-09-18 00:39:10.550110024,180.52,291.23,296.56,25,226,1,Autumn,Wednesday,3.95,25,7280.75,2767.75
P-0054,Sports,2024-09-18 04:09:27.473494696,75.21,102.92,99.22,17,82,0,Autumn,Wednesday,4.39,17,1749.64,471.07
P-0040,Beauty,2024-09-18 07:39:44.396879376,64.97,100.63,91.22,23,167,0,Autumn,Wednesday,4.05,23,2314.49,820.18
P-0001,Electronics,2024-09-18 11:10:01.320264056,241.01,447.29,420.31,9,120,0,Autumn,Wednesday,4.06,9,4025.61,1856.52
P-0055,Electronics,2024-09-18 14:40:18.243648728,174.45,291.59,288.9,22,79,0,Autumn,Wednesday,4.32,22,6414.98,2577.08
P-0014,Electronics,2024-09-18 18:10:35.167033408,205.32,365.52,361.61,11,215,0,Autumn,Wednesday,3.29,11,4020.72,1762.2
P-0056,Beauty,2024-09-18 21:40:52.090418088,56.79,106.8,98.53,16,25,0,Autumn,Wednesday,3.74,16,1708.8,800.16
P-0016,Grocery,2024-09-19 01:11:09.013802760,22.05,33.79,31.35,40,46,1,Autumn,Thursday,4.43,40,1351.6,469.6
P-0021,Home,2024-09-19 04:41:25.937187440,130.84,192.94,209.06,22,40,0,Autumn,Thursday,4.55,22,4244.68,1366.2
P-0013,Beauty,2024-09-19 08:11:42.860572112,57.06,85.74,83.21,29,64,1,Autumn,Thursday,4.26,29,2486.46,831.72
P-0018,Beauty,2024-09-19 11:41:59.783956792,54.46,96.77,88.96,32,140,1,Autumn,Thursday,4.22,32,3096.64,1353.92
P-0071,Beauty,2024-09-19 15:12:16.707341472,65.48,101.27,94.4,17,245,0,Autumn,Thursday,4.28,17,1721.59,608.43
P-0072,Grocery,2024-09-19 18:42:33.630726144,22.6,25.72,28.27,58,253,1,Autumn,Thursday,4.53,58,1491.76,180.96
P-0046,Beauty,2024-09-19 22:12:50.554110824,63.87,81.86,83.14,27,235,1,Autumn,Thursday,3.46,27,2210.22,485.73
P-0083,Grocery,2024-09-20 01:43:07.477495496,17.6,29.59,29.46,36,201,0,Autumn,Friday,3.87,36,1065.24,431.64
P-0097,Sports,2024-09-20 05:13:24.400880176,74.19,90.58,96.17,34,127,1,Autumn,Friday,4.07,34,3079.72,557.26
P-0014,Home,2024-09-20 08:43:41.324264856,110.95,182.82,175.27,13,204,0,Autumn,Friday,4.19,13,2376.66,934.31
P-0024,Electronics,2024-09-20 12:13:58.247649528,262.76,449.83,452.41,8,80,0,Autumn,Friday,3.15,8,3598.64,1496.56
P-0076,Electronics,2024-09-20 15:44:15.171034208,184.02,290.21,305.03,7,177,0,Autumn,Friday,3.53,7,2031.47,743.33
P-0059,Beauty,2024-09-20 19:14:32.094418888,47.17,66.96,69.69,17,17,0,Autumn,Friday,4.09,17,1138.32,336.43
P-0033,Home,2024-09-20 22:44:49.017803560,103.63,153.54,141.43,48,236,1,Autumn,Friday,4.56,48,7369.92,2395.68
P-0059,Sports,2024-09-21 02:15:05.941188240,72.03,137.72,126.59,24,253,0,Autumn,Saturday,3.91,24,3305.28,1576.56
P-0060,Grocery,2024-09-21 05:45:22.864572912,22.97,38.56,35.87,38,195,0,Autumn,Saturday,3.8,38,1465.28,592.42
P-0060,Beauty,2024-09-21 09:15:39.787957592,62.71,101.54,92.37,27,57,0,Autumn,Saturday,4.34,27,2741.58,1048.41
P-0054,Grocery,2024-09-21 12:45:56.711342272,21.91,42.95,38.74,40,78,1,Autumn,Saturday,3.95,40,1718.0,841.6
P-0004,Home,2024-09-21 16:16:13.634726944,65.13,88.94,89.11,28,196,0,Autumn,Saturday,4.5,28,2490.32,666.68
P-0075,Grocery,2024-09-21 19:46:30.558111624,19.0,25.62,28.37,34,137,0,Autumn,Saturday,4.0,34,871.08,225.08
P-0019,Electronics,2024-09-21 23:16:47.481496296,210.33,295.32,275.48,16,149,0,Autumn,Saturday,3.6,16,4725.12,1359.84
P-0055,Beauty,2024-09-22 02:47:04.404880976,38.6,52.53,50.9,37,114,0,Autumn,Sunday,4.74,37,1943.61,515.41
P-0054,Sports,2024-09-22 06:17:21.328265656,76.2,108.75,111.96,46,219,1,Autumn,Sunday,4.66,46,5002.5,1497.3
P-0010,Grocery,2024-09-22 09:47:38.251650328,18.65,33.97,30.49,46,55,1,Autumn,Sunday,3.67,46,1562.62,704.72
P-0029,Sports,2024-09-22 13:17:55.175035008,100.99,139.44,145.06,40,123,0,Autumn,Sunday,4.28,40,5577.6,1538.0
P-0028,Home,2024-09-22 16:48:12.098419688,127.91,228.79,208.4,22,69,0,Autumn,Sunday,3.95,22,5033.38,2219.36
P-0021,Grocery,2024-09-22 20:18:29.021804360,19.94,34.51,33.76,50,184,1,Autumn,Sunday,4.38,50,1725.5,728.5
P-0040,Beauty,2024-09-22 23:48:45.945189040,57.26,88.18,99.21,29,84,0,Autumn,Sunday,3.71,29,2557.22,896.68
P-0030,Beauty,2024-09-23 03:19:02.868573712,46.55,64.46,59.33,24,88,0,Autumn,Monday,4.49,24,1547.04,429.84
P-0058,Electronics,2024-09-23 06:49:19.791958392,199.61,355.51,334.46,18,57,0,Autumn,Monday,4.64,18,6399.18,2806.2
P-0007,Electronics,2024-09-23 10:19:36.715343072,270.6,372.47,360.15,11,226,0,Autumn,Monday,3.67,11,4097.17,1120.57
P-0017,Beauty,2024-09-23 13:49:53.638727744,50.89,85.45,83.16,14,68,0,Autumn,Monday,4.13,14,1196.3,483.84
P-0052,Electronics,2024-09-23 17:20:10.562112424,200.39,271.78,291.45,20,227,0,Autumn,Monday,4.65,20,5435.6,1427.8
P-0034,Grocery,2024-09-23 20:50:27.485497104,20.38,31.12,33.41,35,239,0,Autumn,Monday,3.65,35,1089.2,375.9
P-0042,Grocery,2024-09-24 00:20:44.408881776,28.4,34.45,38.84,35,251,0,Autumn,Tuesday,3.8,35,1205.75,211.75
P-0007,Sports,2024-09-24 03:51:01.332266456,38.23,56.26,61.35,24,99,0,Autumn,Tuesday,4.4,24,1350.24,432.72
P-0026,Electronics,2024-09-24 07:21:18.255651128,195.12,247.27,257.37,12,175,0,Autumn,Tuesday,4.03,12,2967.24,625.8
P-0033,Sports,2024-09-24 10:51:35.179035808,79.41,107.72,106.68,30,217,0,Autumn,Tuesday,3.39,30,3231.6,849.3
P-0003,Electronics,2024-09-24 14:21:52.102420488,187.79,271.78,298.2,31,34,1,Autumn,Tuesday,3.96,31,8425.18,2603.69
P-0052,Beauty,2024-09-24 17:52:09.025805160,62.6,91.09,89.85,30,30,1,Autumn,Tuesday,4.89,30,2732.7,854.7
P-0006,Grocery,2024-09-24 21:22:25.949189840,28.62,44.19,46.85,43,65,0,Autumn,Tuesday,5.0,43,1900.17,669.51
P-0094,Electronics,2024-09-25 00:52:42.872574512,162.56,248.84,264.46,10,255,0,Autumn,Wednesday,3.81,10,2488.4,862.8
P-0004,Electronics,2024-09-25 04:22:59.795959192,280.34,494.25,446.27,7,37,0,Autumn,Wednesday,3.69,7,3459.75,1497.37
P-0018,Electronics,2024-09-25 07:53:16.719343872,162.18,299.54,267.89,13,202,0,Autumn,Wednesday,3.89,13,3894.02,1785.68
P-0053,Beauty,2024-09-25 11:23:33.642728544,66.34,120.25,111.89,32,220,1,Autumn,Wednesday,4.91,32,3848.0,1725.12
P-0003,Grocery,2024-09-25 14:53:50.566113224,24.58,38.45,43.05,46,237,0,Autumn,Wednesday,4.48,46,1768.7,638.02
P-0063,Electronics,2024-09-25 18:24:07.489497904,193.08,263.61,249.9,30,144,1,Autumn,Wednesday,4.76,30,7908.3,2115.9
P-0038,Electronics,2024-09-25 21:54:24.412882576,196.25,283.31,307.0,22,143,0,Autumn,Wednesday,4.55,22,6232.82,1915.32
P-0002,Beauty,2024-09-26 01:24:41.336267256,54.71,92.43,90.92,18,196,0,Autumn,Thursday,3.51,18,1663.74,678.96
P-0061,Home,2024-09-26 04:54:58.259651928,98.17,147.13,134.43,18,170,0,Autumn,Thursday,3.67,18,2648.34,881.28
P-0008,Grocery,2024-09-26 08:25:15.183036608,20.47,27.74,28.56,47,207,1,Autumn,Thursday,3.79,47,1303.78,341.69
P-0061,Sports,2024-09-26 11:55:32.106421288,77.01,118.64,107.57,27,103,0,Autumn,Thursday,3.87,27,3203.28,1124.01
P-0067,Grocery,2024-09-26 15:25:49.029805960,21.04,34.57,32.92,47,243,1,Autumn,Thursday,3.79,47,1624.79,635.91
P-0035,Sports,2024-09-26 18:56:05.953190640,64.45,89.07,93.54,31,120,1,Autumn,Thursday,3.85,31,2761.17,763.22
P-0061,Beauty,2024-09-26 22:26:22.876575312,47.81,69.77,77.28,30,75,0,Autumn,Thursday,4.39,30,2093.1,658.8
P-0004,Grocery,2024-09-27 01:56:39.799959992,19.58,33.4,31.05,44,198,0,Autumn,Friday,4.16,44,1469.6,608.08
P-0088,Electronics,2024-09-27 05:26:56.723344672,195.88,312.46,315.64,7,167,0,Autumn,Friday,4.65,7,2187.22,816.06
P-0092,Electronics,2024-09-27 08:57:13.646729344,224.53,279.84,311.82,23,27,0,Autumn,Friday,4.21,23,6436.32,1272.13
P-0017,Grocery,2024-09-27 12:27:30.570114024,24.46,37.0,40.9,42,55,0,Autumn,Friday,3.8,42,1554.0,526.68
P-0051,Electronics,2024-09-27 15:57:47.493498704,276.34,496.37,446.35,11,23,0,Autumn,Friday,4.18,11,5460.07,2420.33
P-0042,Sports,2024-09-27 19:28:04.416883376,51.71,64.13,68.35,18,156,0,Autumn,Friday,3.42,18,1154.34,223.56
P-0078,Grocery,2024-09-27 22:58:21.340268056,25.8,39.02,35.09,26,229,0,Autumn,Friday,3.06,26,1014.52,343.72
P-0022,Sports,2024-09-28 02:28:38.263652728,80.08,118.29,113.36,25,94,0,Autumn,Saturday,4.39,25,2957.25,955.25
P-0040,Home,2024-09-28 05:58:55.187037408,107.4,180.46,189.54,18,41,0,Autumn,Saturday,4.56,18,3248.28,1315.08
P-0038,Beauty,2024-09-28 09:29:12.110422088,61.3,85.18,87.63,39,223,1,Autumn,Saturday,4.13,39,3322.02,931.32
P-0084,Grocery,2024-09-28 12:59:29.033806760,23.37,31.43,29.47,49,191,1,Autumn,Saturday,3.92,49,1540.07,394.94
P-0052,Home,2024-09-28 16:29:45.957191440,97.62,127.62,129.63,23,148,1,Autumn,Saturday,3.5,23,2935.26,690.0
P-0079,Beauty,2024-09-28 20:00:02.880576112,48.45,55.15,61.42,30,63,0,Autumn,Saturday,4.63,30,1654.5,201.0
P-0008,Grocery,2024-09-28 23:30:19.803960792,26.36,36.27,38.79,52,179,0,Autumn,Saturday,4.32,52,1886.04,515.32
P-0010,Sports,2024-09-29 03:00:36.727345472,55.95,102.64,94.47,16,104,0,Autumn,Sunday,4.23,16,1642.24,747.04
P-0095,Grocery,2024-09-29 06:30:53.650730144,26.98,42.31,40.41,55,75,1,Autumn,Sunday,4.1,55,2327.05,843.15
P-0006,Electronics,2024-09-29 10:01:10.574114824,209.22,358.16,358.07,12,86,0,Autumn,Sunday,3.89,12,4297.92,1787.28
P-0067,Beauty,2024-09-29 13:31:27.497499504,50.71,60.76,64.71,22,30,0,Autumn,Sunday,3.6,22,1336.72,221.1
P-0015,Beauty,2024-09-29 17:01:44.420884176,52.95,79.38,79.87,35,135,0,Autumn,Sunday,4.21,35,2778.3,925.05
P-0052,Electronics,2024-09-29 20:32:01.344268856,204.65,368.28,344.4,17,199,0,Autumn,Sunday,3.86,17,6260.76,2781.71
P-0083,Home,2024-09-30 00:02:18.267653528,114.72,167.29,185.97,18,217,0,Autumn,Monday,3.91,18,3011.22,946.26
P-0048,Home,2024-09-30 03:32:35.191038208,144.15,277.22,247.8,17,192,0,Autumn,Monday,4.87,17,4712.74,2262.19
P-0027,Electronics,2024-09-30 07:02:52.114422888,250.99,381.89,351.54,12,229,0,Autumn,Monday,4.08,12,4582.68,1570.8
P-0017,Beauty,2024-09-30 10:33:09.037807560,50.03,72.99,76.32,24,251,1,Autumn,Monday,3.0,24,1751.76,551.04
P-0040,Electronics,2024-09-30 14:03:25.961192240,231.16,408.36,375.01,8,69,0,Autumn,Monday,3.86,8,3266.88,1417.6
P-0095,Beauty,2024-09-30 17:33:42.884576920,60.93,85.38,81.81,24,121,0,Autumn,Monday,3.65,24,2049.12,586.8
P-0058,Electronics,2024-09-30 21:03:59.807961592,178.91,316.04,303.91,30,97,1,Autumn,Monday,4.04,30,9481.2,4113.9
P-0047,Grocery,2024-10-01 00:34:16.731346272,19.16,24.88,27.23,44,182,1,Autumn,Tuesday,3.46,44,1094.72,251.68
P-0066,Electronics,2024-10-01 04:04:33.654730944,207.87,296.86,270.51,16,220,0,Autumn,Tuesday,4.3,16,4749.76,1423.84
P-0054,Sports,2024-10-01 07:34:50.578115624,90.34,149.17,150.97,19,233,0,Autumn,Tuesday,3.97,19,2834.23,1117.77
P-0043,Electronics,2024-10-01 11:05:07.501500304,155.84,273.8,255.23,8,36,0,Autumn,Tuesday,3.89,8,2190.4,943.68
P-0017,Beauty,2024-10-01 14:35:24.424884976,48.66,80.41,84.47,23,141,0,Autumn,Tuesday,4.17,23,1849.43,730.25
P-0045,Home,2024-10-01 18:05:41.348269656,103.7,172.18,180.5,34,43,1,Autumn,Tuesday,4.07,34,5854.12,2328.32
P-0028,Home,2024-10-01 21:35:58.271654328,95.63,149.16,134.19,23,95,0,Autumn,Tuesday,4.04,23,3430.68,1231.19
P-0033,Beauty,2024-10-02 01:06:15.195039008,67.46,108.03,108.12,40,132,1,Autumn,Wednesday,4.0,40,4321.2,1622.8
P-0031,Grocery,2024-10-02 04:36:32.118423688,18.58,29.91,33.44,42,166,0,Autumn,Wednesday,4.09,42,1256.22,475.86
P-0010,Sports,2024-10-02 08:06:49.041808360,110.11,164.68,152.4,17,208,0,Autumn,Wednesday,4.25,17,2799.56,927.69
P-0053,Home,2024-10-02 11:37:05.965193040,71.62,101.07,108.15,21,258,0,Autumn,Wednesday,4.2,21,2122.47,618.45
P-0015,Electronics,2024-10-02 15:07:22.888577720,141.82,270.84,248.27,23,97,1,Autumn,Wednesday,4.61,23,6229.32,2967.46
P-0041,Grocery,2024-10-02 18:37:39.811962392,23.77,34.16,31.06,36,152,0,Autumn,Wednesday,3.85,36,1229.76,374.04
P-0089,Beauty,2024-10-02 22:07:56.735347072,45.02,71.13,79.26,19,32,0,Autumn,Wednesday,4.21,19,1351.47,496.09
P-0085,Electronics,2024-10-03 01:38:13.658731744,208.7,323.18,316.91,21,42,0,Autumn,Thursday,5.0,21,6786.78,2404.08
P-0098,Grocery,2024-10-03 05:08:30.582116424,23.72,46.07,41.3,31,252,0,Autumn,Thursday,4.08,31,1428.17,692.85
P-0015,Beauty,2024-10-03 08:38:47.505501104,53.28,93.58,84.81,24,244,0,Autumn,Thursday,4.1,24,2245.92,967.2
P-0083,Grocery,2024-10-03 12:09:04.428885776,20.77,33.83,33.63,32,245,0,Autumn,Thursday,3.53,32,1082.56,417.92
P-0082,Home,2024-10-03 15:39:21.352270456,101.58,177.53,170.16,16,79,0,Autumn,Thursday,3.78,16,2840.48,1215.2
P-0031,Home,2024-10-03 19:09:38.275655128,90.18,118.95,116.05,23,174,0,Autumn,Thursday,4.05,23,2735.85,661.71
P-0037,Electronics,2024-10-03 22:39:55.199039808,247.08,366.09,394.16,11,71,0,Autumn,Thursday,4.34,11,4026.99,1309.11
P-0018,Grocery,2024-10-04 02:10:12.122424488,23.31,42.48,40.98,28,182,0,Autumn,Friday,4.39,28,1189.44,536.76
P-0097,Electronics,2024-10-04 05:40:29.045809160,177.59,302.75,315.38,20,133,0,Autumn,Friday,4.25,20,6055.0,2503.2
P-0051,Grocery,2024-10-04 09:10:45.969193840,17.52,30.02,31.23,34,243,0,Autumn,Friday,4.46,34,1020.68,425.0
P-0029,Grocery,2024-10-04 12:41:02.892578520,23.34,36.75,37.47,30,106,0,Autumn,Friday,3.65,30,1102.5,402.3
P-0010,Grocery,2024-10-04 16:11:19.815963192,19.13,33.16,30.58,29,172,0,Autumn,Friday,4.32,29,961.64,406.87
P-0051,Electronics,2024-10-04 19:41:36.739347872,164.64,239.76,255.83,16,176,0,Autumn,Friday,4.11,16,3836.16,1201.92
P-0092,Home,2024-10-04 23:11:53.662732544,103.02,153.44,163.2,24,208,0,Autumn,Friday,4.16,24,3682.56,1210.08
P-0039,Beauty,2024-10-05 02:42:10.586117224,39.36,55.07,62.45,27,27,1,Autumn,Saturday,3.94,27,1486.89,424.17
P-0077,Beauty,2024-10-05 06:12:27.509501904,67.43,78.75,85.86,37,128,1,Autumn,Saturday,3.67,37,2913.75,418.84
P-0034,Sports,2024-10-05 09:42:44.432886576,82.04,118.8,106.56,31,125,1,Autumn,Saturday,3.55,31,3682.8,1139.56
P-0098,Home,2024-10-05 13:13:01.356271256,94.33,147.67,150.05,25,70,0,Autumn,Saturday,4.24,25,3691.75,1333.5
P-0064,Sports,2024-10-05 16:43:18.279655928,66.75,88.02,94.97,33,212,0,Autumn,Saturday,4.32,33,2904.66,701.91
P-0086,Electronics,2024-10-05 20:13:35.203040608,235.68,370.96,333.67,21,218,1,Autumn,Saturday,4.04,21,7790.16,2840.88
P-0061,Home,2024-10-05 23:43:52.126425288,94.96,114.18,128.8,34,34,1,Autumn,Saturday,4.09,34,3882.12,653.48
P-0041,Electronics,2024-10-06 03:14:09.049809960,186.95,314.86,316.06,28,182,1,Autumn,Sunday,3.78,28,8816.08,3581.48
P-0005,Grocery,2024-10-06 06:44:25.973194640,24.77,47.32,44.1,46,226,1,Autumn,Sunday,4.33,46,2176.72,1037.3
P-0032,Electronics,2024-10-06 10:14:42.896579320,153.46,260.84,244.81,23,85,1,Autumn,Sunday,4.13,23,5999.32,2469.74
P-0023,Home,2024-10-06 13:44:59.819963992,70.14,114.89,124.15,29,169,0,Autumn,Sunday,3.94,29,3331.81,1297.75
P-0084,Grocery,2024-10-06 17:15:16.743348672,19.7,35.91,34.2,41,167,0,Autumn,Sunday,4.49,41,1472.31,664.61
P-0057,Beauty,2024-10-06 20:45:33.666733344,58.08,81.9,79.56,15,19,0,Autumn,Sunday,4.39,15,1228.5,357.3
P-0059,Electronics,2024-10-07 00:15:50.590118024,209.89,291.87,280.09,9,215,0,Autumn,Monday,3.41,9,2626.83,737.82
P-0098,Electronics,2024-10-07 03:46:07.513502704,245.25,316.29,335.1,28,198,1,Autumn,Monday,4.12,28,8856.12,1989.12
P-0088,Beauty,2024-10-07 07:16:24.436887376,46.9,65.67,61.11,20,81,0,Autumn,Monday,3.67,20,1313.4,375.4
P-0068,Home,2024-10-07 10:46:41.360272056,103.73,165.24,162.92,23,91,0,Autumn,Monday,4.16,23,3800.52,1414.73
P-0033,Electronics,2024-10-07 14:16:58.283656736,206.17,305.41,289.76,16,203,1,Autumn,Monday,2.68,16,4886.56,1587.84
P-0011,Beauty,2024-10-07 17:47:15.207041408,46.7,90.45,81.82,21,211,0,Autumn,Monday,4.19,21,1899.45,918.75
P-0055,Home,2024-10-07 21:17:32.130426088,100.86,173.76,160.1,21,32,0,Autumn,Monday,4.42,21,3648.96,1530.9
P-0099,Beauty,2024-10-08 00:47:49.053810760,54.42,84.13,78.79,18,102,0,Autumn,Tuesday,4.05,18,1514.34,534.78
P-0047,Home,2024-10-08 04:18:05.977195440,85.44,145.34,153.07,28,168,0,Autumn,Tuesday,3.58,28,4069.52,1677.2
P-0099,Electronics,2024-10-08 07:48:22.900580120,211.41,334.96,375.1,30,46,0,Autumn,Tuesday,4.98,30,10048.8,3706.5
P-0019,Electronics,2024-10-08 11:18:39.823964792,205.65,351.31,345.13,19,259,0,Autumn,Tuesday,4.62,19,6674.89,2767.54
P-0007,Home,2024-10-08 14:48:56.747349472,92.66,138.72,156.17,38,66,1,Autumn,Tuesday,3.86,38,5271.36,1750.28
P-0055,Electronics,2024-10-08 18:19:13.670734144,196.14,368.62,350.6,18,227,0,Autumn,Tuesday,3.98,18,6635.16,3104.64
P-0038,Home,2024-10-08 21:49:30.594118824,75.16,125.52,118.77,14,30,0,Autumn,Tuesday,3.21,14,1757.28,705.04
P-0009,Sports,2024-10-09 01:19:47.517503504,80.96,142.51,140.39,26,229,0,Autumn,Wednesday,4.31,26,3705.26,1600.3
P-0095,Grocery,2024-10-09 04:50:04.440888176,20.92,24.76,26.9,24,24,0,Autumn,Wednesday,3.48,24,594.24,92.16
P-0038,Home,2024-10-09 08:20:21.364272856,79.49,134.73,123.59,28,181,0,Autumn,Wednesday,4.4,28,3772.44,1546.72
P-0026,Beauty,2024-10-09 11:50:38.287657536,52.88,82.58,80.72,29,103,0,Autumn,Wednesday,4.56,29,2394.82,861.3
P-0054,Beauty,2024-10-09 15:20:55.211042208,61.46,78.38,78.1,18,127,0,Autumn,Wednesday,4.07,18,1410.84,304.56
P-0085,Grocery,2024-10-09 18:51:12.134426888,24.71,32.59,32.07,36,41,1,Autumn,Wednesday,3.62,36,1173.24,283.68
P-0015,Home,2024-10-09 22:21:29.057811560,86.93,98.73,109.71,18,180,0,Autumn,Wednesday,4.66,18,1777.14,212.4
P-0037,Home,2024-10-10 01:51:45.981196240,86.32,128.89,121.86,21,167,0,Autumn,Thursday,4.1,21,2706.69,893.97
P-0076,Home,2024-10-10 05:22:02.904580920,104.66,119.79,133.91,43,93,1,Autumn,Thursday,4.14,43,5150.97,650.59
P-0067,Electronics,2024-10-10 08:52:19.827965592,129.47,195.58,191.97,10,130,0,Autumn,Thursday,3.68,10,1955.8,661.1
P-0020,Home,2024-10-10 12:22:36.751350272,107.12,167.35,181.78,34,150,1,Autumn,Thursday,4.19,34,5689.9,2047.82
P-0003,Sports,2024-10-10 15:52:53.674734944,56.01,82.68,88.92,21,183,0,Autumn,Thursday,4.01,21,1736.28,560.07
P-0073,Sports,2024-10-10 19:23:10.598119624,61.88,93.86,100.28,17,147,0,Autumn,Thursday,3.5,17,1595.62,543.66
P-0021,Electronics,2024-10-10 22:53:27.521504304,192.72,215.77,244.24,16,29,0,Autumn,Thursday,4.7,16,3452.32,368.8
P-0003,Beauty,2024-10-11 02:23:44.444888976,74.1,138.77,126.84,26,148,0,Autumn,Friday,4.89,26,3608.02,1681.42
P-0088,Home,2024-10-11 05:54:01.368273656,120.5,172.02,160.31,26,100,1,Autumn,Friday,4.56,26,4472.52,1339.52
P-0069,Beauty,2024-10-11 09:24:18.291658336,61.22,76.96,86.72,27,115,0,Autumn,Friday,4.49,27,2077.92,424.98
P-0046,Beauty,2024-10-11 12:54:35.215043008,58.14,79.72,89.2,43,105,1,Autumn,Friday,4.89,43,3427.96,927.94
P-0041,Electronics,2024-10-11 16:24:52.138427688,147.43,277.33,259.7,21,101,1,Autumn,Friday,3.63,21,5823.93,2727.9
P-0088,Grocery,2024-10-11 19:55:09.061812360,24.6,39.01,44.25,40,72,0,Autumn,Friday,3.62,40,1560.4,576.4
P-0080,Sports,2024-10-11 23:25:25.985197040,72.97,121.71,122.62,26,95,1,Autumn,Friday,3.91,26,3164.46,1267.24
P-0053,Grocery,2024-10-12 02:55:42.908581720,20.86,31.19,34.44,56,189,1,Autumn,Saturday,4.23,56,1746.64,578.48
P-0057,Grocery,2024-10-12 06:25:59.831966392,24.59,38.7,37.87,26,70,0,Autumn,Saturday,3.97,26,1006.2,366.86
P-0054,Beauty,2024-10-12 09:56:16.755351072,50.85,92.01,82.18,38,200,1,Autumn,Saturday,3.64,38,3496.38,1564.08
P-0039,Home,2024-10-12 13:26:33.678735744,108.21,132.54,143.86,32,122,1,Autumn,Saturday,4.1,32,4241.28,778.56
P-0051,Electronics,2024-10-12 16:56:50.602120424,144.95,224.86,202.65,10,164,0,Autumn,Saturday,4.06,10,2248.6,799.1
P-0067,Beauty,2024-10-12 20:27:07.525505104,55.66,108.47,99.72,22,43,0,Autumn,Saturday,4.48,22,2386.34,1161.82
P-0065,Electronics,2024-10-12 23:57:24.448889776,180.46,360.44,322.8,10,65,0,Autumn,Saturday,4.12,10,3604.4,1799.8
P-0039,Grocery,2024-10-13 03:27:41.372274456,22.43,34.07,32.02,40,235,1,Autumn,Sunday,3.24,40,1362.8,465.6
P-0083,Home,2024-10-13 06:57:58.295659136,99.63,149.55,137.75,20,218,0,Autumn,Sunday,4.27,20,2991.0,998.4
P-0036,Home,2024-10-13 10:28:15.219043808,78.02,109.81,107.37,32,32,1,Autumn,Sunday,4.81,32,3513.92,1017.28
P-0074,Home,2024-10-13 13:58:32.142428488,97.5,160.92,147.88,42,236,1,Autumn,Sunday,4.11,42,6758.64,2663.64
P-0043,Sports,2024-10-13 17:28:49.065813160,77.28,96.22,106.11,27,220,0,Autumn,Sunday,4.54,27,2597.94,511.38
P-0095,Electronics,2024-10-13 20:59:05.989197840,187.8,319.23,301.73,27,48,1,Autumn,Sunday,3.87,27,8619.21,3548.61
P-0072,Electronics,2024-10-14 00:29:22.912582520,194.19,258.48,250.73,19,74,0,Autumn,Monday,4.35,19,4911.12,1221.51
P-0072,Electronics,2024-10-14 03:59:39.835967192,204.81,239.41,267.69,19,58,0,Autumn,Monday,3.76,19,4548.79,657.4
P-0062,Grocery,2024-10-14 07:29:56.759351872,21.05,28.04,29.52,36,224,0,Autumn,Monday,3.99,36,1009.44,251.64
P-0018,Sports,2024-10-14 11:00:13.682736552,80.09,125.21,134.36,21,224,0,Autumn,Monday,3.99,21,2629.41,947.52
P-0092,Home,2024-10-14 14:30:30.606121224,90.77,126.65,129.6,30,191,0,Autumn,Monday,4.31,30,3799.5,1076.4
P-0071,Sports,2024-10-14 18:00:47.529505904,72.18,101.03,108.92,16,76,0,Autumn,Monday,3.73,16,1616.48,461.6
P-0001,Home,2024-10-14 21:31:04.452890576,119.17,181.62,192.0,17,240,0,Autumn,Monday,3.44,17,3087.54,1061.65
P-0030,Grocery,2024-10-15 01:01:21.376275256,25.59,40.98,43.09,42,222,0,Autumn,Tuesday,4.31,42,1721.16,646.38
P-0017,Electronics,2024-10-15 04:31:38.299659936,197.14,286.42,279.72,16,228,0,Autumn,Tuesday,4.29,16,4582.72,1428.48
P-0014,Beauty,2024-10-15 08:01:55.223044608,56.28,84.83,92.98,32,103,1,Autumn,Tuesday,4.15,32,2714.56,913.6
P-0050,Grocery,2024-10-15 11:32:12.146429288,20.06,26.48,28.23,47,186,0,Autumn,Tuesday,4.52,47,1244.56,301.74
P-0080,Beauty,2024-10-15 15:02:29.069813960,51.16,78.48,82.08,35,180,0,Autumn,Tuesday,4.01,35,2746.8,956.2
P-0067,Home,2024-10-15 18:32:45.993198640,90.13,133.36,135.01,26,52,0,Autumn,Tuesday,4.23,26,3467.36,1123.98
P-0094,Grocery,2024-10-15 22:03:02.916583320,19.21,30.05,33.8,45,157,0,Autumn,Tuesday,3.94,45,1352.25,487.8
P-0009,Sports,2024-10-16 01:33:19.839967992,84.96,170.31,152.09,20,149,0,Autumn,Wednesday,3.98,20,3406.2,1707.0
P-0063,Beauty,2024-10-16 05:03:36.763352672,50.55,80.65,84.71,48,158,1,Autumn,Wednesday,4.25,48,3871.2,1444.8
P-0030,Grocery,2024-10-16 08:33:53.686737352,22.64,37.67,39.7,31,98,0,Autumn,Wednesday,5.0,31,1167.77,465.93
P-0002,Grocery,2024-10-16 12:04:10.610122024,21.82,29.29,28.91,44,178,0,Autumn,Wednesday,4.43,44,1288.76,328.68
P-0099,Home,2024-10-16 15:34:27.533506704,139.98,244.51,225.36,31,232,1,Autumn,Wednesday,4.35,31,7579.81,3240.43
P-0013,Sports,2024-10-16 19:04:44.456891376,71.52,96.19,97.2,26,163,0,Autumn,Wednesday,4.45,26,2500.94,641.42
P-0033,Home,2024-10-16 22:35:01.380276056,63.56,83.76,89.13,11,228,0,Autumn,Wednesday,3.04,11,921.36,222.2
P-0052,Grocery,2024-10-17 02:05:18.303660736,17.86,27.89,27.46,55,204,1,Autumn,Thursday,4.24,55,1533.95,551.65
P-0039,Electronics,2024-10-17 05:35:35.227045408,235.51,388.9,390.5,16,91,0,Autumn,Thursday,4.51,16,6222.4,2454.24
P-0016,Home,2024-10-17 09:05:52.150430088,115.31,186.39,189.9,24,195,0,Autumn,Thursday,4.14,24,4473.36,1705.92
P-0024,Beauty,2024-10-17 12:36:09.073814760,49.0,94.51,84.68,23,179,0,Autumn,Thursday,4.08,23,2173.73,1046.73
P-0069,Beauty,2024-10-17 16:06:25.997199440,66.25,115.47,103.19,30,246,1,Autumn,Thursday,3.68,30,3464.1,1476.6
P-0002,Sports,2024-10-17 19:36:42.920584120,89.49,159.8,157.46,45,97,1,Autumn,Thursday,3.9,45,7191.0,3163.95
P-0007,Sports,2024-10-17 23:06:59.843968792,77.57,120.86,134.84,17,55,0,Autumn,Thursday,3.72,17,2054.62,735.93
P-0029,Electronics,2024-10-18 02:37:16.767353472,201.25,351.09,345.54,17,181,0,Autumn,Friday,4.55,17,5968.53,2547.28
P-0098,Home,2024-10-18 06:07:33.690738152,97.75,149.14,134.53,21,169,0,Autumn,Friday,4.78,21,3131.94,1079.19
P-0017,Home,2024-10-18 09:37:50.614122824,108.34,184.16,167.09,20,165,0,Autumn,Friday,4.97,20,3683.2,1516.4
P-0066,Beauty,2024-10-18 13:08:07.537507504,58.5,90.2,96.81,37,196,1,Autumn,Friday,3.72,37,3337.4,1172.9
P-0039,Beauty,2024-10-18 16:38:24.460892176,49.04,81.11,87.63,23,140,0,Autumn,Friday,3.8,23,1865.53,737.61
P-0052,Sports,2024-10-18 20:08:41.384276856,77.77,89.56,97.71,22,22,1,Autumn,Friday,3.76,22,1970.32,259.38
P-0024,Grocery,2024-10-18 23:38:58.307661536,31.61,48.67,45.2,55,230,1,Autumn,Friday,3.64,55,2676.85,938.3
P-0093,Electronics,2024-10-19 03:09:15.231046208,218.44,313.43,314.18,22,82,0,Autumn,Saturday,3.65,22,6895.46,2089.78
P-0041,Beauty,2024-10-19 06:39:32.154430888,62.65,84.82,88.25,32,75,0,Autumn,Saturday,3.87,32,2714.24,709.44
P-0005,Beauty,2024-10-19 10:09:49.077815560,59.75,97.28,101.55,18,214,0,Autumn,Saturday,4.49,18,1751.04,675.54
P-0027,Beauty,2024-10-19 13:40:06.001200240,57.41,69.24,73.19,29,210,0,Autumn,Saturday,3.78,29,2007.96,343.07
P-0033,Electronics,2024-10-19 17:10:22.924584920,213.65,337.7,309.3,12,138,0,Autumn,Saturday,4.57,12,4052.4,1488.6
P-0092,Home,2024-10-19 20:40:39.847969592,108.64,174.45,178.32,38,183,1,Autumn,Saturday,4.72,38,6629.1,2500.78
P-0003,Home,2024-10-20 00:10:56.771354272,105.92,146.51,156.1,25,34,0,Autumn,Sunday,4.23,25,3662.75,1014.75
P-0030,Electronics,2024-10-20 03:41:13.694738952,218.87,305.62,290.93,21,83,0,Autumn,Sunday,4.65,21,6418.02,1821.75
P-0018,Grocery,2024-10-20 07:11:30.618123624,21.34,34.94,33.84,34,74,0,Autumn,Sunday,3.49,34,1187.96,462.4
P-0019,Home,2024-10-20 10:41:47.541508304,100.86,163.09,155.07,14,118,0,Autumn,Sunday,3.85,14,2283.26,871.22
P-0099,Beauty,2024-10-20 14:12:04.464892976,54.41,104.92,97.39,35,102,0,Autumn,Sunday,4.19,35,3672.2,1767.85
P-0077,Beauty,2024-10-20 17:42:21.388277656,52.29,78.57,86.89,29,31,0,Autumn,Sunday,4.2,29,2278.53,762.12
P-0095,Sports,2024-10-20 21:12:38.311662336,114.29,180.37,204.85,33,183,0,Autumn,Sunday,4.74,33,5952.21,2180.64
P-0082,Electronics,2024-10-21 00:42:55.235047008,158.29,191.0,214.09,16,161,0,Autumn,Monday,3.65,16,3056.0,523.36
P-0086,Electronics,2024-10-21 04:13:12.158431688,242.21,424.28,404.22,18,107,0,Autumn,Monday,3.86,18,7637.04,3277.26
P-0057,Home,2024-10-21 07:43:29.081816360,81.89,140.48,127.21,30,232,0,Autumn,Monday,4.06,30,4214.4,1757.7
P-0053,Home,2024-10-21 11:13:46.005201040,96.99,152.79,159.25,25,103,1,Autumn,Monday,3.87,25,3819.75,1395.0
P-0035,Home,2024-10-21 14:44:02.928585720,134.04,215.65,202.02,21,43,0,Autumn,Monday,3.63,21,4528.65,1713.81
P-0008,Grocery,2024-10-21 18:14:19.851970392,20.3,29.28,27.75,54,222,1,Autumn,Monday,3.89,54,1581.12,484.92
P-0084,Home,2024-10-21 21:44:36.775355072,84.0,119.4,107.11,19,47,0,Autumn,Monday,3.99,19,2268.6,672.6
P-0039,Electronics,2024-10-22 01:14:53.698739752,209.41,355.8,358.31,17,32,0,Autumn,Tuesday,4.75,17,6048.6,2488.63
P-0067,Home,2024-10-22 04:45:10.622124424,82.12,128.27,139.45,28,131,0,Autumn,Tuesday,3.64,28,3591.56,1292.2
P-0096,Grocery,2024-10-22 08:15:27.545509104,27.39,39.03,36.69,44,156,0,Autumn,Tuesday,4.47,44,1717.32,512.16
P-0039,Sports,2024-10-22 11:45:44.468893776,73.16,126.39,117.41,27,83,1,Autumn,Tuesday,4.67,27,3412.53,1437.21
P-0014,Grocery,2024-10-22 15:16:01.392278456,26.51,46.07,43.89,44,220,0,Autumn,Tuesday,3.87,44,2027.08,860.64
P-0040,Beauty,2024-10-22 18:46:18.315663136,43.3,73.27,67.4,24,82,0,Autumn,Tuesday,4.22,24,1758.48,719.28
P-0096,Grocery,2024-10-22 22:16:35.239047808,17.06,23.55,24.3,36,251,0,Autumn,Tuesday,4.36,36,847.8,233.64
P-0001,Grocery,2024-10-23 01:46:52.162432488,23.12,41.93,40.1,31,171,0,Autumn,Wednesday,4.28,31,1299.83,583.11
P-0026,Home,2024-10-23 05:17:09.085817168,71.16,107.62,114.09,28,60,1,Autumn,Wednesday,4.14,28,3013.36,1020.88
P-0006,Beauty,2024-10-23 08:47:26.009201840,68.36,111.08,112.53,24,115,0,Autumn,Wednesday,3.79,24,2665.92,1025.28
P-0077,Grocery,2024-10-23 12:17:42.932586520,18.13,27.37,29.17,33,33,1,Autumn,Wednesday,4.4,33,903.21,304.92
P-0014,Home,2024-10-23 15:47:59.855971192,79.23,119.65,130.47,30,221,0,Autumn,Wednesday,3.93,30,3589.5,1212.6
P-0027,Grocery,2024-10-23 19:18:16.779355872,25.59,30.24,34.03,52,173,1,Autumn,Wednesday,4.11,52,1572.48,241.8
P-0025,Beauty,2024-10-23 22:48:33.702740552,49.84,91.19,87.59,19,120,0,Autumn,Wednesday,4.18,19,1732.61,785.65
P-0005,Beauty,2024-10-24 02:18:50.626125224,41.64,63.88,58.6,48,181,1,Autumn,Thursday,4.49,48,3066.24,1067.52
P-0093,Electronics,2024-10-24 05:49:07.549509904,278.54,455.11,476.33,18,165,0,Autumn,Thursday,4.97,18,8191.98,3178.26
P-0039,Grocery,2024-10-24 09:19:24.472894576,20.15,34.49,35.09,47,161,1,Autumn,Thursday,3.77,47,1621.03,673.98
P-0083,Sports,2024-10-24 12:49:41.396279256,77.49,109.77,124.62,23,112,0,Autumn,Thursday,4.12,23,2524.71,742.44
P-0053,Electronics,2024-10-24 16:19:58.319663936,202.97,313.8,320.5,24,101,0,Autumn,Thursday,3.43,24,7531.2,2659.92
P-0005,Home,2024-10-24 19:50:15.243048608,105.8,131.33,138.6,50,77,1,Autumn,Thursday,4.77,50,6566.5,1276.5
P-0019,Electronics,2024-10-24 23:20:32.166433288,225.54,342.02,336.04,8,207,0,Autumn,Thursday,4.12,8,2736.16,931.84
P-0002,Electronics,2024-10-25 02:50:49.089817968,182.22,317.41,289.07,10,130,0,Autumn,Friday,3.97,10,3174.1,1351.9
P-0025,Sports,2024-10-25 06:21:06.013202640,75.83,98.35,98.2,23,129,0,Autumn,Friday,4.12,23,2262.05,517.96
P-0059,Beauty,2024-10-25 09:51:22.936587320,53.0,72.43,69.5,32,191,1,Autumn,Friday,4.15,32,2317.76,621.76
P-0013,Home,2024-10-25 13:21:39.859971992,106.38,200.52,191.1,20,145,0,Autumn,Friday,3.77,20,4010.4,1882.8
P-0038,Home,2024-10-25 16:51:56.783356672,77.24,101.43,110.66,27,248,0,Autumn,Friday,4.63,27,2738.61,653.13
P-0003,Sports,2024-10-25 20:22:13.706741352,105.83,147.02,152.64,29,73,1,Autumn,Friday,4.39,29,4263.58,1194.51
P-0081,Home,2024-10-25 23:52:30.630126024,83.46,105.11,115.87,23,25,0,Autumn,Friday,4.45,23,2417.53,497.95
P-0036,Grocery,2024-10-26 03:22:47.553510704,23.97,37.93,38.48,33,118,0,Autumn,Saturday,3.79,33,1251.69,460.68
P-0098,Home,2024-10-26 06:53:04.476895376,77.37,127.7,116.84,13,145,0,Autumn,Saturday,3.77,13,1660.1,654.29
P-0033,Electronics,2024-10-26 10:23:21.400280056,166.38,279.03,280.31,23,216,0,Autumn,Saturday,4.05,23,6417.69,2590.95
P-0050,Grocery,2024-10-26 13:53:38.323664736,20.64,31.29,31.62,50,170,0,Autumn,Saturday,4.46,50,1564.5,532.5
P-0050,Electronics,2024-10-26 17:23:55.247049408,177.39,207.67,223.24,22,245,0,Autumn,Saturday,4.33,22,4568.74,666.16
P-0018,Grocery,2024-10-26 20:54:12.170434088,22.41,32.41,33.96,36,36,0,Autumn,Saturday,3.75,36,1166.76,360.0
P-0074,Home,2024-10-27 00:24:29.093818768,80.12,113.33,102.58,22,146,0,Autumn,Sunday,4.4,22,2493.26,730.62
P-0090,Grocery,2024-10-27 03:54:46.017203440,26.67,43.32,45.47,43,218,1,Autumn,Sunday,3.66,43,1862.76,715.95
P-0086,Grocery,2024-10-27 07:25:02.940588120,20.99,29.08,27.55,34,138,0,Autumn,Sunday,3.8,34,988.72,275.06
P-0043,Grocery,2024-10-27 10:55:19.863972792,20.57,25.07,28.17,44,82,0,Autumn,Sunday,4.17,44,1103.08,198.0
P-0077,Electronics,2024-10-27 14:25:36.787357472,196.8,269.4,295.79,12,203,0,Autumn,Sunday,3.57,12,3232.8,871.2
P-0042,Grocery,2024-10-27 17:55:53.710742152,27.81,36.04,37.75,40,229,0,Autumn,Sunday,3.67,40,1441.6,329.2
P-0015,Sports,2024-10-27 21:26:10.634126824,82.75,140.31,127.98,36,78,1,Autumn,Sunday,4.8,36,5051.16,2072.16
P-0071,Home,2024-10-28 00:56:27.557511504,93.48,131.07,140.54,30,150,0,Autumn,Monday,4.71,30,3932.1,1127.7
P-0041,Home,2024-10-28 04:26:44.480896176,73.22,136.95,129.88,19,212,0,Autumn,Monday,5.0,19,2602.05,1210.87
P-0037,Grocery,2024-10-28 07:57:01.404280856,19.61,23.44,25.47,33,52,0,Autumn,Monday,4.3,33,773.52,126.39
P-0008,Electronics,2024-10-28 11:27:18.327665536,167.05,268.89,261.8,15,17,0,Autumn,Monday,4.39,15,4033.35,1527.6
P-0024,Grocery,2024-10-28 14:57:35.251050208,29.02,48.77,47.77,27,196,0,Autumn,Monday,4.03,27,1316.79,533.25
P-0042,Grocery,2024-10-28 18:27:52.174434888,26.04,35.39,34.38,41,199,0,Autumn,Monday,3.94,41,1450.99,383.35
P-0075,Electronics,2024-10-28 21:58:09.097819568,181.05,274.83,289.69,17,53,0,Autumn,Monday,4.49,17,4672.11,1594.26
P-0040,Beauty,2024-10-29 01:28:26.021204240,50.03,79.32,86.32,35,161,0,Autumn,Tuesday,4.71,35,2776.2,1025.15
P-0019,Beauty,2024-10-29 04:58:42.944588920,47.74,87.8,80.35,16,191,0,Autumn,Tuesday,4.45,16,1404.8,640.96
P-0040,Home,2024-10-29 08:28:59.867973592,81.53,146.25,143.85,24,250,0,Autumn,Tuesday,3.72,24,3510.0,1553.28
P-0004,Sports,2024-10-29 11:59:16.791358272,85.89,131.63,141.4,38,213,1,Autumn,Tuesday,4.28,38,5001.94,1738.12
P-0047,Electronics,2024-10-29 15:29:33.714742952,200.34,287.73,293.84,12,68,0,Autumn,Tuesday,3.75,12,3452.76,1048.68
P-0050,Home,2024-10-29 18:59:50.638127624,126.63,199.28,222.39,30,156,1,Autumn,Tuesday,3.95,30,5978.4,2179.5
P-0071,Grocery,2024-10-29 22:30:07.561512304,28.8,39.34,39.57,53,194,0,Autumn,Tuesday,4.84,53,2085.02,558.62
P-0004,Electronics,2024-10-30 02:00:24.484896984,254.0,391.75,399.04,13,81,0,Autumn,Wednesday,3.56,13,5092.75,1790.75
P-0064,Grocery,2024-10-30 05:30:41.408281656,26.58,40.5,44.42,54,54,0,Autumn,Wednesday,5.0,54,2187.0,751.68
P-0080,Electronics,2024-10-30 09:00:58.331666336,195.8,334.17,338.69,18,122,0,Autumn,Wednesday,4.35,18,6015.06,2490.66
P-0081,Beauty,2024-10-30 12:31:15.255051008,60.26,109.24,105.7,31,191,0,Autumn,Wednesday,3.89,31,3386.44,1518.38
P-0098,Electronics,2024-10-30 16:01:32.178435688,198.28,283.56,257.12,11,144,0,Autumn,Wednesday,4.13,11,3119.16,938.08
P-0068,Grocery,2024-10-30 19:31:49.101820368,30.26,52.34,49.91,26,163,0,Autumn,Wednesday,3.79,26,1360.84,574.08
P-0095,Grocery,2024-10-30 23:02:06.025205040,25.55,34.83,34.81,39,178,0,Autumn,Wednesday,3.85,39,1358.37,361.92
P-0035,Grocery,2024-10-31 02:32:22.948589720,25.01,44.7,41.98,28,249,0,Autumn,Thursday,4.13,28,1251.6,551.32
P-0015,Sports,2024-10-31 06:02:39.871974392,81.63,126.45,133.5,34,170,1,Autumn,Thursday,3.95,34,4299.3,1523.88
P-0001,Grocery,2024-10-31 09:32:56.795359072,30.68,43.09,41.41,46,48,0,Autumn,Thursday,3.68,46,1982.14,570.86
P-0094,Grocery,2024-10-31 13:03:13.718743752,18.49,27.83,31.58,43,113,0,Autumn,Thursday,4.0,43,1196.69,401.62
P-0012,Beauty,2024-10-31 16:33:30.642128424,71.18,96.07,107.05,45,56,1,Autumn,Thursday,3.51,45,4323.15,1120.05
P-0012,Sports,2024-10-31 20:03:47.565513104,77.62,123.83,120.24,14,200,0,Autumn,Thursday,3.53,14,1733.62,646.94
P-0074,Grocery,2024-10-31 23:34:04.488897784,18.6,30.74,33.19,36,259,0,Autumn,Thursday,3.52,36,1106.64,437.04
P-0036,Sports,2024-11-01 03:04:21.412282456,70.37,118.52,113.38,38,203,1,Autumn,Friday,4.85,38,4503.76,1829.7
P-0052,Home,2024-11-01 06:34:38.335667136,69.91,113.63,110.02,19,75,0,Autumn,Friday,4.28,19,2158.97,830.68
P-0009,Beauty,2024-11-01 10:04:55.259051808,60.75,68.49,76.5,31,185,0,Autumn,Friday,4.37,31,2123.19,239.94
P-0043,Grocery,2024-11-01 13:35:12.182436488,20.01,26.5,27.2,20,20,1,Autumn,Friday,4.11,20,530.0,129.8
P-0083,Electronics,2024-11-01 17:05:29.105821168,215.67,280.14,272.74,16,81,0,Autumn,Friday,4.33,16,4482.24,1031.52
P-0058,Electronics,2024-11-01 20:35:46.029205840,248.11,373.84,355.62,16,89,0,Autumn,Friday,4.63,16,5981.44,2011.68
P-0023,Sports,2024-11-02 00:06:02.952590520,71.4,110.58,102.78,15,130,0,Autumn,Saturday,4.28,15,1658.7,587.7
P-0016,Home,2024-11-02 03:36:19.875975192,90.92,134.47,140.17,29,93,1,Autumn,Saturday,4.84,29,3899.63,1262.95
P-0067,Electronics,2024-11-02 07:06:36.799359872,166.21,292.71,270.82,15,121,0,Autumn,Saturday,4.08,15,4390.65,1897.5
P-0071,Home,2024-11-02 10:36:53.722744552,89.1,115.96,120.16,17,17,0,Autumn,Saturday,4.37,17,1971.32,456.62
P-0077,Home,2024-11-02 14:07:10.646129224,134.13,186.96,212.05,29,215,0,Autumn,Saturday,4.42,29,5421.84,1532.07
P-0013,Grocery,2024-11-02 17:37:27.569513904,26.99,48.6,47.35,43,111,0,Autumn,Saturday,3.68,43,2089.8,929.23
P-0039,Sports,2024-11-02 21:07:44.492898584,76.61,97.14,103.56,19,213,0,Autumn,Saturday,4.12,19,1845.66,390.07
P-0007,Sports,2024-11-03 00:38:01.416283256,72.17,105.88,116.37,29,29,1,Autumn,Sunday,3.27,29,3070.52,977.59
P-0079,Grocery,2024-11-03 04:08:18.339667936,23.84,28.64,30.4,41,227,0,Autumn,Sunday,4.04,41,1174.24,196.8
P-0026,Grocery,2024-11-03 07:38:35.263052608,24.5,40.75,37.78,32,168,0,Autumn,Sunday,3.97,32,1304.0,520.0
P-0033,Home,2024-11-03 11:08:52.186437288,88.63,161.53,146.93,14,71,0,Autumn,Sunday,3.95,14,2261.42,1020.6
P-0057,Sports,2024-11-03 14:39:09.109821968,86.78,122.3,110.1,28,199,1,Autumn,Sunday,3.92,28,3424.4,994.56
P-0015,Electronics,2024-11-03 18:09:26.033206640,177.96,243.04,255.11,18,198,0,Autumn,Sunday,4.33,18,4374.72,1171.44
P-0078,Electronics,2024-11-03 21:39:42.956591320,177.8,304.85,308.11,19,192,0,Autumn,Sunday,3.7,19,5792.15,2413.95
P-0046,Sports,2024-11-04 01:09:59.879975992,84.74,124.88,116.43,29,228,0,Autumn,Monday,4.94,29,3621.52,1164.06
P-0056,Sports,2024-11-04 04:40:16.803360672,65.04,102.48,107.16,31,248,0,Autumn,Monday,4.36,31,3176.88,1160.64
P-0072,Home,2024-11-04 08:10:33.726745352,106.08,163.68,168.32,20,55,0,Autumn,Monday,3.74,20,3273.6,1152.0
P-0067,Grocery,2024-11-04 11:40:50.650130024,23.95,30.07,32.09,37,84,0,Autumn,Monday,4.39,37,1112.59,226.44
P-0004,Beauty,2024-11-04 15:11:07.573514704,38.91,65.63,64.51,24,24,0,Autumn,Monday,4.55,24,1575.12,641.28
P-0010,Home,2024-11-04 18:41:24.496899384,96.66,154.81,149.11,15,31,0,Autumn,Monday,4.27,15,2322.15,872.25
P-0081,Home,2024-11-04 22:11:41.420284056,69.39,87.04,91.01,28,40,0,Autumn,Monday,3.65,28,2437.12,494.2
P-0088,Electronics,2024-11-05 01:41:58.343668736,233.3,366.23,413.44,23,184,0,Autumn,Tuesday,5.0,23,8423.29,3057.39
P-0026,Beauty,2024-11-05 05:12:15.267053408,52.81,84.85,80.3,24,163,0,Autumn,Tuesday,4.39,24,2036.4,768.96
P-0003,Beauty,2024-11-05 08:42:32.190438088,71.29,121.64,118.33,17,23,0,Autumn,Tuesday,3.54,17,2067.88,855.95
P-0069,Beauty,2024-11-05 12:12:49.113822768,64.43,82.3,88.25,24,118,0,Autumn,Tuesday,4.19,24,1975.2,428.88
P-0099,Electronics,2024-11-05 15:43:06.037207440,174.36,220.83,231.11,33,42,1,Autumn,Tuesday,4.0,33,7287.39,1533.51
P-0012,Sports,2024-11-05 19:13:22.960592120,54.13,99.57,89.73,14,62,0,Autumn,Tuesday,4.1,14,1393.98,636.16
P-0010,Grocery,2024-11-05 22:43:39.883976800,21.1,35.26,34.19,28,28,0,Autumn,Tuesday,3.56,28,987.28,396.48
P-0039,Sports,2024-11-06 02:13:56.807361472,64.37,92.24,90.17,11,144,0,Autumn,Wednesday,4.12,11,1014.64,306.57
P-0062,Electronics,2024-11-06 05:44:13.730746152,271.34,465.66,450.55,12,34,0,Autumn,Wednesday,3.73,12,5587.92,2331.84
P-0047,Grocery,2024-11-06 09:14:30.654130824,23.96,40.59,36.6,28,207,0,Autumn,Wednesday,3.94,28,1136.52,465.64
P-0047,Grocery,2024-11-06 12:44:47.577515504,27.58,38.23,39.76,39,243,0,Autumn,Wednesday,4.27,39,1490.97,415.35
P-0047,Home,2024-11-06 16:15:04.500900184,90.67,144.56,152.58,28,224,0,Autumn,Wednesday,3.89,28,4047.68,1508.92
P-0099,Electronics,2024-11-06 19:45:21.424284856,203.96,314.55,324.14,16,216,0,Autumn,Wednesday,3.97,16,5032.8,1769.44
P-0028,Home,2024-11-06 23:15:38.347669536,94.5,154.93,144.49,16,199,0,Autumn,Wednesday,4.47,16,2478.88,966.88
P-0010,Home,2024-11-07 02:45:55.271054208,111.82,170.28,187.32,25,238,0,Autumn,Thursday,3.7,25,4257.0,1461.5
P-0053,Beauty,2024-11-07 06:16:12.194438888,57.74,83.18,89.48,35,231,0,Autumn,Thursday,3.81,35,2911.3,890.4
P-0048,Home,2024-11-07 09:46:29.117823568,78.93,130.32,139.41,15,67,0,Autumn,Thursday,3.54,15,1954.8,770.85
P-0028,Home,2024-11-07 13:16:46.041208240,119.66,210.07,203.41,20,163,0,Autumn,Thursday,3.73,20,4201.4,1808.2
P-0097,Grocery,2024-11-07 16:47:02.964592920,22.88,34.24,33.11,36,89,0,Autumn,Thursday,4.16,36,1232.64,408.96
P-0017,Electronics,2024-11-07 20:17:19.887977600,194.69,284.14,293.15,17,220,0,Autumn,Thursday,4.39,17,4830.38,1520.65
P-0014,Home,2024-11-07 23:47:36.811362272,51.99,87.4,92.36,17,17,0,Autumn,Thursday,3.74,17,1485.8,601.97
P-0014,Grocery,2024-11-08 03:17:53.734746952,26.44,48.89,46.07,36,117,0,Autumn,Friday,4.37,36,1760.04,808.2
P-0095,Electronics,2024-11-08 06:48:10.658131624,213.39,256.68,289.18,19,107,0,Autumn,Friday,4.15,19,4876.92,822.51
P-0090,Home,2024-11-08 10:18:27.581516304,96.52,142.96,135.21,20,223,1,Autumn,Friday,3.48,20,2859.2,928.8
P-0096,Electronics,2024-11-08 13:48:44.504900984,196.47,265.15,284.97,16,87,0,Autumn,Friday,4.18,16,4242.4,1098.88
P-0014,Electronics,2024-11-08 17:19:01.428285656,190.67,362.57,330.61,15,234,1,Autumn,Friday,4.64,15,5438.55,2578.5
P-0003,Beauty,2024-11-08 20:49:18.351670336,51.75,89.19,91.08,12,136,0,Autumn,Friday,3.25,12,1070.28,449.28
P-0040,Electronics,2024-11-09 00:19:35.275055008,225.56,394.52,381.49,25,183,0,Autumn,Saturday,5.0,25,9863.0,4224.0
P-0048,Home,2024-11-09 03:49:52.198439688,104.71,133.42,146.77,28,145,0,Autumn,Saturday,3.83,28,3735.76,803.88
P-0026,Sports,2024-11-09 07:20:09.121824368,77.04,125.98,133.89,25,120,0,Autumn,Saturday,3.36,25,3149.5,1223.5
P-0062,Sports,2024-11-09 10:50:26.045209040,92.15,122.48,116.85,21,89,0,Autumn,Saturday,4.16,21,2572.08,636.93
P-0062,Electronics,2024-11-09 14:20:42.968593720,207.35,311.13,307.41,31,84,1,Autumn,Saturday,4.47,31,9645.03,3217.18
P-0068,Home,2024-11-09 17:50:59.891978400,87.34,135.58,127.32,32,171,1,Autumn,Saturday,3.97,32,4338.56,1543.68
P-0035,Beauty,2024-11-09 21:21:16.815363072,56.75,88.97,87.64,28,94,0,Autumn,Saturday,4.24,28,2491.16,902.16
P-0004,Grocery,2024-11-10 00:51:33.738747752,18.78,29.76,29.27,50,226,0,Autumn,Sunday,5.0,50,1488.0,549.0
P-0029,Grocery,2024-11-10 04:21:50.662132424,24.89,37.14,34.2,40,47,0,Autumn,Sunday,4.19,40,1485.6,490.0
P-0018,Electronics,2024-11-10 07:52:07.585517104,158.18,211.62,215.52,28,67,0,Autumn,Sunday,5.0,28,5925.36,1496.32
P-0097,Electronics,2024-11-10 11:22:24.508901784,175.47,325.04,296.89,12,26,0,Autumn,Sunday,4.67,12,3900.48,1794.84
P-0085,Home,2024-11-10 14:52:41.432286456,64.32,80.55,83.1,19,226,0,Autumn,Sunday,4.12,19,1530.45,308.37
P-0100,Sports,2024-11-10 18:22:58.355671136,77.76,113.43,118.3,22,116,0,Autumn,Sunday,4.23,22,2495.46,784.74
P-0076,Sports,2024-11-10 21:53:15.279055808,100.6,145.49,136.35,23,23,1,Autumn,Sunday,3.96,23,3346.27,1032.47
P-0014,Electronics,2024-11-11 01:23:32.202440488,206.07,259.37,293.81,13,25,0,Autumn,Monday,4.21,13,3371.81,692.9
P-0046,Beauty,2024-11-11 04:53:49.125825168,60.66,78.39,85.08,33,239,0,Autumn,Monday,4.35,33,2586.87,585.09
P-0070,Electronics,2024-11-11 08:24:06.049209840,289.04,425.23,473.94,20,230,0,Autumn,Monday,3.92,20,8504.6,2723.8
P-0007,Grocery,2024-11-11 11:54:22.972594520,25.55,38.46,38.35,30,82,0,Autumn,Monday,3.48,30,1153.8,387.3
P-0089,Sports,2024-11-11 15:24:39.895979200,70.21,102.38,99.33,24,174,0,Autumn,Monday,4.69,24,2457.12,772.08
P-0085,Beauty,2024-11-11 18:54:56.819363872,49.48,74.54,84.47,25,76,0,Autumn,Monday,4.54,25,1863.5,626.5
P-0098,Electronics,2024-11-11 22:25:13.742748552,210.02,250.3,272.44,21,221,0,Autumn,Monday,3.46,21,5256.3,845.88
P-0030,Beauty,2024-11-12 01:55:30.666133224,49.43,78.7,82.62,23,190,0,Autumn,Tuesday,4.18,23,1810.1,673.21
P-0030,Home,2024-11-12 05:25:47.589517904,86.52,114.05,119.97,25,123,0,Autumn,Tuesday,4.56,25,2851.25,688.25
P-0063,Grocery,2024-11-12 08:56:04.512902584,27.78,44.04,48.75,46,242,0,Autumn,Tuesday,4.52,46,2025.84,747.96
P-0079,Home,2024-11-12 12:26:21.436287256,110.6,127.71,138.59,18,69,0,Autumn,Tuesday,3.79,18,2298.78,307.98
P-0028,Sports,2024-11-12 15:56:38.359671936,58.92,99.33,91.69,22,259,0,Autumn,Tuesday,4.54,22,2185.26,889.02
P-0033,Home,2024-11-12 19:26:55.283056616,82.56,137.79,131.46,13,86,0,Autumn,Tuesday,4.11,13,1791.27,717.99
P-0035,Electronics,2024-11-12 22:57:12.206441288,194.41,289.83,304.74,13,232,0,Autumn,Tuesday,4.27,13,3767.79,1240.46
P-0063,Home,2024-11-13 02:27:29.129825968,104.11,166.77,176.81,18,224,0,Autumn,Wednesday,3.69,18,3001.86,1127.88
P-0011,Electronics,2024-11-13 05:57:46.053210640,248.41,293.01,325.84,13,152,0,Autumn,Wednesday,2.5,13,3809.13,579.8
P-0052,Home,2024-11-13 09:28:02.976595320,136.07,193.89,201.19,31,44,0,Autumn,Wednesday,3.75,31,6010.59,1792.42
P-0025,Grocery,2024-11-13 12:58:19.899980000,22.21,37.37,38.31,39,199,0,Autumn,Wednesday,4.34,39,1457.43,591.24
P-0071,Electronics,2024-11-13 16:28:36.823364672,196.03,373.92,340.86,7,186,0,Autumn,Wednesday,4.01,7,2617.44,1245.23
P-0075,Electronics,2024-11-13 19:58:53.746749352,229.78,370.64,350.21,25,226,1,Autumn,Wednesday,4.39,25,9266.0,3521.5
P-0092,Electronics,2024-11-13 23:29:10.670134024,187.08,289.8,291.26,13,70,0,Autumn,Wednesday,4.6,13,3767.4,1335.36
P-0037,Electronics,2024-11-14 02:59:27.593518704,205.26,312.77,342.81,26,73,0,Autumn,Thursday,3.95,26,8132.02,2795.26
P-0012,Sports,2024-11-14 06:29:44.516903384,74.69,130.09,125.39,20,101,0,Autumn,Thursday,3.91,20,2601.8,1108.0
P-0024,Sports,2024-11-14 10:00:01.440288056,46.44,89.18,80.73,27,105,0,Autumn,Thursday,3.12,27,2407.86,1153.98
P-0023,Electronics,2024-11-14 13:30:18.363672736,214.14,329.89,367.06,14,15,0,Autumn,Thursday,3.4,14,4618.46,1620.5
P-0001,Grocery,2024-11-14 17:00:35.287057416,23.3,37.32,34.44,34,52,0,Autumn,Thursday,3.5,34,1268.88,476.68
P-0059,Grocery,2024-11-14 20:30:52.210442088,28.88,42.86,46.42,43,132,0,Autumn,Thursday,4.35,43,1842.98,601.14
P-0066,Sports,2024-11-15 00:01:09.133826768,80.07,127.23,121.37,14,251,0,Autumn,Friday,3.96,14,1781.22,660.24
P-0036,Home,2024-11-15 03:31:26.057211440,75.93,92.26,99.84,15,46,0,Autumn,Friday,3.86,15,1383.9,244.95
P-0029,Home,2024-11-15 07:01:42.980596120,91.08,158.73,155.01,18,74,0,Autumn,Friday,3.81,18,2857.14,1217.7
P-0056,Beauty,2024-11-15 10:31:59.903980800,36.6,54.22,57.86,43,225,1,Autumn,Friday,3.75,43,2331.46,757.66
P-0016,Sports,2024-11-15 14:02:16.827365472,64.5,83.51,82.68,24,24,0,Autumn,Friday,4.52,24,2004.24,456.24
P-0079,Grocery,2024-11-15 17:32:33.750750152,26.44,43.92,42.89,38,38,0,Autumn,Friday,4.14,38,1668.96,664.24
P-0024,Beauty,2024-11-15 21:02:50.674134824,52.82,76.36,74.25,26,233,0,Autumn,Friday,4.55,26,1985.36,612.04
P-0070,Home,2024-11-16 00:33:07.597519504,109.02,146.59,140.43,13,76,0,Autumn,Saturday,3.11,13,1905.67,488.41
P-0068,Grocery,2024-11-16 04:03:24.520904184,16.45,23.36,26.05,39,90,0,Autumn,Saturday,4.34,39,911.04,269.49
P-0077,Sports,2024-11-16 07:33:41.444288856,76.9,133.29,127.09,14,18,0,Autumn,Saturday,3.88,14,1866.06,789.46
P-0054,Home,2024-11-16 11:03:58.367673536,87.77,123.52,134.68,27,114,0,Autumn,Saturday,3.97,27,3335.04,965.25
P-0017,Grocery,2024-11-16 14:34:15.291058216,27.67,36.14,34.67,35,258,0,Autumn,Saturday,4.71,35,1264.9,296.45
P-0005,Home,2024-11-16 18:04:32.214442888,105.23,150.05,164.93,31,256,0,Autumn,Saturday,3.92,31,4651.55,1389.42
P-0004,Beauty,2024-11-16 21:34:49.137827568,60.65,75.65,76.03,24,172,0,Autumn,Saturday,4.32,24,1815.6,360.0
P-0014,Beauty,2024-11-17 01:05:06.061212240,68.56,117.35,120.63,24,180,0,Autumn,Sunday,3.64,24,2816.4,1170.96
P-0088,Grocery,2024-11-17 04:35:22.984596920,22.59,35.1,31.56,28,172,0,Autumn,Sunday,4.12,28,982.8,350.28
P-0011,Sports,2024-11-17 08:05:39.907981600,97.09,173.14,167.87,34,185,1,Autumn,Sunday,3.38,34,5886.76,2585.7
P-0046,Beauty,2024-11-17 11:35:56.831366272,45.81,51.88,57.57,42,142,1,Autumn,Sunday,4.07,42,2178.96,254.94
P-0049,Home,2024-11-17 15:06:13.754750952,78.57,107.35,102.41,42,65,1,Autumn,Sunday,4.27,42,4508.7,1208.76
P-0064,Home,2024-11-17 18:36:30.678135624,106.44,147.77,159.48,25,227,0,Autumn,Sunday,4.6,25,3694.25,1033.25
P-0013,Electronics,2024-11-17 22:06:47.601520304,159.44,252.18,265.82,13,230,0,Autumn,Sunday,3.73,13,3278.34,1205.62
P-0008,Home,2024-11-18 01:37:04.524904984,103.71,178.05,183.4,36,50,1,Autumn,Monday,3.86,36,6409.8,2676.24
P-0085,Electronics,2024-11-18 05:07:21.448289656,213.4,349.65,327.91,9,38,0,Autumn,Monday,3.81,9,3146.85,1226.25
P-0071,Home,2024-11-18 08:37:38.371674336,111.29,178.02,160.87,19,209,0,Autumn,Monday,3.99,19,3382.38,1267.87
P-0061,Electronics,2024-11-18 12:07:55.295059016,208.0,292.1,265.1,22,26,1,Autumn,Monday,3.67,22,6426.2,1850.2
P-0011,Home,2024-11-18 15:38:12.218443688,95.85,138.68,150.58,23,212,0,Autumn,Monday,3.13,23,3189.64,985.09
P-0071,Grocery,2024-11-18 19:08:29.141828368,25.96,33.88,37.88,38,255,0,Autumn,Monday,3.63,38,1287.44,300.96
P-0079,Home,2024-11-18 22:38:46.065213040,84.93,160.35,148.63,23,23,1,Autumn,Monday,4.08,23,3688.05,1734.66
P-0085,Beauty,2024-11-19 02:09:02.988597720,48.79,70.12,73.87,30,210,1,Autumn,Tuesday,4.03,30,2103.6,639.9
P-0007,Sports,2024-11-19 05:39:19.911982400,86.07,146.68,143.82,25,47,0,Autumn,Tuesday,4.35,25,3667.0,1515.25
P-0057,Beauty,2024-11-19 09:09:36.835367072,54.74,104.75,93.96,16,86,0,Autumn,Tuesday,4.48,16,1676.0,800.16
P-0009,Electronics,2024-11-19 12:39:53.758751752,196.31,236.73,256.0,10,149,0,Autumn,Tuesday,3.9,10,2367.3,404.2
P-0034,Home,2024-11-19 16:10:10.682136432,93.74,135.7,139.9,20,181,0,Autumn,Tuesday,3.39,20,2714.0,839.2
P-0035,Beauty,2024-11-19 19:40:27.605521104,69.03,130.83,120.22,31,37,0,Autumn,Tuesday,4.28,31,4055.73,1915.8
P-0014,Beauty,2024-11-19 23:10:44.528905784,51.1,78.53,75.8,24,41,0,Autumn,Tuesday,4.1,24,1884.72,658.32
P-0022,Electronics,2024-11-20 02:41:01.452290456,194.14,334.84,303.02,10,84,0,Autumn,Wednesday,3.98,10,3348.4,1407.0
P-0094,Beauty,2024-11-20 06:11:18.375675136,39.97,71.35,69.16,25,182,0,Autumn,Wednesday,4.65,25,1783.75,784.5
P-0099,Beauty,2024-11-20 09:41:35.299059816,54.63,71.73,75.28,40,113,1,Autumn,Wednesday,4.3,40,2869.2,684.0
P-0052,Home,2024-11-20 13:11:52.222444488,104.98,196.27,182.88,26,82,1,Autumn,Wednesday,4.16,26,5103.02,2373.54
P-0046,Beauty,2024-11-20 16:42:09.145829168,62.36,97.27,91.57,17,53,0,Autumn,Wednesday,4.17,17,1653.59,593.47
P-0098,Electronics,2024-11-20 20:12:26.069213840,213.64,371.77,336.73,13,252,0,Autumn,Wednesday,4.48,13,4833.01,2055.69
P-0047,Home,2024-11-20 23:42:42.992598520,109.53,155.77,156.67,24,187,0,Autumn,Wednesday,3.79,24,3738.48,1109.76
P-0044,Grocery,2024-11-21 03:12:59.915983200,26.81,41.32,41.29,45,256,0,Autumn,Thursday,3.7,45,1859.4,652.95
P-0005,Home,2024-11-21 06:43:16.839367872,111.92,136.89,142.93,16,136,0,Autumn,Thursday,3.99,16,2190.24,399.52
P-0015,Beauty,2024-11-21 10:13:33.762752552,63.66,77.32,81.86,30,215,0,Autumn,Thursday,3.57,30,2319.6,409.8
P-0050,Home,2024-11-21 13:43:50.686137232,118.86,196.63,175.69,15,171,0,Autumn,Thursday,4.08,15,2949.45,1166.55
P-0032,Home,2024-11-21 17:14:07.609521904,92.42,147.73,132.55,19,143,0,Autumn,Thursday,4.14,19,2806.87,1050.89
P-0007,Sports,2024-11-21 20:44:24.532906584,63.01,100.81,100.1,45,131,1,Autumn,Thursday,4.07,45,4536.45,1701.0
P-0074,Home,2024-11-22 00:14:41.456291256,105.09,148.14,133.55,22,137,1,Autumn,Friday,3.94,22,3259.08,947.1
P-0063,Home,2024-11-22 03:44:58.379675936,106.86,138.48,143.43,31,116,1,Autumn,Friday,4.84,31,4292.88,980.22
P-0007,Sports,2024-11-22 07:15:15.303060616,100.1,148.14,136.66,44,171,1,Autumn,Friday,4.52,44,6518.16,2113.76
P-0099,Grocery,2024-11-22 10:45:32.226445288,28.92,44.56,43.16,30,135,0,Autumn,Friday,4.06,30,1336.8,469.2
P-0026,Grocery,2024-11-22 14:15:49.149829968,31.47,45.88,43.61,56,252,1,Autumn,Friday,4.14,56,2569.28,806.96
P-0033,Electronics,2024-11-22 17:46:06.073214640,230.83,322.04,306.01,31,235,1,Autumn,Friday,4.72,31,9983.24,2827.51
P-0018,Electronics,2024-11-22 21:16:22.996599320,217.69,354.86,343.66,14,128,0,Autumn,Friday,3.84,14,4968.04,1920.38
P-0081,Grocery,2024-11-23 00:46:39.919984000,18.68,33.61,30.99,34,112,0,Autumn,Saturday,3.67,34,1142.74,507.62
P-0096,Electronics,2024-11-23 04:16:56.843368672,220.35,349.2,358.49,25,200,0,Autumn,Saturday,4.2,25,8730.0,3221.25
P-0097,Home,2024-11-23 07:47:13.766753352,86.6,131.57,121.4,20,172,0,Autumn,Saturday,4.29,20,2631.4,899.4
P-0010,Grocery,2024-11-23 11:17:30.690138032,24.81,39.43,42.67,46,71,0,Autumn,Saturday,4.32,46,1813.78,672.52
P-0097,Home,2024-11-23 14:47:47.613522704,95.83,141.08,152.03,26,219,0,Autumn,Saturday,4.47,26,3668.08,1176.5
P-0006,Electronics,2024-11-23 18:18:04.536907384,225.85,377.37,358.66,17,182,1,Autumn,Saturday,3.77,17,6415.29,2575.84
P-0075,Electronics,2024-11-23 21:48:21.460292056,206.73,299.58,282.61,29,167,1,Autumn,Saturday,3.47,29,8687.82,2692.65
P-0066,Beauty,2024-11-24 01:18:38.383676736,63.23,95.9,87.46,19,206,0,Autumn,Sunday,3.84,19,1822.1,620.73
P-0087,Beauty,2024-11-24 04:48:55.307061416,31.04,44.36,46.9,24,70,0,Autumn,Sunday,4.36,24,1064.64,319.68
P-0054,Sports,2024-11-24 08:19:12.230446088,82.43,101.69,113.82,35,210,0,Autumn,Sunday,3.69,35,3559.15,674.1
P-0036,Electronics,2024-11-24 11:49:29.153830768,250.4,408.49,407.76,18,44,0,Autumn,Sunday,3.23,18,7352.82,2845.62
P-0067,Electronics,2024-11-24 15:19:46.077215440,272.83,422.23,387.34,26,209,1,Autumn,Sunday,4.16,26,10977.98,3884.4
P-0059,Beauty,2024-11-24 18:50:03.000600120,61.44,91.2,81.93,37,159,1,Autumn,Sunday,3.84,37,3374.4,1101.12
P-0019,Home,2024-11-24 22:20:19.923984800,120.61,174.63,160.82,22,157,0,Autumn,Sunday,3.32,22,3841.86,1188.44
P-0067,Beauty,2024-11-25 01:50:36.847369472,56.49,74.39,74.57,20,193,0,Autumn,Monday,4.13,20,1487.8,358.0
P-0069,Sports,2024-11-25 05:20:53.770754152,80.04,129.82,119.41,27,91,1,Autumn,Monday,3.93,27,3505.14,1344.06
P-0022,Beauty,2024-11-25 08:51:10.694138832,59.66,69.54,74.67,50,203,1,Autumn,Monday,4.85,50,3477.0,494.0
P-0064,Home,2024-11-25 12:21:27.617523504,94.95,161.87,147.01,21,21,0,Autumn,Monday,4.14,21,3399.27,1405.32
P-0032,Sports,2024-11-25 15:51:44.540908184,69.99,100.56,98.97,31,184,1,Autumn,Monday,4.36,31,3117.36,947.67
P-0053,Electronics,2024-11-25 19:22:01.464292856,192.69,291.46,299.41,23,209,0,Autumn,Monday,4.09,23,6703.58,2271.71
P-0037,Sports,2024-11-25 22:52:18.387677536,65.76,118.3,116.03,15,15,0,Autumn,Monday,3.83,15,1774.5,788.1
P-0067,Beauty,2024-11-26 02:22:35.311062216,59.65,110.1,103.07,24,185,0,Autumn,Tuesday,3.88,24,2642.4,1210.8
P-0007,Beauty,2024-11-26 05:52:52.234446888,55.1,80.95,86.34,40,204,1,Autumn,Tuesday,4.59,40,3238.0,1034.0
P-0020,Sports,2024-11-26 09:23:09.157831568,75.39,100.91,111.57,46,142,1,Autumn,Tuesday,4.44,46,4641.86,1173.92
P-0046,Beauty,2024-11-26 12:53:26.081216248,50.01,86.29,81.72,11,163,0,Autumn,Tuesday,3.43,11,949.19,399.08
P-0068,Home,2024-11-26 16:23:43.004600920,102.68,200.08,180.48,14,29,0,Autumn,Tuesday,3.54,14,2801.12,1363.6
P-0079,Home,2024-11-26 19:53:59.927985600,106.86,167.69,162.35,19,257,0,Autumn,Tuesday,3.56,19,3186.11,1155.77
P-0019,Grocery,2024-11-26 23:24:16.851370272,19.66,23.45,25.65,56,251,1,Autumn,Tuesday,4.58,56,1313.2,212.24
P-0065,Beauty,2024-11-27 02:54:33.774754952,43.67,75.5,72.99,16,202,0,Autumn,Wednesday,3.32,16,1208.0,509.28
P-0099,Electronics,2024-11-27 06:24:50.698139632,242.07,276.01,303.98,18,18,0,Autumn,Wednesday,4.45,18,4968.18,610.92
P-0063,Grocery,2024-11-27 09:55:07.621524304,18.72,29.8,31.27,48,120,1,Autumn,Wednesday,4.28,48,1430.4,531.84
P-0006,Grocery,2024-11-27 13:25:24.544908984,26.1,30.04,33.84,44,215,0,Autumn,Wednesday,4.17,44,1321.76,173.36
P-0061,Home,2024-11-27 16:55:41.468293656,119.58,156.02,156.49,30,180,1,Autumn,Wednesday,3.89,30,4680.6,1093.2
P-0038,Electronics,2024-11-27 20:25:58.391678336,264.41,425.15,444.19,35,236,1,Autumn,Wednesday,4.63,35,14880.25,5625.9
P-0003,Beauty,2024-11-27 23:56:15.315063016,61.49,90.5,100.18,31,165,0,Autumn,Wednesday,4.15,31,2805.5,899.31
P-0042,Electronics,2024-11-28 03:26:32.238447688,233.82,347.83,364.54,19,189,1,Autumn,Thursday,3.45,19,6608.77,2166.19
P-0001,Electronics,2024-11-28 06:56:49.161832368,285.66,503.21,486.0,11,97,0,Autumn,Thursday,3.55,11,5535.31,2393.05
P-0012,Home,2024-11-28 10:27:06.085217048,59.52,97.09,102.27,34,214,1,Autumn,Thursday,3.36,34,3301.06,1277.38
P-0017,Electronics,2024-11-28 13:57:23.008601720,194.4,266.91,291.92,22,145,0,Autumn,Thursday,4.64,22,5872.02,1595.22
P-0023,Home,2024-11-28 17:27:39.931986400,107.9,196.09,194.0,31,211,1,Autumn,Thursday,4.74,31,6078.79,2733.89
P-0092,Grocery,2024-11-28 20:57:56.855371072,22.7,34.84,32.84,43,65,0,Autumn,Thursday,4.59,43,1498.12,522.02
P-0025,Home,2024-11-29 00:28:13.778755752,113.84,165.17,153.04,25,80,0,Autumn,Friday,4.04,25,4129.25,1283.25
P-0086,Sports,2024-11-29 03:58:30.702140432,79.5,135.46,136.37,28,36,1,Autumn,Friday,3.46,28,3792.88,1566.88
P-0017,Sports,2024-11-29 07:28:47.625525104,81.69,126.9,120.78,22,180,0,Autumn,Friday,3.63,22,2791.8,994.62
P-0058,Beauty,2024-11-29 10:59:04.548909784,52.58,98.29,91.01,19,194,0,Autumn,Friday,3.66,19,1867.51,868.49
P-0034,Sports,2024-11-29 14:29:21.472294456,73.31,98.0,94.1,34,84,1,Autumn,Friday,4.08,34,3332.0,839.46
P-0039,Sports,2024-11-29 17:59:38.395679136,73.0,96.34,95.71,26,109,0,Autumn,Friday,4.72,26,2504.84,606.84
P-0053,Home,2024-11-29 21:29:55.319063816,99.12,112.78,126.1,22,154,0,Autumn,Friday,4.72,22,2481.16,300.52
P-0097,Grocery,2024-11-30 01:00:12.242448488,21.03,31.57,33.25,50,200,1,Autumn,Saturday,3.88,50,1578.5,527.0
P-0070,Electronics,2024-11-30 04:30:29.165833168,242.03,395.4,413.27,14,89,0,Autumn,Saturday,3.09,14,5535.6,2147.18
P-0007,Grocery,2024-11-30 08:00:46.089217848,26.51,38.03,39.01,33,134,0,Autumn,Saturday,3.57,33,1254.99,380.16
P-0094,Beauty,2024-11-30 11:31:03.012602520,64.67,93.16,84.06,30,60,0,Autumn,Saturday,4.63,30,2794.8,854.7
P-0010,Electronics,2024-11-30 15:01:19.935987200,172.07,232.93,250.43,24,213,0,Autumn,Saturday,4.2,24,5590.32,1460.64
P-0048,Home,2024-11-30 18:31:36.859371872,69.17,100.69,99.7,23,228,0,Autumn,Saturday,3.94,23,2315.87,724.96
P-0063,Sports,2024-11-30 22:01:53.782756552,79.95,143.35,128.23,30,196,0,Autumn,Saturday,3.91,30,4300.5,1902.0
P-0055,Home,2024-12-01 01:32:10.706141232,139.06,230.08,223.7,20,214,0,Autumn,Sunday,3.76,20,4601.6,1820.4
P-0055,Electronics,2024-12-01 05:02:27.629525904,252.54,306.93,329.98,16,202,0,Autumn,Sunday,3.56,16,4910.88,870.24
P-0071,Electronics,2024-12-01 08:32:44.552910584,191.37,314.74,283.44,21,219,0,Autumn,Sunday,5.0,21,6609.54,2590.77
P-0099,Beauty,2024-12-01 12:03:01.476295256,58.74,90.48,94.18,33,120,1,Autumn,Sunday,4.87,33,2985.84,1047.42
P-0022,Grocery,2024-12-01 15:33:18.399679936,26.79,33.25,37.3,37,65,0,Autumn,Sunday,3.73,37,1230.25,239.02
P-0081,Grocery,2024-12-01 19:03:35.323064616,18.75,27.18,27.64,32,250,0,Autumn,Sunday,3.31,32,869.76,269.76
P-0001,Home,2024-12-01 22:33:52.246449288,115.82,172.43,183.87,15,15,1,Autumn,Sunday,4.18,15,2586.45,849.15
P-0094,Electronics,2024-12-02 02:04:09.169833968,204.37,323.77,300.75,14,114,0,Autumn,Monday,4.03,14,4532.78,1671.6
P-0040,Electronics,2024-12-02 05:34:26.093218648,206.95,244.58,262.2,26,192,1,Autumn,Monday,4.38,26,6359.08,978.38
P-0073,Beauty,2024-12-02 09:04:43.016603320,55.21,81.59,75.77,38,209,1,Autumn,Monday,4.48,38,3100.42,1002.44
P-0026,Grocery,2024-12-02 12:34:59.939988000,28.4,42.32,47.62,40,182,0,Autumn,Monday,3.57,40,1692.8,556.8
P-0093,Grocery,2024-12-02 16:05:16.863372672,21.1,32.27,29.26,38,134,0,Autumn,Monday,4.68,38,1226.26,424.46
P-0053,Home,2024-12-02 19:35:33.786757352,69.05,104.47,117.37,22,240,0,Autumn,Monday,3.94,22,2298.34,779.24
P-0069,Beauty,2024-12-02 23:05:50.710142032,57.84,96.32,87.15,26,72,0,Autumn,Monday,4.37,26,2504.32,1000.48
P-0023,Home,2024-12-03 02:36:07.633526704,63.94,86.68,96.56,23,49,0,Autumn,Tuesday,3.98,23,1993.64,523.02
P-0053,Beauty,2024-12-03 06:06:24.556911384,52.35,95.45,87.62,29,169,0,Autumn,Tuesday,4.52,29,2768.05,1249.9
P-0077,Beauty,2024-12-03 09:36:41.480296056,65.44,103.2,95.6,17,93,0,Autumn,Tuesday,3.04,17,1754.4,641.92
P-0059,Grocery,2024-12-03 13:06:58.403680736,26.22,37.03,36.21,41,129,1,Autumn,Tuesday,4.43,41,1518.23,443.21
P-0018,Beauty,2024-12-03 16:37:15.327065416,64.17,74.57,83.92,25,126,0,Autumn,Tuesday,3.73,25,1864.25,260.0
P-0091,Sports,2024-12-03 20:07:32.250450088,87.94,146.56,142.42,29,79,0,Autumn,Tuesday,4.13,29,4250.24,1699.98
P-0025,Home,2024-12-03 23:37:49.173834768,131.64,204.19,198.57,22,259,0,Autumn,Tuesday,4.66,22,4492.18,1596.1
P-0011,Electronics,2024-12-04 03:08:06.097219448,190.24,326.92,322.49,17,108,0,Autumn,Wednesday,3.74,17,5557.64,2323.56
P-0064,Home,2024-12-04 06:38:23.020604120,101.05,156.54,151.75,41,179,1,Autumn,Wednesday,3.67,41,6418.14,2275.09
P-0057,Beauty,2024-12-04 10:08:39.943988800,51.14,84.08,75.59,19,54,0,Autumn,Wednesday,3.93,19,1597.52,625.86
P-0047,Beauty,2024-12-04 13:38:56.867373472,63.42,100.37,89.7,24,257,0,Autumn,Wednesday,3.9,24,2408.88,886.8
P-0040,Beauty,2024-12-04 17:09:13.790758152,54.46,74.41,74.05,18,256,0,Autumn,Wednesday,3.63,18,1339.38,359.1
P-0002,Grocery,2024-12-04 20:39:30.714142832,30.6,47.11,52.23,27,31,0,Autumn,Wednesday,4.15,27,1271.97,445.77
P-0067,Home,2024-12-05 00:09:47.637527504,86.93,103.26,113.21,37,172,1,Autumn,Thursday,4.17,37,3820.62,604.21
P-0022,Grocery,2024-12-05 03:40:04.560912184,29.4,54.06,51.34,38,160,0,Autumn,Thursday,4.31,38,2054.28,937.08
P-0061,Grocery,2024-12-05 07:10:21.484296864,26.28,37.08,33.24,36,57,0,Autumn,Thursday,3.73,36,1334.88,388.8
P-0090,Home,2024-12-05 10:40:38.407681536,94.51,143.05,145.28,23,203,0,Autumn,Thursday,3.68,23,3290.15,1116.42
P-0040,Home,2024-12-05 14:10:55.331066216,103.25,119.6,132.37,23,202,0,Autumn,Thursday,4.05,23,2750.8,376.05
P-0057,Electronics,2024-12-05 17:41:12.254450888,218.78,354.33,367.28,12,221,0,Autumn,Thursday,3.99,12,4251.96,1626.6
P-0069,Home,2024-12-05 21:11:29.177835568,100.41,133.4,137.19,16,162,0,Autumn,Thursday,4.0,16,2134.4,527.84
P-0059,Grocery,2024-12-06 00:41:46.101220248,23.21,40.56,36.24,35,188,0,Autumn,Friday,3.78,35,1419.6,607.25
P-0054,Sports,2024-12-06 04:12:03.024604920,71.02,130.15,124.57,24,192,0,Autumn,Friday,4.25,24,3123.6,1419.12
P-0046,Beauty,2024-12-06 07:42:19.947989600,52.05,75.98,83.65,31,203,0,Autumn,Friday,3.68,31,2355.38,741.83
P-0019,Home,2024-12-06 11:12:36.871374272,69.42,89.92,93.58,31,158,1,Autumn,Friday,4.05,31,2787.52,635.5
P-0068,Grocery,2024-12-06 14:42:53.794758952,27.23,40.99,45.97,41,197,0,Autumn,Friday,3.96,41,1680.59,564.16
P-0064,Grocery,2024-12-06 18:13:10.718143632,19.26,29.81,28.75,29,29,1,Autumn,Friday,4.08,29,864.49,305.95
P-0042,Home,2024-12-06 21:43:27.641528304,91.69,120.06,115.28,28,166,0,Autumn,Friday,4.63,28,3361.68,794.36
P-0003,Grocery,2024-12-07 01:13:44.564912984,26.49,35.93,40.2,42,64,0,Autumn,Saturday,3.51,42,1509.06,396.48
P-0002,Electronics,2024-12-07 04:44:01.488297664,238.2,388.23,404.19,7,114,0,Autumn,Saturday,3.02,7,2717.61,1050.21
P-0083,Electronics,2024-12-07 08:14:18.411682336,150.37,245.13,223.52,18,203,0,Autumn,Saturday,3.83,18,4412.34,1705.68
P-0012,Electronics,2024-12-07 11:44:35.335067016,206.91,372.01,344.95,19,42,1,Autumn,Saturday,3.58,19,7068.19,3136.9
P-0091,Electronics,2024-12-07 15:14:52.258451688,225.45,375.88,369.3,11,199,0,Autumn,Saturday,2.74,11,4134.68,1654.73
P-0006,Sports,2024-12-07 18:45:09.181836368,80.67,120.66,121.11,25,78,0,Autumn,Saturday,4.89,25,3016.5,999.75
P-0008,Home,2024-12-07 22:15:26.105221048,115.43,184.3,164.81,16,199,0,Autumn,Saturday,4.35,16,2948.8,1101.92
P-0022,Home,2024-12-08 01:45:43.028605720,82.51,143.37,136.11,30,202,1,Autumn,Sunday,4.4,30,4301.1,1825.8
P-0026,Home,2024-12-08 05:15:59.951990400,63.85,102.85,92.77,18,18,1,Autumn,Sunday,3.97,18,1851.3,702.0
P-0032,Home,2024-12-08 08:46:16.875375072,107.32,129.36,144.19,35,72,0,Autumn,Sunday,4.29,35,4527.6,771.4
P-0013,Home,2024-12-08 12:16:33.798759752,86.84,115.32,123.88,40,212,1,Autumn,Sunday,3.91,40,4612.8,1139.2
P-0012,Electronics,2024-12-08 15:46:50.722144432,150.91,232.0,261.42,25,98,0,Autumn,Sunday,4.47,25,5800.0,2027.25
P-0078,Grocery,2024-12-08 19:17:07.645529104,23.39,35.78,32.88,36,122,0,Autumn,Sunday,4.19,36,1288.08,446.04
P-0093,Electronics,2024-12-08 22:47:24.568913784,251.35,362.83,346.67,11,18,0,Autumn,Sunday,4.08,11,3991.13,1226.28
P-0008,Grocery,2024-12-09 02:17:41.492298464,19.15,23.38,25.34,40,184,0,Autumn,Monday,4.12,40,935.2,169.2
P-0062,Electronics,2024-12-09 05:47:58.415683136,288.49,411.41,369.37,9,37,0,Autumn,Monday,4.76,9,3702.69,1106.28
P-0055,Grocery,2024-12-09 09:18:15.339067816,20.78,41.2,37.14,33,81,0,Autumn,Monday,4.18,33,1359.6,673.86
P-0069,Grocery,2024-12-09 12:48:32.262452488,24.33,35.11,37.6,49,131,1,Autumn,Monday,3.64,49,1720.39,528.22
P-0039,Electronics,2024-12-09 16:18:49.185837168,169.04,288.99,279.14,17,203,0,Autumn,Monday,4.25,17,4912.83,2039.15
P-0023,Electronics,2024-12-09 19:49:06.109221848,211.4,368.41,354.12,15,137,0,Autumn,Monday,4.32,15,5526.15,2355.15
P-0076,Sports,2024-12-09 23:19:23.032606520,78.29,99.58,113.03,41,255,0,Autumn,Monday,4.03,41,4082.78,872.89
P-0065,Beauty,2024-12-10 02:49:39.955991200,41.89,73.98,70.77,21,142,0,Autumn,Tuesday,4.08,21,1553.58,673.89
P-0064,Grocery,2024-12-10 06:19:56.879375872,34.85,57.84,61.99,41,77,0,Autumn,Tuesday,3.62,41,2371.44,942.59
P-0015,Electronics,2024-12-10 09:50:13.802760552,193.36,351.46,320.58,9,61,0,Autumn,Tuesday,4.14,9,3163.14,1422.9
P-0055,Home,2024-12-10 13:20:30.726145232,87.48,155.26,143.59,21,207,0,Autumn,Tuesday,3.55,21,3260.46,1423.38
P-0093,Beauty,2024-12-10 16:50:47.649529904,63.53,103.71,94.52,26,127,0,Autumn,Tuesday,3.99,26,2696.46,1044.68
P-0051,Sports,2024-12-10 20:21:04.572914584,103.22,187.72,176.79,22,163,0,Autumn,Tuesday,3.8,22,4129.84,1859.0
P-0090,Home,2024-12-10 23:51:21.496299264,112.12,133.92,145.63,20,105,0,Autumn,Tuesday,4.54,20,2678.4,436.0
P-0078,Grocery,2024-12-11 03:21:38.419683936,19.39,31.15,32.23,33,81,0,Autumn,Wednesday,4.8,33,1027.95,388.08
P-0039,Grocery,2024-12-11 06:51:55.343068616,24.82,37.77,35.97,32,161,0,Autumn,Wednesday,3.59,32,1208.64,414.4
P-0048,Electronics,2024-12-11 10:22:12.266453288,146.79,219.46,229.18,18,87,0,Autumn,Wednesday,4.1,18,3950.28,1308.06
P-0031,Home,2024-12-11 13:52:29.189837968,108.71,198.82,189.28,22,259,0,Autumn,Wednesday,3.96,22,4374.04,1982.42
P-0042,Home,2024-12-11 17:22:46.113222648,70.15,106.66,111.03,15,194,0,Autumn,Wednesday,4.31,15,1599.9,547.65
P-0019,Beauty,2024-12-11 20:53:03.036607320,47.93,55.9,60.59,41,215,1,Autumn,Wednesday,4.14,41,2291.9,326.77
P-0003,Grocery,2024-12-12 00:23:19.959992000,23.99,39.69,39.52,40,84,0,Autumn,Thursday,3.93,40,1587.6,628.0
P-0074,Home,2024-12-12 03:53:36.883376680,101.76,187.21,179.2,16,22,0,Autumn,Thursday,4.14,16,2995.36,1367.2
P-0027,Home,2024-12-12 07:23:53.806761352,91.03,146.53,145.93,23,26,0,Autumn,Thursday,4.0,23,3370.19,1276.5
P-0090,Grocery,2024-12-12 10:54:10.730146032,29.83,53.17,51.42,49,225,0,Autumn,Thursday,4.82,49,2605.33,1143.66
P-0037,Beauty,2024-12-12 14:24:27.653530704,61.36,103.0,104.55,38,229,1,Autumn,Thursday,3.74,38,3914.0,1582.32
P-0065,Beauty,2024-12-12 17:54:44.576915384,60.67,111.57,104.58,17,181,0,Autumn,Thursday,4.22,17,1896.69,865.3
P-0058,Beauty,2024-12-12 21:25:01.500300064,44.18,65.88,63.59,26,159,0,Autumn,Thursday,4.33,26,1712.88,564.2
P-0026,Home,2024-12-13 00:55:18.423684736,120.83,185.82,182.55,23,66,0,Autumn,Friday,4.3,23,4273.86,1494.77
P-0068,Grocery,2024-12-13 04:25:35.347069416,20.92,35.35,35.91,57,200,1,Autumn,Friday,3.97,57,2014.95,822.51
P-0045,Home,2024-12-13 07:55:52.270454088,121.41,214.37,212.55,45,141,1,Autumn,Friday,4.72,45,9646.65,4183.2
P-0097,Home,2024-12-13 11:26:09.193838768,125.74,149.3,167.33,18,162,0,Autumn,Friday,3.16,18,2687.4,424.08
P-0039,Electronics,2024-12-13 14:56:26.117223448,227.23,318.99,306.72,16,20,0,Autumn,Friday,3.61,16,5103.84,1468.16
P-0028,Beauty,2024-12-13 18:26:43.040608120,64.08,85.77,92.32,36,141,0,Autumn,Friday,4.4,36,3087.72,780.84
P-0003,Beauty,2024-12-13 21:56:59.963992800,27.87,50.68,46.65,21,184,0,Autumn,Friday,3.7,21,1064.28,479.01
P-0055,Home,2024-12-14 01:27:16.887377480,92.04,171.28,159.34,13,203,0,Autumn,Saturday,3.68,13,2226.64,1030.12
P-0051,Sports,2024-12-14 04:57:33.810762152,94.11,148.66,147.67,29,50,0,Autumn,Saturday,3.89,29,4311.14,1581.95
P-0076,Grocery,2024-12-14 08:27:50.734146832,27.55,39.16,36.15,22,22,0,Autumn,Saturday,3.75,22,861.52,255.42
P-0018,Electronics,2024-12-14 11:58:07.657531504,169.02,249.33,239.51,22,224,0,Autumn,Saturday,4.39,22,5485.26,1766.82
P-0032,Grocery,2024-12-14 15:28:24.580916184,22.87,35.98,39.37,37,91,0,Autumn,Saturday,4.51,37,1331.26,485.07
P-0024,Home,2024-12-14 18:58:41.504300864,56.45,86.05,81.35,27,130,0,Autumn,Saturday,4.14,27,2323.35,799.2
P-0055,Sports,2024-12-14 22:28:58.427685536,85.29,124.7,111.44,26,168,0,Autumn,Saturday,4.57,26,3242.2,1024.66
P-0028,Home,2024-12-15 01:59:15.351070216,66.37,83.64,93.99,24,135,0,Autumn,Sunday,3.48,24,2007.36,414.48
P-0042,Home,2024-12-15 05:29:32.274454888,112.18,178.37,190.0,35,246,1,Autumn,Sunday,4.13,35,6242.95,2316.65
P-0093,Beauty,2024-12-15 08:59:49.197839568,65.41,101.85,99.52,26,221,0,Autumn,Sunday,4.71,26,2648.1,947.44
P-0040,Home,2024-12-15 12:30:06.121224248,87.79,115.62,118.02,40,111,1,Autumn,Sunday,4.54,40,4624.8,1113.2
P-0098,Grocery,2024-12-15 16:00:23.044608920,26.0,38.19,36.97,48,61,0,Autumn,Sunday,4.75,48,1833.12,585.12
P-0007,Beauty,2024-12-15 19:30:39.967993600,53.09,96.16,94.21,37,253,1,Autumn,Sunday,3.83,37,3557.92,1593.59
P-0046,Home,2024-12-15 23:00:56.891378280,98.68,156.94,146.79,25,188,0,Autumn,Sunday,4.51,25,3923.5,1456.5
P-0003,Beauty,2024-12-16 02:31:13.814762952,44.9,60.13,67.03,32,200,0,Autumn,Monday,3.91,32,1924.16,487.36
P-0056,Sports,2024-12-16 06:01:30.738147632,87.97,115.7,117.37,41,128,1,Autumn,Monday,4.37,41,4743.7,1136.93
P-0030,Grocery,2024-12-16 09:31:47.661532304,17.7,27.26,25.09,31,133,0,Autumn,Monday,4.69,31,845.06,296.36
P-0019,Beauty,2024-12-16 13:02:04.584916984,38.9,63.88,66.06,33,59,1,Autumn,Monday,3.74,33,2108.04,824.34
P-0092,Home,2024-12-16 16:32:21.508301664,93.15,156.86,156.72,16,120,0,Autumn,Monday,3.26,16,2509.76,1019.36
P-0066,Electronics,2024-12-16 20:02:38.431686336,202.9,267.52,302.22,16,147,0,Autumn,Monday,4.93,16,4280.32,1033.92
P-0020,Sports,2024-12-16 23:32:55.355071016,83.49,135.77,145.4,22,46,0,Autumn,Monday,4.32,22,2986.94,1150.16
P-0071,Grocery,2024-12-17 03:03:12.278455688,21.51,31.12,31.39,39,170,0,Autumn,Tuesday,4.05,39,1213.68,374.79
P-0007,Beauty,2024-12-17 06:33:29.201840368,71.59,120.52,123.52,24,165,0,Autumn,Tuesday,4.03,24,2892.48,1174.32
P-0052,Sports,2024-12-17 10:03:46.125225048,82.06,109.36,104.0,25,221,1,Autumn,Tuesday,3.16,25,2734.0,682.5
P-0063,Electronics,2024-12-17 13:34:03.048609720,217.82,322.3,313.87,20,27,1,Autumn,Tuesday,4.19,20,6446.0,2089.6
P-0014,Grocery,2024-12-17 17:04:19.971994400,24.76,46.48,42.59,29,70,0,Autumn,Tuesday,3.86,29,1347.92,629.88
P-0096,Electronics,2024-12-17 20:34:36.895379080,243.7,461.65,425.43,11,120,0,Autumn,Tuesday,4.12,11,5078.15,2397.45
P-0009,Electronics,2024-12-18 00:04:53.818763752,229.35,358.37,382.1,16,230,0,Autumn,Wednesday,4.11,16,5733.92,2064.32
P-0006,Beauty,2024-12-18 03:35:10.742148432,58.89,84.28,95.31,20,73,0,Autumn,Wednesday,2.58,20,1685.6,507.8
P-0050,Home,2024-12-18 07:05:27.665533104,106.19,195.71,180.37,22,253,1,Autumn,Wednesday,4.32,22,4305.62,1969.44
P-0075,Sports,2024-12-18 10:35:44.588917784,56.64,89.03,92.84,30,249,0,Autumn,Wednesday,4.19,30,2670.9,971.7
P-0055,Home,2024-12-18 14:06:01.512302464,67.84,90.83,94.29,26,38,0,Autumn,Wednesday,4.25,26,2361.58,597.74
P-0011,Grocery,2024-12-18 17:36:18.435687136,23.71,32.79,35.72,50,103,1,Autumn,Wednesday,4.02,50,1639.5,454.0
P-0009,Grocery,2024-12-18 21:06:35.359071816,23.24,39.24,37.5,40,78,0,Autumn,Wednesday,4.12,40,1569.6,640.0
P-0014,Grocery,2024-12-19 00:36:52.282456496,26.23,39.09,41.27,49,134,1,Autumn,Thursday,4.18,49,1915.41,630.14
P-0099,Sports,2024-12-19 04:07:09.205841168,80.26,128.59,139.4,32,241,0,Autumn,Thursday,4.22,32,4114.88,1546.56
P-0094,Home,2024-12-19 07:37:26.129225848,103.84,156.99,156.86,21,106,0,Autumn,Thursday,4.31,21,3296.79,1116.15
P-0009,Home,2024-12-19 11:07:43.052610520,76.07,108.69,102.53,23,177,0,Autumn,Thursday,4.23,23,2499.87,750.26
P-0071,Electronics,2024-12-19 14:37:59.975995200,209.64,270.93,286.79,25,48,0,Autumn,Thursday,4.93,25,6773.25,1532.25
P-0082,Home,2024-12-19 18:08:16.899379880,74.62,134.82,128.0,10,154,0,Autumn,Thursday,3.77,10,1348.2,602.0
P-0056,Sports,2024-12-19 21:38:33.822764552,84.95,105.62,106.59,26,101,0,Autumn,Thursday,3.93,26,2746.12,537.42
P-0016,Beauty,2024-12-20 01:08:50.746149232,38.47,64.94,66.48,27,239,0,Autumn,Friday,4.86,27,1753.38,714.69
P-0017,Home,2024-12-20 04:39:07.669533904,100.29,124.1,128.43,18,205,0,Autumn,Friday,4.03,18,2233.8,428.58
P-0070,Electronics,2024-12-20 08:09:24.592918584,160.64,215.38,235.4,21,67,0,Autumn,Friday,4.52,21,4522.98,1149.54
P-0056,Beauty,2024-12-20 11:39:41.516303264,51.62,83.74,87.24,32,167,0,Autumn,Friday,4.16,32,2679.68,1027.84
P-0018,Grocery,2024-12-20 15:09:58.439687936,27.44,44.13,40.45,39,98,1,Autumn,Friday,4.0,39,1721.07,650.91
P-0007,Home,2024-12-20 18:40:15.363072616,98.46,151.61,167.61,24,122,0,Autumn,Friday,4.54,24,3638.64,1275.6
P-0044,Grocery,2024-12-20 22:10:32.286457296,17.68,25.62,23.08,36,128,0,Autumn,Friday,4.33,36,922.32,285.84
P-0040,Grocery,2024-12-21 01:40:49.209841968,21.42,29.71,32.8,31,216,0,Autumn,Saturday,3.41,31,921.01,256.99
P-0099,Grocery,2024-12-21 05:11:06.133226648,18.23,27.68,28.63,41,86,0,Autumn,Saturday,4.18,41,1134.88,387.45
P-0071,Home,2024-12-21 08:41:23.056611320,69.24,123.55,120.48,16,16,1,Autumn,Saturday,3.65,16,1976.8,868.96
P-0043,Grocery,2024-12-21 12:11:39.979996000,24.45,34.4,31.82,44,62,0,Autumn,Saturday,4.67,44,1513.6,437.8
P-0057,Electronics,2024-12-21 15:41:56.903380680,228.83,300.54,328.65,26,217,0,Autumn,Saturday,4.89,26,7814.04,1864.46
P-0052,Home,2024-12-21 19:12:13.826765352,101.7,149.88,164.01,34,87,0,Autumn,Saturday,4.94,34,5095.92,1638.12
P-0068,Grocery,2024-12-21 22:42:30.750150032,26.31,48.52,47.07,29,29,0,Autumn,Saturday,4.26,29,1407.08,644.09
P-0059,Grocery,2024-12-22 02:12:47.673534704,23.95,39.07,41.11,46,113,0,Autumn,Sunday,3.89,46,1797.22,695.52
P-0012,Electronics,2024-12-22 05:43:04.596919384,200.81,356.45,344.5,22,228,0,Autumn,Sunday,4.24,22,7841.9,3424.08
P-0053,Sports,2024-12-22 09:13:21.520304064,66.26,109.49,101.67,16,228,0,Autumn,Sunday,3.68,16,1751.84,691.68
P-0076,Electronics,2024-12-22 12:43:38.443688736,195.21,273.67,304.6,35,247,0,Autumn,Sunday,5.0,35,9578.45,2746.1
P-0091,Beauty,2024-12-22 16:13:55.367073416,43.37,80.87,74.69,32,182,0,Autumn,Sunday,4.64,32,2587.84,1200.0
P-0096,Sports,2024-12-22 19:44:12.290458096,69.18,106.29,119.56,28,215,0,Autumn,Sunday,4.24,28,2976.12,1039.08
P-0067,Beauty,2024-12-22 23:14:29.213842768,55.78,103.37,94.34,26,204,0,Autumn,Sunday,4.55,26,2687.62,1237.34
P-0091,Grocery,2024-12-23 02:44:46.137227448,23.55,44.61,40.04,19,19,0,Autumn,Monday,3.88,19,847.59,400.14
P-0002,Beauty,2024-12-23 06:15:03.060612120,81.97,147.83,142.12,25,117,0,Autumn,Monday,3.6,25,3695.75,1646.5
P-0009,Grocery,2024-12-23 09:45:19.983996800,18.83,27.59,24.72,34,143,0,Autumn,Monday,3.1,34,938.06,297.84
P-0020,Grocery,2024-12-23 13:15:36.907381480,23.52,35.75,33.19,33,128,0,Autumn,Monday,4.14,33,1179.75,403.59
P-0010,Grocery,2024-12-23 16:45:53.830766152,18.53,29.49,33.11,43,218,0,Autumn,Monday,4.01,43,1268.07,471.28
P-0066,Home,2024-12-23 20:16:10.754150832,89.11,121.65,138.09,19,255,0,Autumn,Monday,4.33,19,2311.35,618.26
P-0052,Grocery,2024-12-23 23:46:27.677535504,22.67,27.03,30.54,37,148,0,Autumn,Monday,4.11,37,1000.11,161.32
P-0055,Home,2024-12-24 03:16:44.600920184,107.84,162.74,164.64,28,38,0,Autumn,Tuesday,4.31,28,4556.72,1537.2
P-0053,Sports,2024-12-24 06:47:01.524304864,74.24,122.7,119.17,26,103,0,Autumn,Tuesday,4.46,26,3190.2,1259.96
P-0049,Home,2024-12-24 10:17:18.447689536,92.09,156.36,157.06,16,63,0,Autumn,Tuesday,3.44,16,2501.76,1028.32
P-0086,Home,2024-12-24 13:47:35.371074216,88.46,156.47,150.09,30,130,0,Autumn,Tuesday,4.49,30,4694.1,2040.3
P-0021,Sports,2024-12-24 17:17:52.294458896,62.07,78.31,79.27,29,72,0,Autumn,Tuesday,3.92,29,2270.99,470.96
P-0037,Home,2024-12-24 20:48:09.217843568,85.09,113.58,127.59,29,34,0,Autumn,Tuesday,4.33,29,3293.82,826.21
P-0010,Home,2024-12-25 00:18:26.141228248,89.19,105.11,112.5,42,57,1,Autumn,Wednesday,4.56,42,4414.62,668.64
P-0052,Grocery,2024-12-25 03:48:43.064612920,24.28,47.2,42.21,46,136,0,Autumn,Wednesday,4.56,46,2171.2,1054.32
P-0035,Electronics,2024-12-25 07:18:59.987997600,228.78,296.47,307.86,13,49,0,Autumn,Wednesday,4.16,13,3854.11,879.97
P-0021,Electronics,2024-12-25 10:49:16.911382280,202.12,308.56,322.11,17,21,0,Autumn,Wednesday,4.18,17,5245.52,1809.48
P-0055,Beauty,2024-12-25 14:19:33.834766952,52.78,75.66,82.54,21,83,0,Autumn,Wednesday,4.5,21,1588.86,480.48
P-0095,Home,2024-12-25 17:49:50.758151632,68.84,122.56,109.73,23,172,1,Autumn,Wednesday,3.42,23,2818.88,1235.56
P-0077,Home,2024-12-25 21:20:07.681536312,103.2,150.57,160.98,18,169,0,Autumn,Wednesday,3.67,18,2710.26,852.66
P-0013,Electronics,2024-12-26 00:50:24.604920984,186.62,317.53,306.72,13,110,0,Autumn,Thursday,3.97,13,4127.89,1701.83
P-0036,Home,2024-12-26 04:20:41.528305664,106.36,150.94,169.58,20,177,0,Autumn,Thursday,3.5,20,3018.8,891.6
P-0091,Home,2024-12-26 07:50:58.451690336,115.01,133.92,149.47,33,61,0,Autumn,Thursday,3.98,33,4419.36,624.03
P-0021,Electronics,2024-12-26 11:21:15.375075016,203.69,311.08,295.7,21,192,1,Autumn,Thursday,3.95,21,6532.68,2255.19
P-0090,Grocery,2024-12-26 14:51:32.298459696,20.07,32.13,31.12,19,19,0,Autumn,Thursday,4.14,19,610.47,229.14
P-0090,Grocery,2024-12-26 18:21:49.221844368,23.94,35.69,34.21,41,48,0,Autumn,Thursday,4.07,41,1463.29,481.75
P-0006,Electronics,2024-12-26 21:52:06.145229048,221.72,345.99,369.87,30,240,0,Autumn,Thursday,4.58,30,10379.7,3728.1
P-0099,Home,2024-12-27 01:22:23.068613720,90.2,143.48,128.52,38,129,1,Autumn,Friday,4.36,38,5452.24,2024.64
P-0078,Sports,2024-12-27 04:52:39.991998400,72.78,125.89,124.15,24,151,0,Autumn,Friday,4.07,24,3021.36,1274.64
P-0050,Beauty,2024-12-27 08:22:56.915383080,59.96,88.78,79.79,22,112,0,Autumn,Friday,3.95,22,1953.16,634.04
P-0034,Home,2024-12-27 11:53:13.838767752,102.56,157.77,171.6,22,173,0,Autumn,Friday,4.08,22,3470.94,1214.62
P-0047,Beauty,2024-12-27 15:23:30.762152432,51.95,68.58,70.18,28,198,0,Autumn,Friday,4.09,28,1920.24,465.64
P-0023,Electronics,2024-12-27 18:53:47.685537112,154.42,228.49,237.87,23,205,0,Autumn,Friday,5.0,23,5255.27,1703.61
P-0078,Grocery,2024-12-27 22:24:04.608921784,25.75,38.98,36.73,35,76,0,Autumn,Friday,3.44,35,1364.3,463.05
P-0041,Sports,2024-12-28 01:54:21.532306464,70.18,119.0,112.33,26,168,0,Autumn,Saturday,3.68,26,3094.0,1269.32
P-0045,Sports,2024-12-28 05:24:38.455691136,82.74,112.74,113.11,25,207,0,Autumn,Saturday,3.62,25,2818.5,750.0
P-0093,Home,2024-12-28 08:54:55.379075816,97.3,145.12,164.19,37,116,1,Autumn,Saturday,4.22,37,5369.44,1769.34
P-0005,Home,2024-12-28 12:25:12.302460496,66.29,95.69,103.78,44,108,1,Autumn,Saturday,4.2,44,4210.36,1293.6
P-0040,Electronics,2024-12-28 15:55:29.225845168,212.72,337.11,377.9,22,168,0,Autumn,Saturday,3.84,22,7416.42,2736.58
P-0061,Home,2024-12-28 19:25:46.149229848,102.82,182.84,168.78,25,155,0,Autumn,Saturday,4.5,25,4571.0,2000.5
P-0025,Home,2024-12-28 22:56:03.072614520,104.68,157.45,165.82,35,76,1,Autumn,Saturday,4.27,35,5510.75,1846.95
P-0018,Grocery,2024-12-29 02:26:19.995999200,24.45,37.89,41.71,36,249,0,Autumn,Sunday,4.52,36,1364.04,483.84
P-0053,Electronics,2024-12-29 05:56:36.919383880,143.57,189.92,196.81,36,152,1,Autumn,Sunday,4.64,36,6837.12,1668.6
P-0019,Sports,2024-12-29 09:26:53.842768552,96.35,138.35,153.97,17,153,0,Autumn,Sunday,3.14,17,2351.95,714.0
P-0041,Electronics,2024-12-29 12:57:10.766153232,223.81,365.49,327.82,13,65,0,Autumn,Sunday,4.41,13,4751.37,1841.84
P-0009,Electronics,2024-12-29 16:27:27.689537912,169.57,268.84,281.33,16,180,0,Autumn,Sunday,3.52,16,4301.44,1588.32
P-0002,Sports,2024-12-29 19:57:44.612922584,69.92,97.52,88.34,22,239,0,Autumn,Sunday,4.21,22,2145.44,607.2
P-0074,Grocery,2024-12-29 23:28:01.536307264,24.89,38.59,36.97,32,192,0,Autumn,Sunday,4.07,32,1234.88,438.4
P-0019,Home,2024-12-30 02:58:18.459691936,105.33,172.11,169.42,18,139,0,Autumn,Monday,4.09,18,3097.98,1202.04
P-0003,Beauty,2024-12-30 06:28:35.383076616,50.71,75.78,76.23,21,170,0,Autumn,Monday,3.56,21,1591.38,526.47
P-0002,Home,2024-12-30 09:58:52.306461296,107.55,155.19,148.51,22,72,0,Autumn,Monday,4.56,22,3414.18,1048.08
P-0057,Electronics,2024-12-30 13:29:09.229845968,149.76,235.53,225.45,11,29,0,Autumn,Monday,3.52,11,2590.83,943.47
P-0053,Beauty,2024-12-30 16:59:26.153230648,45.83,69.46,78.71,41,171,0,Autumn,Monday,4.44,41,2847.86,968.83
P-0059,Home,2024-12-30 20:29:43.076615320,63.62,95.25,86.76,15,59,0,Autumn,Monday,3.46,15,1428.75,474.45
P-0065,Beauty,2024-12-31 00:00:00.000000000,47.1,66.22,68.39,31,37,0,Autumn,Tuesday,4.09,31,2052.82,592.72
